verificationKey,type,description,datasetKey,taxonKey,scientificName
5666,native range,Africa,a12e2bf8-13ce-4d0b-b2d4-b1cd20450a63,180661135,"Gekkota (Cuvier, 1817)"
5666,native range,Asia,a12e2bf8-13ce-4d0b-b2d4-b1cd20450a63,180661135,"Gekkota (Cuvier, 1817)"
5666,native range,Australia and New Zealand,a12e2bf8-13ce-4d0b-b2d4-b1cd20450a63,180661135,"Gekkota (Cuvier, 1817)"
5666,native range,South America,a12e2bf8-13ce-4d0b-b2d4-b1cd20450a63,180661135,"Gekkota (Cuvier, 1817)"
1032262,native range,Southern Asia,1f3505cd-5d98-4e23-bd3b-ffe59d05d7c2,164301224,"Enderleinellus kumadai Kaneko, 1954"
1032377,native range,Southern Asia,1f3505cd-5d98-4e23-bd3b-ffe59d05d7c2,164301227,"Hoplopleura erismata Ferris, 1921"
1043717,native range,Australia and New Zealand,1f3505cd-5d98-4e23-bd3b-ffe59d05d7c2,164301260,"Cryptolaemus montrouzieri Mulsant, 1853"
1047536,native range,Northern America,1f3505cd-5d98-4e23-bd3b-ffe59d05d7c2,164301253,"Leptinotarsa decemlineata (Say, 1824)"
1152186,native range,Eastern Asia,1f3505cd-5d98-4e23-bd3b-ffe59d05d7c2,164301247,"Callidiellum rufipenne Niisato, 2007"
1311477,native range,Asia,1f3505cd-5d98-4e23-bd3b-ffe59d05d7c2,164301189,"Vespa velutina Lepeletier, 1836"
1314773,native range,Africa,1f3505cd-5d98-4e23-bd3b-ffe59d05d7c2,164301195,"Monomorium pharaonis (Linnaeus, 1758)"
1316908,native range,South America,1f3505cd-5d98-4e23-bd3b-ffe59d05d7c2,164301199,"Linepithema humile (Mayr, 1868)"
1319260,native range,Southeastern Asia,1f3505cd-5d98-4e23-bd3b-ffe59d05d7c2,164301214,"Tetraponera allaborans (Walker, 1859)"
1342324,native range,Northern America,1f3505cd-5d98-4e23-bd3b-ffe59d05d7c2,168131099,"Xylocopa virginica (Linnaeus, 1771)"
1422818,native range,Asia,1f3505cd-5d98-4e23-bd3b-ffe59d05d7c2,164301168,"Pseudagrion microcephalum Rambur, 1842"
1423286,native range,Africa,1f3505cd-5d98-4e23-bd3b-ffe59d05d7c2,164301170,"Ischnura senegalensis Rambur, 1842"
1423286,native range,Asia,1f3505cd-5d98-4e23-bd3b-ffe59d05d7c2,164301170,"Ischnura senegalensis Rambur, 1842"
1450317,native range,Asia,22211949-9a6e-445f-86c0-6a0e019bc055,181971942,"Telmatogeton japonicus Tokunaga, 1933"
1651430,native range,Asia,1f3505cd-5d98-4e23-bd3b-ffe59d05d7c2,164301104,Aedes albopictus Skuse
1652150,native range,Asia,1f3505cd-5d98-4e23-bd3b-ffe59d05d7c2,164301105,"Aedes koreicus (Edwards, 1917)"
1652212,native range,Asia,1f3505cd-5d98-4e23-bd3b-ffe59d05d7c2,164301106,"Aedes japonicus (Theobald, 1901)"
1690276,native range,Southern Europe,1f3505cd-5d98-4e23-bd3b-ffe59d05d7c2,164301279,"Eupholidoptera chabrieri (Charpentier, 1825)"
1690429,native range,Southern Europe,1f3505cd-5d98-4e23-bd3b-ffe59d05d7c2,164301277,"Meconema meridionale Costa & A., 1860"
1722140,native range,Southern Europe,1f3505cd-5d98-4e23-bd3b-ffe59d05d7c2,164301284,"Eumodicogryllus bordigalensis (Latreille, 1804)"
1722299,native range,Southeastern Asia,1f3505cd-5d98-4e23-bd3b-ffe59d05d7c2,164301287,"Gryllodes sigillatus (Walker & F., 1869)"
1728965,native range,Asia,1f3505cd-5d98-4e23-bd3b-ffe59d05d7c2,164301271,"Tachycines asynamorus Adelung, 1902"
1932752,native range,Southern Africa,1f3505cd-5d98-4e23-bd3b-ffe59d05d7c2,164301156,"Cacyreus marshalli Butler, 1898"
1941864,native range,Southern Europe,1f3505cd-5d98-4e23-bd3b-ffe59d05d7c2,164301153,"Paysandisia archon (Burmeister, 1880)"
2064632,native range,Northern America,1f3505cd-5d98-4e23-bd3b-ffe59d05d7c2,301213964,"Acanalonia conica (Say, 1830)"
2115769,native range,Asia,289244ee-e1c1-49aa-b2d7-d379391ce265,140562976,Austrominius modestus
2115769,native range,Australia and New Zealand,289244ee-e1c1-49aa-b2d7-d379391ce265,140562976,Austrominius modestus
2140406,native range,Africa,1f3505cd-5d98-4e23-bd3b-ffe59d05d7c2,164301008,"Triaeris stenaspis Simon, 1891"
2141241,native range,Northern America,1f3505cd-5d98-4e23-bd3b-ffe59d05d7c2,164300981,"Callobius nomeus (Chamberlin, 1919)"
2142456,native range,Africa,1f3505cd-5d98-4e23-bd3b-ffe59d05d7c2,164300993,"Uloborus plumipes Lucas, 1846"
2145078,native range,Northern Africa,1f3505cd-5d98-4e23-bd3b-ffe59d05d7c2,164300978,"Macrothele calpeiana (Walckenaer, 1805)"
2145078,native range,Southern Europe,1f3505cd-5d98-4e23-bd3b-ffe59d05d7c2,164300978,"Macrothele calpeiana (Walckenaer, 1805)"
2148040,native range,Central Asia,1f3505cd-5d98-4e23-bd3b-ffe59d05d7c2,164300975,"Thanatus vulgaris Simon, 1870"
2148040,native range,Eastern Asia,1f3505cd-5d98-4e23-bd3b-ffe59d05d7c2,164300975,"Thanatus vulgaris Simon, 1870"
2148040,native range,Northern Africa,1f3505cd-5d98-4e23-bd3b-ffe59d05d7c2,164300975,"Thanatus vulgaris Simon, 1870"
2148040,native range,Northern America,1f3505cd-5d98-4e23-bd3b-ffe59d05d7c2,164300975,"Thanatus vulgaris Simon, 1870"
2149679,native range,Northern Africa,1f3505cd-5d98-4e23-bd3b-ffe59d05d7c2,164301014,"Holocnemus pluchei (Scopoli, 1763)"
2149679,native range,Southern Europe,1f3505cd-5d98-4e23-bd3b-ffe59d05d7c2,164301014,"Holocnemus pluchei (Scopoli, 1763)"
2149761,native range,Eastern Asia,1f3505cd-5d98-4e23-bd3b-ffe59d05d7c2,164301020,"Micropholcus fauroti (Simon, 1887)"
2149761,native range,Eastern Europe,1f3505cd-5d98-4e23-bd3b-ffe59d05d7c2,164301020,"Micropholcus fauroti (Simon, 1887)"
2149847,native range,Western Asia,1f3505cd-5d98-4e23-bd3b-ffe59d05d7c2,164301018,"Spermophora senoculata (Dugès, 1836)"
2150043,native range,Africa,1f3505cd-5d98-4e23-bd3b-ffe59d05d7c2,164301011,"Crossopriza lyoni (Blackwall, 1867)"
2152793,native range,South America,1f3505cd-5d98-4e23-bd3b-ffe59d05d7c2,164301059,"Cupiennus getazi Simon, 1891"
2153791,native range,Western Asia,1f3505cd-5d98-4e23-bd3b-ffe59d05d7c2,164301064,"Chaetopelma olivaceum (C.L. Koch, 1841)"
2155557,native range,Africa,1f3505cd-5d98-4e23-bd3b-ffe59d05d7c2,164300972,"Selenops radiatus Latreille, 1819"
2155557,native range,Eastern Asia,1f3505cd-5d98-4e23-bd3b-ffe59d05d7c2,164300972,"Selenops radiatus Latreille, 1819"
2155557,native range,Southern Europe,1f3505cd-5d98-4e23-bd3b-ffe59d05d7c2,164300972,"Selenops radiatus Latreille, 1819"
2157203,native range,Northern Africa,1f3505cd-5d98-4e23-bd3b-ffe59d05d7c2,164301084,"Steatoda nobilis (Thorell, 1875)"
2157928,native range,Australia and New Zealand,1f3505cd-5d98-4e23-bd3b-ffe59d05d7c2,164301086,"Latrodectus hasselti Thorell, 1870"
2157942,native range,Northern America,1f3505cd-5d98-4e23-bd3b-ffe59d05d7c2,164301088,"Latrodectus hesperus Chamberlin & Ivie, 1935"
2157944,native range,Africa,1f3505cd-5d98-4e23-bd3b-ffe59d05d7c2,164301089,"Latrodectus geometricus C.L. Koch, 1841"
2161710,native range,Southern Asia,1f3505cd-5d98-4e23-bd3b-ffe59d05d7c2,164301035,"Heteropoda venatoria (Linnaeus, 1767)"
2162049,native range,Southern Europe,1f3505cd-5d98-4e23-bd3b-ffe59d05d7c2,164301032,"Olios argelasius (Walckenaer, 1806)"
2162464,native range,Southern Europe,1f3505cd-5d98-4e23-bd3b-ffe59d05d7c2,164301028,"Uroctea durandi (Latreille, 1809)"
2162525,native range,Northern Africa,1f3505cd-5d98-4e23-bd3b-ffe59d05d7c2,164301025,"Oecobius amboseli Shear & Benoit, 1974"
2164194,native range,Africa,1f3505cd-5d98-4e23-bd3b-ffe59d05d7c2,164301071,"Cheiracanthium furculatum Karsch, 1879"
2169430,native range,Northern Africa,1f3505cd-5d98-4e23-bd3b-ffe59d05d7c2,164301043,"Macaroeris nidicolens (Walckenaer, 1802)"
2171214,native range,Africa,1f3505cd-5d98-4e23-bd3b-ffe59d05d7c2,164301047,"Plexippus paykulli (Audouin, 1826)"
2172103,native range,Northern Africa,1f3505cd-5d98-4e23-bd3b-ffe59d05d7c2,164301039,"Heliophanus kochii Simon, 1868"
2172282,native range,Africa,1f3505cd-5d98-4e23-bd3b-ffe59d05d7c2,164301045,"Pellenes geniculatus (Simon, 1868)"
2172282,native range,Southern Europe,1f3505cd-5d98-4e23-bd3b-ffe59d05d7c2,164301045,"Pellenes geniculatus (Simon, 1868)"
2172282,native range,Western Asia,1f3505cd-5d98-4e23-bd3b-ffe59d05d7c2,164301045,"Pellenes geniculatus (Simon, 1868)"
2174528,native range,Northern America,1f3505cd-5d98-4e23-bd3b-ffe59d05d7c2,164301049,"Saitis barbipes (Simon, 1868)"
2174528,native range,South America,1f3505cd-5d98-4e23-bd3b-ffe59d05d7c2,164301049,"Saitis barbipes (Simon, 1868)"
2176858,native range,Eastern Asia,1f3505cd-5d98-4e23-bd3b-ffe59d05d7c2,164301041,"Philaeus chrysops (Poda, 1761)"
2177741,native range,Africa,1f3505cd-5d98-4e23-bd3b-ffe59d05d7c2,164301053,"Hasarius adansoni (Audouin, 1826)"
2204831,native range,Northern America,289244ee-e1c1-49aa-b2d7-d379391ce265,140562970,Synidotea laticauda
2206086,native range,Southern Europe,22211949-9a6e-445f-86c0-6a0e019bc055,181972011,"Proasellus meridianus (Racovitza, 1919)"
2215949,native range,Northern America,289244ee-e1c1-49aa-b2d7-d379391ce265,140562985,Melita nitida
2217982,native range,Northern America,289244ee-e1c1-49aa-b2d7-d379391ce265,140562989,Crangonyx pseudogracilis
2219149,native range,Asia,22211949-9a6e-445f-86c0-6a0e019bc055,181971965,"Grandidierella japonica Stephensen, 1938"
2219863,native range,Northern America,289244ee-e1c1-49aa-b2d7-d379391ce265,140562999,Gammarus tigrinus
2220312,native range,Eastern Europe,289244ee-e1c1-49aa-b2d7-d379391ce265,140562965,Hemimysis anomala
2220347,native range,Eastern Europe,289244ee-e1c1-49aa-b2d7-d379391ce265,140562964,Limnomysis benedeni
2220417,native range,Northern America,22211949-9a6e-445f-86c0-6a0e019bc055,181971949,"Neomysis americana (S.I.Smith, 1873)"
2224970,native range,Asia,22211949-9a6e-445f-86c0-6a0e019bc055,181971997,"Palaemon macrodactylus Rathbun, 1902"
2225646,native range,Northern America,289244ee-e1c1-49aa-b2d7-d379391ce265,140563016,Callinectes sapidus
2225772,native range,Asia,22211949-9a6e-445f-86c0-6a0e019bc055,181972003,"Hemigrapsus sanguineus (De Haan, 1835)"
2225772,native range,Northern America,289244ee-e1c1-49aa-b2d7-d379391ce265,140563011,Hemigrapsus sanguineus
2225776,native range,Asia,22211949-9a6e-445f-86c0-6a0e019bc055,181971994,"Eriocheir sinensis H.Milne Edwards, 1853"
2225776,native range,Southeastern Asia,289244ee-e1c1-49aa-b2d7-d379391ce265,140563012,Eriocheir sinensis
2226990,native range,Northern America,289244ee-e1c1-49aa-b2d7-d379391ce265,140563022,Pacifastacus leniusculus
2227289,native range,Northern America,289244ee-e1c1-49aa-b2d7-d379391ce265,308458148,Procambarus acutus
2227300,native range,Northern America,289244ee-e1c1-49aa-b2d7-d379391ce265,140563018,Procambarus clarkii
2227663,native range,Northern America,289244ee-e1c1-49aa-b2d7-d379391ce265,140563008,Rhithropanopeus harrisii
2284443,native range,Southern Asia,1f3505cd-5d98-4e23-bd3b-ffe59d05d7c2,164300694,Mastophorus
2286079,native range,Northern America,1738f272-6b5d-4f43-9a92-453a8c5ea50a,146042468,Crassostrea virginica (Gmelin 1791)
2286079,native range,South America,1738f272-6b5d-4f43-9a92-453a8c5ea50a,146042468,Crassostrea virginica (Gmelin 1791)
2286388,native range,Northern America,22211949-9a6e-445f-86c0-6a0e019bc055,181971896,"Mulinia lateralis (Say, 1822)"
2287072,native range,Asia,1738f272-6b5d-4f43-9a92-453a8c5ea50a,146042440,Dreissena polymorpha (Pallas 1771)
2287072,native range,Eastern Europe,289244ee-e1c1-49aa-b2d7-d379391ce265,140562946,Dreissena polymorpha
2287072,native range,Europe,1738f272-6b5d-4f43-9a92-453a8c5ea50a,146042440,Dreissena polymorpha (Pallas 1771)
2287073,native range,Asia,1738f272-6b5d-4f43-9a92-453a8c5ea50a,146042411,"Dreissena rostriformis bugensis (Andrusov, 1897)"
2287073,native range,Eastern Europe,289244ee-e1c1-49aa-b2d7-d379391ce265,140562945,Dreissena rostriformis bugensis
2287073,native range,Europe,1738f272-6b5d-4f43-9a92-453a8c5ea50a,146042411,"Dreissena rostriformis bugensis (Andrusov, 1897)"
2287076,native range,Africa,22211949-9a6e-445f-86c0-6a0e019bc055,181971899,"Mytilopsis leucophaeata (Conrad, 1831)"
2287076,native range,Northern America,289244ee-e1c1-49aa-b2d7-d379391ce265,140562944,Mytilopsis leucophaeata
2287249,native range,Northern America,289244ee-e1c1-49aa-b2d7-d379391ce265,140562922,Ensis directus
2287615,native range,Asia,1738f272-6b5d-4f43-9a92-453a8c5ea50a,146042471,"Petricola pholadiformis Lamarck, 1818"
2287615,native range,Northern America,289244ee-e1c1-49aa-b2d7-d379391ce265,140562949,Petricolaria pholadiformis
2287668,native range,Northern America,289244ee-e1c1-49aa-b2d7-d379391ce265,140562948,Mercenaria mercenaria
2288847,native range,Asia,1738f272-6b5d-4f43-9a92-453a8c5ea50a,146042479,Teredo navalis Linnaeus 1758
2288859,native range,Europe,1738f272-6b5d-4f43-9a92-453a8c5ea50a,146042451,"Psiloteredo megotara (Hanley in Forbes & Hanley, 1848)"
2288859,native range,Northern America,1738f272-6b5d-4f43-9a92-453a8c5ea50a,146042451,"Psiloteredo megotara (Hanley in Forbes & Hanley, 1848)"
2294131,native range,Eastern Africa,e082b10e-476f-43c1-aa61-f8d92f33029a,157062962,"Allopeas clavulinum (Potiez & Michaud, 1835)"
2294275,native range,Southern Europe,e082b10e-476f-43c1-aa61-f8d92f33029a,157063067,"Massylaea vermiculata (O.F. Müller, 1774)"
2294277,native range,Europe,1738f272-6b5d-4f43-9a92-453a8c5ea50a,146042426,"Theba pisana (Müller, 1774)"
2294277,native range,Northern Africa,e082b10e-476f-43c1-aa61-f8d92f33029a,157063085,"Theba pisana (O.F. Müller, 1774)"
2294277,native range,Southern Europe,e082b10e-476f-43c1-aa61-f8d92f33029a,157063085,"Theba pisana (O.F. Müller, 1774)"
2295309,native range,Northern America,e082b10e-476f-43c1-aa61-f8d92f33029a,157063256,"Hawaiia minuscula (Binney, 1841)"
2295425,native range,Northern America,e082b10e-476f-43c1-aa61-f8d92f33029a,157062947,"Zonitoides arboreus (Say, 1817)"
2296805,native range,Europe,1738f272-6b5d-4f43-9a92-453a8c5ea50a,146042390,"Trochoidea elegans (Gmelin, 1791)"
2296805,native range,Northern Africa,e082b10e-476f-43c1-aa61-f8d92f33029a,157063050,"Trochoidea elegans (Gmelin, 1791)"
2296805,native range,Southern Europe,e082b10e-476f-43c1-aa61-f8d92f33029a,157063050,"Trochoidea elegans (Gmelin, 1791)"
2296805,native range,Western Europe,e082b10e-476f-43c1-aa61-f8d92f33029a,157063050,"Trochoidea elegans (Gmelin, 1791)"
2296807,native range,Europe,1738f272-6b5d-4f43-9a92-453a8c5ea50a,146042484,"Cochlicella barbara (Linnaeus, 1758)"
2296807,native range,Southern Europe,e082b10e-476f-43c1-aa61-f8d92f33029a,157063103,"Cochlicella barbara (Linnaeus, 1758)"
2297108,native range,Europe,1738f272-6b5d-4f43-9a92-453a8c5ea50a,146042431,"Milax gagates (Draparnaud, 1801)"
2308541,native range,Northern America,289244ee-e1c1-49aa-b2d7-d379391ce265,140562902,Limnodrilus cervix
2308549,native range,Northern America,22211949-9a6e-445f-86c0-6a0e019bc055,181972039,"Limnodrilus maumeensis Brinkhurst & Cook, 1966"
2308574,native range,Asia,22211949-9a6e-445f-86c0-6a0e019bc055,181972036,"Branchiura sowerbyi Beddard, 1892"
2308574,native range,Eastern Asia,289244ee-e1c1-49aa-b2d7-d379391ce265,140562898,Branchiura sowerbyi
2308605,native range,Eastern Europe,289244ee-e1c1-49aa-b2d7-d379391ce265,140562899,Potamothrix vejdovskyi
2321010,native range,Northern America,289244ee-e1c1-49aa-b2d7-d379391ce265,140562907,Marenzelleria neglecta
2321012,native range,Northern America,289244ee-e1c1-49aa-b2d7-d379391ce265,140562906,Marenzelleria viridis
2327735,native range,Asia,289244ee-e1c1-49aa-b2d7-d379391ce265,140562910,Ficopomatus enigmaticus
2337607,native range,Asia,1738f272-6b5d-4f43-9a92-453a8c5ea50a,146042351,"Silurus glanis Linnaeus, 1758"
2337607,native range,Europe,1738f272-6b5d-4f43-9a92-453a8c5ea50a,146042351,"Silurus glanis Linnaeus, 1758"
2340977,native range,Northern America,98940a79-2bf1-46e6-afd6-ba2e85a26f9f,236182319,"Ameiurus melas (Rafinesque, 1820)"
2340989,native range,Northern America,98940a79-2bf1-46e6-afd6-ba2e85a26f9f,141117244,"Ameiurus nebulosus (Lesueur, 1819)"
2351064,native range,Europe,1738f272-6b5d-4f43-9a92-453a8c5ea50a,146042384,"Coregonus nasus Pallas, 1776"
2351064,native range,Northern America,1738f272-6b5d-4f43-9a92-453a8c5ea50a,146042384,"Coregonus nasus Pallas, 1776"
2351136,native range,Asia,1738f272-6b5d-4f43-9a92-453a8c5ea50a,146042317,"Coregonus peled (J. F. Gmelin, 1788)"
2351136,native range,Europe,1738f272-6b5d-4f43-9a92-453a8c5ea50a,146042317,"Coregonus peled (J. F. Gmelin, 1788)"
2351211,native range,Europe,1738f272-6b5d-4f43-9a92-453a8c5ea50a,146042345,"Coregonus lavaretus (Linnaeus, 1758)"
2351413,native range,Europe,1738f272-6b5d-4f43-9a92-453a8c5ea50a,146042377,"Hucho hucho (Linnaeus, 1758)"
2360504,native range,Eastern Europe,98940a79-2bf1-46e6-afd6-ba2e85a26f9f,236182352,"Vimba vimba (Linnaeus, 1758)"
2360504,native range,Europe,1738f272-6b5d-4f43-9a92-453a8c5ea50a,146042330,"Vimba vimba (Linnaeus, 1758)"
2362030,native range,Asia,98940a79-2bf1-46e6-afd6-ba2e85a26f9f,141117254,"Ctenopharyngodon idella (Valenciennes, 1844)"
2362030,native range,Europe,1738f272-6b5d-4f43-9a92-453a8c5ea50a,146042361,"Ctenopharyngodon idella (Valenciennes in Cuvier & Valenciennes, 1844)"
2362473,native range,Asia,98940a79-2bf1-46e6-afd6-ba2e85a26f9f,141117235,"Hypophthalmichthys molitrix (Valenciennes, 1844)"
2362486,native range,Asia,98940a79-2bf1-46e6-afd6-ba2e85a26f9f,141117249,"Hypophthalmichthys nobilis (Richardson, 1845)"
2362868,native range,Asia,98940a79-2bf1-46e6-afd6-ba2e85a26f9f,141117252,Pseudorasbora parva (Temminck & Schlegel 1846)
2362881,native range,Asia,1738f272-6b5d-4f43-9a92-453a8c5ea50a,146042356,"Leucaspius delineatus Heckel, 1843"
2362881,native range,Europe,1738f272-6b5d-4f43-9a92-453a8c5ea50a,146042356,"Leucaspius delineatus Heckel, 1843"
2366634,native range,Asia,98940a79-2bf1-46e6-afd6-ba2e85a26f9f,141117236,"Carassius gibelio (Bloch, 1782)"
2366634,native range,Eastern Europe,98940a79-2bf1-46e6-afd6-ba2e85a26f9f,141117236,"Carassius gibelio (Bloch, 1782)"
2366634,native range,Europe,1738f272-6b5d-4f43-9a92-453a8c5ea50a,146042333,"Carassius gibelio (Bloch, 1782)"
2367033,native range,Eastern Europe,98940a79-2bf1-46e6-afd6-ba2e85a26f9f,141117246,"Ballerus ballerus (Linnaeus, 1758)"
2367742,native range,Northern America,98940a79-2bf1-46e6-afd6-ba2e85a26f9f,141117237,Pimephales promelas Rafinesque 1820
2367919,native range,Asia,1f3505cd-5d98-4e23-bd3b-ffe59d05d7c2,164300706,"Misgurnus anguillicaudatus (Cantor, 1842)"
2374521,native range,Africa,1f3505cd-5d98-4e23-bd3b-ffe59d05d7c2,168131164,"Terapon jarbua (Forsskål, 1775)"
2374521,native range,Asia,98940a79-2bf1-46e6-afd6-ba2e85a26f9f,236182330,Terapon jarbua (Fabricius 1775)
2374521,native range,Australia and New Zealand,1f3505cd-5d98-4e23-bd3b-ffe59d05d7c2,168131164,"Terapon jarbua (Forsskål, 1775)"
2376461,native range,Asia,98940a79-2bf1-46e6-afd6-ba2e85a26f9f,236182345,Tridentiger bifasciatus Steindachner 1881
2379089,native range,Asia,1738f272-6b5d-4f43-9a92-453a8c5ea50a,146042344,"Neogobius melanostomus (Pallas, 1814)"
2379089,native range,Eastern Europe,98940a79-2bf1-46e6-afd6-ba2e85a26f9f,141117247,Neogobius melanostomus (Pallas 1814)
2379089,native range,Europe,1738f272-6b5d-4f43-9a92-453a8c5ea50a,146042344,"Neogobius melanostomus (Pallas, 1814)"
2379105,native range,Eastern Europe,98940a79-2bf1-46e6-afd6-ba2e85a26f9f,141117241,Neogobius fluviatilis (Pallas 1814)
2379245,native range,Asia,1738f272-6b5d-4f43-9a92-453a8c5ea50a,146042326,"Proterorhinus semilunaris (Heckel, 1837)"
2379245,native range,Eastern Europe,98940a79-2bf1-46e6-afd6-ba2e85a26f9f,143611964,Proterorhinus semilunaris (Heckel 1837)
2379245,native range,Europe,1738f272-6b5d-4f43-9a92-453a8c5ea50a,146042326,"Proterorhinus semilunaris (Heckel, 1837)"
2382155,native range,Asia,1738f272-6b5d-4f43-9a92-453a8c5ea50a,146042335,"Sander lucioperca (Linnaeus, 1758)"
2382155,native range,Eastern Europe,98940a79-2bf1-46e6-afd6-ba2e85a26f9f,141117242,"Sander lucioperca (Linnaeus, 1758)"
2382155,native range,Europe,1738f272-6b5d-4f43-9a92-453a8c5ea50a,146042335,"Sander lucioperca (Linnaeus, 1758)"
2393382,native range,Asia,98940a79-2bf1-46e6-afd6-ba2e85a26f9f,236182325,"Eleutheronema tetradactylum (Shaw, 1804)"
2394486,native range,Northern America,98940a79-2bf1-46e6-afd6-ba2e85a26f9f,141117243,"Lepomis gibbosus (Linnaeus, 1758)"
2394563,native range,Northern America,1738f272-6b5d-4f43-9a92-453a8c5ea50a,146042312,"Micropterus salmoides (Lacépède, 1802)"
2399874,native range,Northern America,98940a79-2bf1-46e6-afd6-ba2e85a26f9f,236182333,"Micropogonias undulatus (Linnaeus, 1766)"
2399874,native range,South America,1738f272-6b5d-4f43-9a92-453a8c5ea50a,181974248,"Micropogonias undulatus (Linnaeus, 1766)"
2402129,native range,Eastern Europe,98940a79-2bf1-46e6-afd6-ba2e85a26f9f,141117250,"Acipenser gueldenstaedtii Brandt & Ratzeburg, 1833"
2402168,native range,Eastern Europe,98940a79-2bf1-46e6-afd6-ba2e85a26f9f,141117255,"Acipenser ruthenus Linnaeus, 1758"
2422538,native range,Asia,a12e2bf8-13ce-4d0b-b2d4-b1cd20450a63,240043824,"Duttaphrynus melanostictus (Schneider, 1799)"
2423441,native range,Asia,a12e2bf8-13ce-4d0b-b2d4-b1cd20450a63,180661059,"Bombina orientalis (Boulenger, 1890)"
2426640,native range,Asia,a12e2bf8-13ce-4d0b-b2d4-b1cd20450a63,180661063,"Pelophylax cf bedriagae (Camerano, 1882)"
2426661,native range,Asia,a12e2bf8-13ce-4d0b-b2d4-b1cd20450a63,180661062,"Pelophylax ridibundus (Pallas, 1771)"
2427091,native range,Northern America,a12e2bf8-13ce-4d0b-b2d4-b1cd20450a63,180661065,"Lithobates catesbeianus (Shaw, 1802)"
2427555,native range,Northern Africa,a12e2bf8-13ce-4d0b-b2d4-b1cd20450a63,180661056,"Hyla meridionalis (Boettger, 1874)"
2431875,native range,Africa,a12e2bf8-13ce-4d0b-b2d4-b1cd20450a63,180661041,"Pleurodeles waltl Michahelles, 1830"
2431965,native range,Northern America,a12e2bf8-13ce-4d0b-b2d4-b1cd20450a63,180661031,"Ambystoma macrodactylum (Baird, 1849)"
2431993,native range,Northern America,a12e2bf8-13ce-4d0b-b2d4-b1cd20450a63,213158974,"Ambystoma tigrinum (Green, 1825)"
2432063,native range,Northern America,a12e2bf8-13ce-4d0b-b2d4-b1cd20450a63,180661034,"Siren intermedia (Barnes, 1826)"
2434552,native range,Asia,1738f272-6b5d-4f43-9a92-453a8c5ea50a,146042129,Nyctereutes procyonoides (Gray 1834)
2436886,native range,Northern America,1738f272-6b5d-4f43-9a92-453a8c5ea50a,146042155,Sylvilagus floridanus (J.A. Allen 1890)
2436886,native range,South America,1738f272-6b5d-4f43-9a92-453a8c5ea50a,146042155,Sylvilagus floridanus (J.A. Allen 1890)
2437394,native range,Asia,1738f272-6b5d-4f43-9a92-453a8c5ea50a,146042167,Callosciurus erythraeus (Pallas 1779)
2437450,native range,Asia,1738f272-6b5d-4f43-9a92-453a8c5ea50a,146042163,Tamias sibiricus (Laxmann 1769)
2437450,native range,Europe,1738f272-6b5d-4f43-9a92-453a8c5ea50a,146042163,Tamias sibiricus (Laxmann 1769)
2439261,native range,Asia,1738f272-6b5d-4f43-9a92-453a8c5ea50a,146042175,Rattus norvegicus (Berkenhout 1769)
2439838,native range,Northern America,1738f272-6b5d-4f43-9a92-453a8c5ea50a,146042161,Castor canadensis Kuhl 1820
2441461,native range,Africa,a12e2bf8-13ce-4d0b-b2d4-b1cd20450a63,180661235,"Testudo graeca (Linnaeus, 1758)"
2441461,native range,Asia,a12e2bf8-13ce-4d0b-b2d4-b1cd20450a63,180661235,"Testudo graeca (Linnaeus, 1758)"
2441533,native range,Africa,a12e2bf8-13ce-4d0b-b2d4-b1cd20450a63,180661233,"Centrochelys sulcata (Miller, 1779)"
2441658,native range,Africa,a12e2bf8-13ce-4d0b-b2d4-b1cd20450a63,180661234,"Testudo (Linnaeus, 1758)"
2441658,native range,Asia,a12e2bf8-13ce-4d0b-b2d4-b1cd20450a63,180661234,"Testudo (Linnaeus, 1758)"
2441905,native range,Northern America,a12e2bf8-13ce-4d0b-b2d4-b1cd20450a63,180661197,"Chelydra serpentina (Linnaeus, 1758)"
2442664,native range,Northern America,a12e2bf8-13ce-4d0b-b2d4-b1cd20450a63,180661199,"Apalone (Rafinesque, 1832)"
2442665,native range,Northern America,a12e2bf8-13ce-4d0b-b2d4-b1cd20450a63,180661201,"Apalone ferox (Schneider, 1783)"
2442843,native range,Northern America,a12e2bf8-13ce-4d0b-b2d4-b1cd20450a63,180661209,"Pseudemys nelsoni (Carr, 1938)"
2443002,native range,Northern America,a12e2bf8-13ce-4d0b-b2d4-b1cd20450a63,180661218,"Trachemys scripta (Thunberg In Schoepff, 1792)"
2443074,native range,Northern America,a12e2bf8-13ce-4d0b-b2d4-b1cd20450a63,180661226,"Graptemys geographica (Lesueur, 1817)"
2443079,native range,Northern America,a12e2bf8-13ce-4d0b-b2d4-b1cd20450a63,180661228,"Graptemys ouachitensis (Cagle, 1953)"
2443133,native range,Northern America,a12e2bf8-13ce-4d0b-b2d4-b1cd20450a63,180661223,"Chrysemys picta (Schneider, 1783)"
2443173,native range,Northern America,a12e2bf8-13ce-4d0b-b2d4-b1cd20450a63,180661211,"Terrapene carolina (Linnaeus, 1758)"
2443339,native range,Asia,a12e2bf8-13ce-4d0b-b2d4-b1cd20450a63,180661213,"Mauremys (Gray, 1869)"
2443597,native range,Asia,a12e2bf8-13ce-4d0b-b2d4-b1cd20450a63,180661214,"Mauremys reevesii (Gray, 1831)"
2443876,native range,Asia,a12e2bf8-13ce-4d0b-b2d4-b1cd20450a63,180661110,"Echis carinatus (Schneider, 1801)"
2444141,native range,South America,a12e2bf8-13ce-4d0b-b2d4-b1cd20450a63,180661122,"Boa (Linnaeus, 1758)"
2444221,native range,Northern America,a12e2bf8-13ce-4d0b-b2d4-b1cd20450a63,180661141,"Sistrurus (Garman, 1884)"
2444356,native range,Northern America,a12e2bf8-13ce-4d0b-b2d4-b1cd20450a63,180661143,"Crotalus atrox (Baird & Girard, 1853)"
2445034,native range,Africa,a12e2bf8-13ce-4d0b-b2d4-b1cd20450a63,180661116,"Tarentola mauritanica (Linnaeus, 1758)"
2445496,native range,Africa,a12e2bf8-13ce-4d0b-b2d4-b1cd20450a63,180661139,"Pachydactylus (Wiegmann, 1834)"
2447367,native range,Asia,a12e2bf8-13ce-4d0b-b2d4-b1cd20450a63,180661119,"Gekko gecko (Linnaeus, 1758)"
2447418,native range,Africa,a12e2bf8-13ce-4d0b-b2d4-b1cd20450a63,180661137,"Phelsuma (Gray, 1825)"
2449133,native range,Asia,a12e2bf8-13ce-4d0b-b2d4-b1cd20450a63,180661158,"Chamaeleo calyptratus (Duméril & Bibron, 1851)"
2453826,native range,Northern America,a12e2bf8-13ce-4d0b-b2d4-b1cd20450a63,180661178,"Pituophis catenifer (Blainville, 1835)"
2453882,native range,Africa,a12e2bf8-13ce-4d0b-b2d4-b1cd20450a63,180661112,"Boaedon (Duméril, Bibron and Duméril, 1854)"
2454645,native range,Africa,a12e2bf8-13ce-4d0b-b2d4-b1cd20450a63,180661090,"Python (Daudin, 1803)"
2454645,native range,Asia,a12e2bf8-13ce-4d0b-b2d4-b1cd20450a63,180661090,"Python (Daudin, 1803)"
2454645,native range,Australia and New Zealand,a12e2bf8-13ce-4d0b-b2d4-b1cd20450a63,180661090,"Python (Daudin, 1803)"
2455615,native range,Northern America,a12e2bf8-13ce-4d0b-b2d4-b1cd20450a63,180661174,"Pantherophis guttatus (Linnaeus, 1766)"
2455676,native range,Northern America,a12e2bf8-13ce-4d0b-b2d4-b1cd20450a63,180661173,"Pantherophis obsoletus (Say, 1823)"
2457224,native range,Asia,a12e2bf8-13ce-4d0b-b2d4-b1cd20450a63,213159066,"Dolichophis caspius (Gmelin, 1789)"
2457378,native range,Africa,a12e2bf8-13ce-4d0b-b2d4-b1cd20450a63,180661113,"Rhamphiophis (Peters, 1854)"
2457522,native range,Northern America,a12e2bf8-13ce-4d0b-b2d4-b1cd20450a63,213159078,"Thamnophis sirtalis (Linnaeus, 1758)"
2457577,native range,Northern America,a12e2bf8-13ce-4d0b-b2d4-b1cd20450a63,213159022,"Thamnophis saurita (Linnaeus, 1766)"
2457825,native range,South America,a12e2bf8-13ce-4d0b-b2d4-b1cd20450a63,180661180,"Thamnophis (Fitzinger, 1843)"
2458374,native range,Asia,a12e2bf8-13ce-4d0b-b2d4-b1cd20450a63,213159073,"Zamenis situla (Linnaeus, 1758)"
2458386,native range,Asia,a12e2bf8-13ce-4d0b-b2d4-b1cd20450a63,180661182,"Elaphe sauromates (Pallas, 1814)"
2458438,native range,Asia,a12e2bf8-13ce-4d0b-b2d4-b1cd20450a63,180661184,"Elaphe schrenckii (Strauch, 1873)"
2458538,native range,Asia,a12e2bf8-13ce-4d0b-b2d4-b1cd20450a63,180661169,"Zamenis longissimus (Laurenti, 1768)"
2459658,native range,South America,a12e2bf8-13ce-4d0b-b2d4-b1cd20450a63,180661105,"Iguana iguana (Linnaeus, 1758)"
2459675,native range,South America,a12e2bf8-13ce-4d0b-b2d4-b1cd20450a63,180661103,"Iguana (Laurenti, 1768)"
2464899,native range,South America,a12e2bf8-13ce-4d0b-b2d4-b1cd20450a63,180661124,"Boa constrictor (Linnaeus, 1758)"
2465003,native range,Australia and New Zealand,a12e2bf8-13ce-4d0b-b2d4-b1cd20450a63,180661096,"Antaresia childreni (Gray, 1842)"
2465369,native range,Asia,a12e2bf8-13ce-4d0b-b2d4-b1cd20450a63,180661092,"Python molurus (Linnaeus, 1758)"
2465380,native range,Africa,a12e2bf8-13ce-4d0b-b2d4-b1cd20450a63,180661094,"Python regius (Shaw, 1802)"
2465402,native range,Asia,a12e2bf8-13ce-4d0b-b2d4-b1cd20450a63,180661152,"Physignathus cocincinus (Cuvier, 1829)"
2465626,native range,Australia and New Zealand,a12e2bf8-13ce-4d0b-b2d4-b1cd20450a63,180661147,"Pogona (Storr, 1982)"
2465641,native range,Australia and New Zealand,a12e2bf8-13ce-4d0b-b2d4-b1cd20450a63,180661148,"Pogona vitticeps (Ahl, 1926)"
2465649,native range,Australia and New Zealand,a12e2bf8-13ce-4d0b-b2d4-b1cd20450a63,180661150,"Pogona henrylawsoni (Wells and Wellington, 1985)"
2466496,native range,Asia,a12e2bf8-13ce-4d0b-b2d4-b1cd20450a63,180661153,"Calotes (Cuvier, 1817)"
2470656,native range,Africa,a12e2bf8-13ce-4d0b-b2d4-b1cd20450a63,180661074,"Varanus niloticus (Linnaeus, 1766)"
2473221,native range,Africa,a12e2bf8-13ce-4d0b-b2d4-b1cd20450a63,213159025,"Blanus (Wagler, 1830)"
2473221,native range,Asia,a12e2bf8-13ce-4d0b-b2d4-b1cd20450a63,213159025,"Blanus (Wagler, 1830)"
2473341,native range,Africa,e1c3be64-2799-4342-8312-49d076993132,159498394,"Numida meleagris (Linnaeus, 1758)"
2473421,native range,Europe,e1c3be64-2799-4342-8312-49d076993132,159498423,"Lagopus lagopus (Linnaeus, 1758)"
2473421,native range,Northern America,e1c3be64-2799-4342-8312-49d076993132,159498423,"Lagopus lagopus (Linnaeus, 1758)"
2473477,native range,Eastern Asia,e1c3be64-2799-4342-8312-49d076993132,159498402,"Syrmaticus reevesii (J.E.Gray, 1829)"
2474029,native range,Asia,e1c3be64-2799-4342-8312-49d076993132,159498414,"Alectoris chukar (J.E.Gray, 1830)"
2474051,native range,Europe,e1c3be64-2799-4342-8312-49d076993132,159498413,"Alectoris rufa (Linnaeus, 1758)"
2474055,native range,Southern Europe,e1c3be64-2799-4342-8312-49d076993132,159498412,"Alectoris graeca (Meisner, 1804)"
2474162,native range,Eastern Asia,e1c3be64-2799-4342-8312-49d076993132,159498426,"Coturnix japonica Temminck & Schlegel, 1849"
2474416,native range,Africa,e1c3be64-2799-4342-8312-49d076993132,159498462,"Porphyrio porphyrio (Linnaeus, 1758)"
2474416,native range,Europe,e1c3be64-2799-4342-8312-49d076993132,159498462,"Porphyrio porphyrio (Linnaeus, 1758)"
2474936,native range,Asia,e1c3be64-2799-4342-8312-49d076993132,159498471,"Anthropoides virgo (Linnaeus, 1758)"
2474937,native range,Africa,e1c3be64-2799-4342-8312-49d076993132,159498470,"Anthropoides paradiseus (A.A.H.Lichtenstein, 1793)"
2474942,native range,Central Asia,e1c3be64-2799-4342-8312-49d076993132,159498466,"Grus vipio Pallas, 1811"
2474942,native range,Eastern Asia,e1c3be64-2799-4342-8312-49d076993132,159498466,"Grus vipio Pallas, 1811"
2474944,native range,Eastern Asia,e1c3be64-2799-4342-8312-49d076993132,159498465,"Grus japonensis (Statius Muller, 1776)"
2475212,native range,Africa,e1c3be64-2799-4342-8312-49d076993132,159498310,"Crinifer zonurus (Rüppell, 1835)"
2475373,native range,Africa,e1c3be64-2799-4342-8312-49d076993132,159498320,"Coracias abyssinicus Hermann, 1783"
2475648,native range,Australia and New Zealand,e1c3be64-2799-4342-8312-49d076993132,159498325,"Dacelo novaeguineae (Hermann, 1783)"
2475679,native range,Africa,e1c3be64-2799-4342-8312-49d076993132,159498323,"Ceryle rudis (Linnaeus, 1758)"
2475679,native range,Southeastern Asia,e1c3be64-2799-4342-8312-49d076993132,159498323,"Ceryle rudis (Linnaeus, 1758)"
2475679,native range,Southern Asia,e1c3be64-2799-4342-8312-49d076993132,159498323,"Ceryle rudis (Linnaeus, 1758)"
2475679,native range,Western Asia,e1c3be64-2799-4342-8312-49d076993132,159498323,"Ceryle rudis (Linnaeus, 1758)"
2476041,native range,Eastern Africa,e1c3be64-2799-4342-8312-49d076993132,159498294,"Bucorvus leadbeateri (Vigors, 1825)"
2476041,native range,Middle Africa,e1c3be64-2799-4342-8312-49d076993132,159498294,"Bucorvus leadbeateri (Vigors, 1825)"
2476041,native range,Southern Africa,e1c3be64-2799-4342-8312-49d076993132,159498294,"Bucorvus leadbeateri (Vigors, 1825)"
2479226,native range,Eastern Africa,e1c3be64-2799-4342-8312-49d076993132,159498495,"Psittacula krameri (Scopoli, 1769)"
2479226,native range,Middle Africa,e1c3be64-2799-4342-8312-49d076993132,159498495,"Psittacula krameri (Scopoli, 1769)"
2479226,native range,Southern Asia,e1c3be64-2799-4342-8312-49d076993132,159498495,"Psittacula krameri (Scopoli, 1769)"
2479226,native range,Western Africa,e1c3be64-2799-4342-8312-49d076993132,159498495,"Psittacula krameri (Scopoli, 1769)"
2479308,native range,Australia and New Zealand,e1c3be64-2799-4342-8312-49d076993132,159498523,"Platycercus adscitus (Latham, 1790)"
2479320,native range,Australia and New Zealand,e1c3be64-2799-4342-8312-49d076993132,159498522,"Platycercus icterotis (Temminck & Kuhl, 1820)"
2479407,native range,South America,e1c3be64-2799-4342-8312-49d076993132,159498506,"Myiopsitta monachus (Boddaert, 1783)"
2479498,native range,Australia and New Zealand,e1c3be64-2799-4342-8312-49d076993132,159498503,"Polytelis anthopeplus (Lear, 1831)"
2479501,native range,Australia and New Zealand,e1c3be64-2799-4342-8312-49d076993132,159498504,"Polytelis swainsonii (Desmarest, 1826)"
2479544,native range,Eastern Africa,e1c3be64-2799-4342-8312-49d076993132,159498515,Agapornis fischeri
2479550,native range,Southern Africa,e1c3be64-2799-4342-8312-49d076993132,159498514,"Agapornis roseicollis (Stanley, 1814)"
2479553,native range,Africa,e1c3be64-2799-4342-8312-49d076993132,159498513,"Agapornis personatus Reichenow, 1887"
2479555,native range,Eastern Africa,e1c3be64-2799-4342-8312-49d076993132,159498516,"Agapornis canus (Gmelin, 1788)"
2479598,native range,Australia and New Zealand,e1c3be64-2799-4342-8312-49d076993132,159498477,"Cacatua roseicapilla Vieillot, 1817"
2479612,native range,Central America,e1c3be64-2799-4342-8312-49d076993132,159498500,"Amazona ochrocephala (Gmelin, 1788)"
2479612,native range,South America,e1c3be64-2799-4342-8312-49d076993132,159498500,"Amazona ochrocephala (Gmelin, 1788)"
2479666,native range,South America,e1c3be64-2799-4342-8312-49d076993132,159498501,"Amazona amazonica (Linnaeus, 1766)"
2479686,native range,Southeastern Asia,e1c3be64-2799-4342-8312-49d076993132,159498483,"Trichoglossus haematodus (Linnaeus, 1771)"
2479851,native range,South America,e1c3be64-2799-4342-8312-49d076993132,159498475,"Pyrrhura perlata (von Spix, 1824)"
2479955,native range,Africa,e1c3be64-2799-4342-8312-49d076993132,159498486,"Poicephalus cryptoxanthus (W.Peters, 1854)"
2480075,native range,Australia and New Zealand,e1c3be64-2799-4342-8312-49d076993132,159498488,"Eclectus roratus (Statius Muller, 1776)"
2480075,native range,Southeastern Asia,e1c3be64-2799-4342-8312-49d076993132,159498488,"Eclectus roratus (Statius Muller, 1776)"
2480102,native range,South America,e1c3be64-2799-4342-8312-49d076993132,159498518,"Nandayus nenday (Vieillot, 1823)"
2480350,native range,Africa,e1c3be64-2799-4342-8312-49d076993132,159498441,"Pelecanus onocrotalus Linnaeus, 1758"
2480350,native range,Eastern Europe,e1c3be64-2799-4342-8312-49d076993132,159498441,"Pelecanus onocrotalus Linnaeus, 1758"
2480410,native range,Central America,e1c3be64-2799-4342-8312-49d076993132,159498365,"Parabuteo unicinctus (Temminck, 1824)"
2480410,native range,South America,e1c3be64-2799-4342-8312-49d076993132,159498365,"Parabuteo unicinctus (Temminck, 1824)"
2480445,native range,Eastern Europe,e1c3be64-2799-4342-8312-49d076993132,159498360,"Haliaeetus pelagicus (Pallas, 1811)"
2480446,native range,Northern America,e1c3be64-2799-4342-8312-49d076993132,159498359,"Haliaeetus leucocephalus (Linnaeus, 1766)"
2480454,native range,Africa,e1c3be64-2799-4342-8312-49d076993132,159498361,"Haliaeetus vocifer (Daudin, 1800)"
2480514,native range,Africa,e1c3be64-2799-4342-8312-49d076993132,159498363,"Aquila rapax (Temminck, 1828)"
2480514,native range,Southern Asia,e1c3be64-2799-4342-8312-49d076993132,159498363,"Aquila rapax (Temminck, 1828)"
2480542,native range,Central America,e1c3be64-2799-4342-8312-49d076993132,159498368,"Buteo jamaicensis (Gmelin, 1788)"
2480542,native range,Northern America,e1c3be64-2799-4342-8312-49d076993132,159498368,"Buteo jamaicensis (Gmelin, 1788)"
2480568,native range,Eastern Africa,e1c3be64-2799-4342-8312-49d076993132,159498367,"Buteo auguralis Salvadori, 1865"
2480568,native range,Middle Africa,e1c3be64-2799-4342-8312-49d076993132,159498367,"Buteo auguralis Salvadori, 1865"
2480568,native range,Western Africa,e1c3be64-2799-4342-8312-49d076993132,159498367,"Buteo auguralis Salvadori, 1865"
2480762,native range,Africa,e1c3be64-2799-4342-8312-49d076993132,159498372,"Pluvianus aegyptius (Linnaeus, 1758)"
2480764,native range,Africa,e1c3be64-2799-4342-8312-49d076993132,159498453,"Threskiornis aethiopicus (Latham, 1790)"
2480764,native range,Western Asia,e1c3be64-2799-4342-8312-49d076993132,159498453,"Threskiornis aethiopicus (Latham, 1790)"
2480766,native range,Australia and New Zealand,e1c3be64-2799-4342-8312-49d076993132,159498452,"Threskiornis spinicollis (Jameson, 1835)"
2480770,native range,Africa,e1c3be64-2799-4342-8312-49d076993132,159498451,"Geronticus eremita (Linnaeus, 1758)"
2480786,native range,South America,e1c3be64-2799-4342-8312-49d076993132,159498447,"Theristicus melanopis (Gmelin, 1789)"
2480800,native range,Africa,e1c3be64-2799-4342-8312-49d076993132,159498449,"Platalea alba Scopoli, 1786"
2480897,native range,Australia and New Zealand,e1c3be64-2799-4342-8312-49d076993132,159498434,"Egretta novaehollandiae (Latham, 1790)"
2480897,native range,Southeastern Asia,e1c3be64-2799-4342-8312-49d076993132,159498434,"Egretta novaehollandiae (Latham, 1790)"
2481092,native range,South America,e1c3be64-2799-4342-8312-49d076993132,159498386,"Phalcoboenus megalopterus (Meyen, 1834)"
2481104,native range,Africa,e1c3be64-2799-4342-8312-49d076993132,159498329,"Phoeniconaias minor (É.Geoffroy Saint-Hilaire, 1798)"
2481110,native range,South America,e1c3be64-2799-4342-8312-49d076993132,159498331,"Phoenicopterus chilensis Molina, 1782"
2481875,native range,Central America,e1c3be64-2799-4342-8312-49d076993132,159498430,"Phalacrocorax auritus (Lesson, 1831)"
2481875,native range,Northern America,e1c3be64-2799-4342-8312-49d076993132,159498430,"Phalacrocorax auritus (Lesson, 1831)"
2481936,native range,Africa,e1c3be64-2799-4342-8312-49d076993132,159498302,"Mycteria ibis (Linnaeus, 1766)"
2482478,native range,Africa,e1c3be64-2799-4342-8312-49d076993132,159498674,"Corvus albicollis Latham, 1790"
2482499,native range,Southeastern Asia,e1c3be64-2799-4342-8312-49d076993132,159498675,"Corvus splendens Vieillot, 1817"
2482499,native range,Southern Asia,e1c3be64-2799-4342-8312-49d076993132,159498675,"Corvus splendens Vieillot, 1817"
2482519,native range,Eastern Africa,e1c3be64-2799-4342-8312-49d076993132,159498673,"Corvus albus Statius Muller, 1776"
2482519,native range,Middle Africa,e1c3be64-2799-4342-8312-49d076993132,159498673,"Corvus albus Statius Muller, 1776"
2482519,native range,Southern Africa,e1c3be64-2799-4342-8312-49d076993132,159498673,"Corvus albus Statius Muller, 1776"
2482519,native range,Western Africa,e1c3be64-2799-4342-8312-49d076993132,159498673,"Corvus albus Statius Muller, 1776"
2484155,native range,Northern America,e1c3be64-2799-4342-8312-49d076993132,159498688,"Quiscalus quiscula Linnaeus, 1758"
2484608,native range,Eastern Asia,e1c3be64-2799-4342-8312-49d076993132,159498625,"Bombycilla japonica (Siebold, 1824)"
2486131,native range,Southeastern Asia,e1c3be64-2799-4342-8312-49d076993132,159498640,"Pycnonotus cafer (Linnaeus, 1766)"
2486131,native range,Southern Asia,e1c3be64-2799-4342-8312-49d076993132,159498640,"Pycnonotus cafer (Linnaeus, 1766)"
2486132,native range,Southern Asia,e1c3be64-2799-4342-8312-49d076993132,159498639,"Pycnonotus leucotis (Gould, 1836)"
2486132,native range,Western Asia,e1c3be64-2799-4342-8312-49d076993132,159498639,"Pycnonotus leucotis (Gould, 1836)"
2486147,native range,Africa,e1c3be64-2799-4342-8312-49d076993132,159498638,"Pycnonotus barbatus (Desfontaines, 1789)"
2486151,native range,Southeastern Asia,e1c3be64-2799-4342-8312-49d076993132,159498637,"Pycnonotus jocosus (Linnaeus, 1758)"
2486151,native range,Southern Asia,e1c3be64-2799-4342-8312-49d076993132,159498637,"Pycnonotus jocosus (Linnaeus, 1758)"
2488960,native range,Africa,e1c3be64-2799-4342-8312-49d076993132,159498678,"Oriolus auratus Vieillot, 1817"
2489004,native range,Southern Asia,e1c3be64-2799-4342-8312-49d076993132,159498732,"Acridotheres ginginianus (Latham, 1790)"
2489005,native range,Central Asia,e1c3be64-2799-4342-8312-49d076993132,159498733,"Acridotheres tristis (Linnaeus, 1766)"
2489005,native range,Southeastern Asia,e1c3be64-2799-4342-8312-49d076993132,159498733,"Acridotheres tristis (Linnaeus, 1766)"
2489005,native range,Southern Asia,e1c3be64-2799-4342-8312-49d076993132,159498733,"Acridotheres tristis (Linnaeus, 1766)"
2489010,native range,Eastern Asia,e1c3be64-2799-4342-8312-49d076993132,159498731,"Acridotheres cristatellus (Linnaeus, 1758)"
2489010,native range,Southeastern Asia,e1c3be64-2799-4342-8312-49d076993132,159498731,"Acridotheres cristatellus (Linnaeus, 1758)"
2489071,native range,Africa,e1c3be64-2799-4342-8312-49d076993132,159498739,"Lamprotornis chalybaeus Hemprich & Ehrenberg, 1828"
2489073,native range,Africa,e1c3be64-2799-4342-8312-49d076993132,159498741,"Lamprotornis nitens (Linnaeus, 1766)"
2489075,native range,Africa,e1c3be64-2799-4342-8312-49d076993132,159498742,"Lamprotornis superbus Rüppell, 1845"
2489089,native range,Africa,e1c3be64-2799-4342-8312-49d076993132,159498740,"Lamprotornis splendidus (Vieillot, 1822)"
2489362,native range,Eastern Asia,e1c3be64-2799-4342-8312-49d076993132,159498622,"Zosterops palpebrosus (Temminck, 1824)"
2489362,native range,Southeastern Asia,e1c3be64-2799-4342-8312-49d076993132,159498622,"Zosterops palpebrosus (Temminck, 1824)"
2489362,native range,Southern Asia,e1c3be64-2799-4342-8312-49d076993132,159498622,"Zosterops palpebrosus (Temminck, 1824)"
2489450,native range,Australia and New Zealand,e1c3be64-2799-4342-8312-49d076993132,159498693,"Gymnorhina tibicen (Latham, 1802)"
2489450,native range,Southeastern Asia,e1c3be64-2799-4342-8312-49d076993132,159498693,"Gymnorhina tibicen (Latham, 1802)"
2492081,native range,South America,e1c3be64-2799-4342-8312-49d076993132,159498631,"Paroaria coronata (J.F.Miller, 1776)"
2493447,native range,Eastern Asia,e1c3be64-2799-4342-8312-49d076993132,159498646,"Garrulax leucolophus (Hardwicke, 1816)"
2493447,native range,Southern Asia,e1c3be64-2799-4342-8312-49d076993132,159498646,"Garrulax leucolophus (Hardwicke, 1816)"
2493598,native range,Eastern Asia,e1c3be64-2799-4342-8312-49d076993132,159498720,"Lonchura punctulata (Linnaeus, 1758)"
2493598,native range,Southeastern Asia,e1c3be64-2799-4342-8312-49d076993132,159498720,"Lonchura punctulata (Linnaeus, 1758)"
2493598,native range,Southern Asia,e1c3be64-2799-4342-8312-49d076993132,159498720,"Lonchura punctulata (Linnaeus, 1758)"
2493618,native range,Southeastern Asia,e1c3be64-2799-4342-8312-49d076993132,159498721,"Lonchura striata domestica (Linnaeus, 1766)"
2493618,native range,Southern Asia,e1c3be64-2799-4342-8312-49d076993132,159498721,"Lonchura striata domestica (Linnaeus, 1766)"
2493660,native range,Eastern Africa,e1c3be64-2799-4342-8312-49d076993132,159498711,"Estrilda astrild (Linnaeus, 1758)"
2493660,native range,Middle Africa,e1c3be64-2799-4342-8312-49d076993132,159498711,"Estrilda astrild (Linnaeus, 1758)"
2493660,native range,Southern Africa,e1c3be64-2799-4342-8312-49d076993132,159498711,"Estrilda astrild (Linnaeus, 1758)"
2493660,native range,Western Africa,e1c3be64-2799-4342-8312-49d076993132,159498711,"Estrilda astrild (Linnaeus, 1758)"
2493697,native range,Africa,e1c3be64-2799-4342-8312-49d076993132,159498715,"Amandava subflava (Vieillot, 1819)"
2493698,native range,Southeastern Asia,e1c3be64-2799-4342-8312-49d076993132,159498716,"Amandava amandava (Linnaeus, 1758)"
2493698,native range,Southern Asia,e1c3be64-2799-4342-8312-49d076993132,159498716,"Amandava amandava (Linnaeus, 1758)"
2493739,native range,Australia and New Zealand,e1c3be64-2799-4342-8312-49d076993132,159498726,"Neochmia ruficauda (Gould, 1837)"
2494066,native range,Eastern Africa,e1c3be64-2799-4342-8312-49d076993132,159498708,"Ploceus jacksoni Shelley, 1888"
2494070,native range,Eastern Africa,e1c3be64-2799-4342-8312-49d076993132,159498707,"Ploceus melanocephalus (Linnaeus, 1758)"
2494070,native range,Middle Africa,e1c3be64-2799-4342-8312-49d076993132,159498707,"Ploceus melanocephalus (Linnaeus, 1758)"
2494070,native range,Southern Africa,e1c3be64-2799-4342-8312-49d076993132,159498707,"Ploceus melanocephalus (Linnaeus, 1758)"
2494070,native range,Western Africa,e1c3be64-2799-4342-8312-49d076993132,159498707,"Ploceus melanocephalus (Linnaeus, 1758)"
2494086,native range,Africa,e1c3be64-2799-4342-8312-49d076993132,159498705,"Euplectes franciscanus (Isert, 1789)"
2494088,native range,Eastern Africa,e1c3be64-2799-4342-8312-49d076993132,159498702,"Euplectes orix (Linnaeus, 1758)"
2494088,native range,Middle Africa,e1c3be64-2799-4342-8312-49d076993132,159498702,"Euplectes orix (Linnaeus, 1758)"
2494088,native range,Southern Africa,e1c3be64-2799-4342-8312-49d076993132,159498702,"Euplectes orix (Linnaeus, 1758)"
2494088,native range,Western Africa,e1c3be64-2799-4342-8312-49d076993132,159498702,"Euplectes orix (Linnaeus, 1758)"
2494097,native range,Eastern Africa,e1c3be64-2799-4342-8312-49d076993132,159498703,"Euplectes afer (Gmelin, 1789)"
2494097,native range,Middle Africa,e1c3be64-2799-4342-8312-49d076993132,159498703,"Euplectes afer (Gmelin, 1789)"
2494097,native range,Southern Africa,e1c3be64-2799-4342-8312-49d076993132,159498703,"Euplectes afer (Gmelin, 1789)"
2494097,native range,Western Africa,e1c3be64-2799-4342-8312-49d076993132,159498703,"Euplectes afer (Gmelin, 1789)"
2494303,native range,Northern Africa,e1c3be64-2799-4342-8312-49d076993132,159498651,"Serinus canaria (Linnaeus, 1758)"
2494408,native range,Southern Asia,e1c3be64-2799-4342-8312-49d076993132,159498660,"Mycerobas icterioides (Vigors, 1830)"
2494536,native range,Eastern Asia,e1c3be64-2799-4342-8312-49d076993132,159498664,"Pyrrhula erythaca Blyth, 1862"
2494536,native range,Southern Asia,e1c3be64-2799-4342-8312-49d076993132,159498664,"Pyrrhula erythaca Blyth, 1862"
2495134,native range,Australia and New Zealand,e1c3be64-2799-4342-8312-49d076993132,159498353,"Dromaius novaehollandiae (Latham, 1790)"
2495165,native range,South America,e1c3be64-2799-4342-8312-49d076993132,159498306,"Rhea americana (Linnaeus, 1758)"
2495190,native range,Australia and New Zealand,e1c3be64-2799-4342-8312-49d076993132,159498339,"Ocyphaps lophotes (Temminck, 1822)"
2495342,native range,Eastern Africa,e1c3be64-2799-4342-8312-49d076993132,159498337,"Oena capensis (Linnaeus, 1766)"
2495342,native range,Western Africa,e1c3be64-2799-4342-8312-49d076993132,159498337,"Oena capensis (Linnaeus, 1766)"
2495414,native range,Asia,e1c3be64-2799-4342-8312-49d076993132,159498341,"Columba livia Gmelin, 1789"
2495414,native range,Europe,e1c3be64-2799-4342-8312-49d076993132,159498341,"Columba livia Gmelin, 1789"
2495494,native range,Australia and New Zealand,e1c3be64-2799-4342-8312-49d076993132,159498343,"Geopelia cuneata (Latham, 1802)"
2495688,native range,Africa,e1c3be64-2799-4342-8312-49d076993132,159498345,"Streptopelia roseogrisea (Sundevall, 1857)"
2495691,native range,Southeastern Asia,e1c3be64-2799-4342-8312-49d076993132,159498348,"Streptopelia tranquebarica (Hermann, 1804)"
2495699,native range,Africa,e1c3be64-2799-4342-8312-49d076993132,159498349,"Streptopelia lugens (Rüppell, 1837)"
2498001,native range,Africa,e1c3be64-2799-4342-8312-49d076993132,159498544,"Sarkidiornis melanotos (Pennant, 1769)"
2498001,native range,Southeastern Asia,e1c3be64-2799-4342-8312-49d076993132,159498544,"Sarkidiornis melanotos (Pennant, 1769)"
2498001,native range,Southern Asia,e1c3be64-2799-4342-8312-49d076993132,159498544,"Sarkidiornis melanotos (Pennant, 1769)"
2498007,native range,Australia and New Zealand,e1c3be64-2799-4342-8312-49d076993132,159498573,"Tadorna tadornoides (Jardine & Selby, 1828)"
2498010,native range,Southern Africa,e1c3be64-2799-4342-8312-49d076993132,159498572,"Tadorna cana (Gmelin, 1789)"
2498011,native range,Australia and New Zealand,e1c3be64-2799-4342-8312-49d076993132,159498571,"Tadorna variegata (Gmelin, 1789)"
2498015,native range,Africa,1738f272-6b5d-4f43-9a92-453a8c5ea50a,146042244,Tadorna ferruginea (Pallas 1764)
2498015,native range,Asia,e1c3be64-2799-4342-8312-49d076993132,159498574,"Tadorna ferruginea (Pallas, 1764)"
2498015,native range,Europe,1738f272-6b5d-4f43-9a92-453a8c5ea50a,146042244,Tadorna ferruginea (Pallas 1764)
2498027,native range,Asia,1738f272-6b5d-4f43-9a92-453a8c5ea50a,146042291,Anser fabalis (Latham 1787)
2498027,native range,Europe,1738f272-6b5d-4f43-9a92-453a8c5ea50a,146042291,Anser fabalis (Latham 1787)
2498034,native range,Eastern Asia,e1c3be64-2799-4342-8312-49d076993132,159498555,"Anser cygnoides (Linnaeus, 1758)"
2498035,native range,Asia,1738f272-6b5d-4f43-9a92-453a8c5ea50a,146042194,Anser indicus (Latham 1790)
2498035,native range,Central Asia,e1c3be64-2799-4342-8312-49d076993132,159498554,"Anser indicus (Latham, 1790)"
2498035,native range,Eastern Asia,e1c3be64-2799-4342-8312-49d076993132,159498554,"Anser indicus (Latham, 1790)"
2498035,native range,Southern Asia,e1c3be64-2799-4342-8312-49d076993132,159498554,"Anser indicus (Latham, 1790)"
2498036,native range,Asia,1738f272-6b5d-4f43-9a92-453a8c5ea50a,146042240,Anser anser (Linnaeus 1758)
2498036,native range,Europe,1738f272-6b5d-4f43-9a92-453a8c5ea50a,146042240,Anser anser (Linnaeus 1758)
2498046,native range,Australia and New Zealand,e1c3be64-2799-4342-8312-49d076993132,159498557,"Chenonetta jubata (Latham, 1802)"
2498054,native range,Africa,e1c3be64-2799-4342-8312-49d076993132,159498614,"Pteronetta hartlaubii (Cassin, 1860)"
2498064,native range,Africa,e1c3be64-2799-4342-8312-49d076993132,159498599,"Anas erythrorhyncha Gmelin, 1789"
2498065,native range,South America,e1c3be64-2799-4342-8312-49d076993132,159498601,"Anas flavirostris Vieillot, 1816"
2498084,native range,Australia and New Zealand,e1c3be64-2799-4342-8312-49d076993132,159498587,"Anas superciliosa Gmelin, 1789"
2498084,native range,Southeastern Asia,e1c3be64-2799-4342-8312-49d076993132,159498587,"Anas superciliosa Gmelin, 1789"
2498090,native range,Caribbean,e1c3be64-2799-4342-8312-49d076993132,159498588,"Anas bahamensis Linnaeus, 1758"
2498090,native range,South America,e1c3be64-2799-4342-8312-49d076993132,159498588,"Anas bahamensis Linnaeus, 1758"
2498094,native range,Eastern Africa,e1c3be64-2799-4342-8312-49d076993132,159498590,"Anas capensis Gmelin, 1789"
2498094,native range,Middle Africa,e1c3be64-2799-4342-8312-49d076993132,159498590,"Anas capensis Gmelin, 1789"
2498094,native range,Southern Africa,e1c3be64-2799-4342-8312-49d076993132,159498590,"Anas capensis Gmelin, 1789"
2498094,native range,Western Africa,e1c3be64-2799-4342-8312-49d076993132,159498590,"Anas capensis Gmelin, 1789"
2498097,native range,Australia and New Zealand,e1c3be64-2799-4342-8312-49d076993132,159498598,"Anas castanea (Eyton, 1838)"
2498104,native range,Southeastern Asia,e1c3be64-2799-4342-8312-49d076993132,159498605,"Anas gibberifrons S.Muller, 1842"
2498108,native range,Southeastern Asia,e1c3be64-2799-4342-8312-49d076993132,159498589,"Anas luzonica Fraser, 1839"
2498109,native range,Northern America,e1c3be64-2799-4342-8312-49d076993132,159498603,"Anas laysanensis Rothschild, 1892"
2498155,native range,Central America,e1c3be64-2799-4342-8312-49d076993132,159498592,"Anas americana (Gmelin, 1789)"
2498155,native range,Europe,1738f272-6b5d-4f43-9a92-453a8c5ea50a,146042289,"Anas americana Gmelin, 1789"
2498155,native range,Northern America,e1c3be64-2799-4342-8312-49d076993132,159498592,"Anas americana (Gmelin, 1789)"
2498156,native range,Africa,e1c3be64-2799-4342-8312-49d076993132,159498594,"Anas undulata C.F.Dubois, 1839"
2498161,native range,Northern America,e1c3be64-2799-4342-8312-49d076993132,159498617,"Chen rossii (Cassin, 1861)"
2498163,native range,Eastern Asia,e1c3be64-2799-4342-8312-49d076993132,159498618,"Chen canagica (Sevastianov, 1802)"
2498163,native range,Eastern Europe,e1c3be64-2799-4342-8312-49d076993132,159498553,"Anser canagicus (Sevastianov, 1802)"
2498167,native range,Northern America,e1c3be64-2799-4342-8312-49d076993132,159498616,"Chen caerulescens Linnaeus, 1758"
2498181,native range,South America,e1c3be64-2799-4342-8312-49d076993132,159498569,"Netta peposaca (Vieillot, 1816)"
2498252,native range,Africa,e1c3be64-2799-4342-8312-49d076993132,159498531,"Alopochen aegyptiaca (Linnaeus, 1766)"
2498283,native range,Central America,e1c3be64-2799-4342-8312-49d076993132,159498538,Cairina moschata (Established Feral)
2498283,native range,South America,e1c3be64-2799-4342-8312-49d076993132,159498538,Cairina moschata (Established Feral)
2498288,native range,South America,e1c3be64-2799-4342-8312-49d076993132,159498540,"Coscoroba coscoroba (Molina, 1782)"
2498305,native range,Northern America,e1c3be64-2799-4342-8312-49d076993132,159498548,"Oxyura jamaicensis (Gmelin, 1789)"
2498305,native range,South America,1738f272-6b5d-4f43-9a92-453a8c5ea50a,146042190,Oxyura jamaicensis (Gmelin 1789)
2498310,native range,Australia and New Zealand,e1c3be64-2799-4342-8312-49d076993132,159498535,"Nettapus coromandelianus (Gmelin, JF, 1789)"
2498310,native range,Southeastern Asia,e1c3be64-2799-4342-8312-49d076993132,159498535,"Nettapus coromandelianus (Gmelin, JF, 1789)"
2498310,native range,Southern Asia,e1c3be64-2799-4342-8312-49d076993132,159498535,"Nettapus coromandelianus (Gmelin, JF, 1789)"
2498313,native range,Eastern Africa,e1c3be64-2799-4342-8312-49d076993132,159498536,"Nettapus auritus (Boddaert, 1783)"
2498313,native range,Middle Africa,e1c3be64-2799-4342-8312-49d076993132,159498536,"Nettapus auritus (Boddaert, 1783)"
2498313,native range,Western Africa,e1c3be64-2799-4342-8312-49d076993132,159498536,"Nettapus auritus (Boddaert, 1783)"
2498329,native range,Northern America,e1c3be64-2799-4342-8312-49d076993132,159498529,"Bucephala albeola (Linnaeus, 1758)"
2498335,native range,South America,e1c3be64-2799-4342-8312-49d076993132,159498561,"Cygnus melancoryphus (Molina, 1782)"
2498344,native range,Australia and New Zealand,e1c3be64-2799-4342-8312-49d076993132,159498562,"Cygnus atratus (Latham, 1790)"
2498345,native range,Northern America,e1c3be64-2799-4342-8312-49d076993132,159498563,Cygnus buccinator
2498380,native range,Northern Africa,e1c3be64-2799-4342-8312-49d076993132,159498546,"Cyanochen cyanoptera (Rüppell, 1845)"
2498384,native range,South America,e1c3be64-2799-4342-8312-49d076993132,159498533,"Callonetta leucophrys (Vieillot, 1816)"
2498387,native range,Northern America,e1c3be64-2799-4342-8312-49d076993132,159498577,"Aix sponsa Linnaeus, 1758"
2498388,native range,Asia,1738f272-6b5d-4f43-9a92-453a8c5ea50a,146042210,Aix galericulata (Linnaeus 1758)
2498388,native range,Eastern Asia,e1c3be64-2799-4342-8312-49d076993132,159498576,"Aix galericulata (Linnaeus, 1758)"
2498390,native range,Africa,1738f272-6b5d-4f43-9a92-453a8c5ea50a,146042263,"Marmaronetta angustirostris (Menetries, 1832)"
2498390,native range,Asia,1738f272-6b5d-4f43-9a92-453a8c5ea50a,146042263,"Marmaronetta angustirostris (Menetries, 1832)"
2498390,native range,Central Asia,e1c3be64-2799-4342-8312-49d076993132,159498551,"Marmaronetta angustirostris (Ménétriés, 1832)"
2498390,native range,Europe,1738f272-6b5d-4f43-9a92-453a8c5ea50a,146042263,"Marmaronetta angustirostris (Menetries, 1832)"
2498390,native range,Northern Africa,e1c3be64-2799-4342-8312-49d076993132,159498551,"Marmaronetta angustirostris (Ménétriés, 1832)"
2498390,native range,Southern Europe,e1c3be64-2799-4342-8312-49d076993132,159498551,"Marmaronetta angustirostris (Ménétriés, 1832)"
2498390,native range,Western Asia,e1c3be64-2799-4342-8312-49d076993132,159498551,"Marmaronetta angustirostris (Ménétriés, 1832)"
2498393,native range,South America,e1c3be64-2799-4342-8312-49d076993132,159498612,"Dendrocygna autumnalis Linnaeus, 1758"
2498396,native range,Africa,e1c3be64-2799-4342-8312-49d076993132,159498610,"Dendrocygna viduata (Linnaeus, 1766)"
2498396,native range,South America,e1c3be64-2799-4342-8312-49d076993132,159498610,"Dendrocygna viduata (Linnaeus, 1766)"
2498398,native range,Australia and New Zealand,e1c3be64-2799-4342-8312-49d076993132,159498608,"Dendrocygna arcuata (Horsfield, 1824)"
2498398,native range,Southeastern Asia,e1c3be64-2799-4342-8312-49d076993132,159498608,"Dendrocygna arcuata (Horsfield, 1824)"
2498402,native range,Africa,e1c3be64-2799-4342-8312-49d076993132,159498611,"Dendrocygna bicolor (Vieillot, 1816)"
2498402,native range,Caribbean,e1c3be64-2799-4342-8312-49d076993132,159498611,"Dendrocygna bicolor (Vieillot, 1816)"
2498402,native range,Central America,e1c3be64-2799-4342-8312-49d076993132,159498611,"Dendrocygna bicolor (Vieillot, 1816)"
2498402,native range,South America,e1c3be64-2799-4342-8312-49d076993132,159498611,"Dendrocygna bicolor (Vieillot, 1816)"
2498402,native range,Southern Asia,e1c3be64-2799-4342-8312-49d076993132,159498611,"Dendrocygna bicolor (Vieillot, 1816)"
2498405,native range,Australia and New Zealand,e1c3be64-2799-4342-8312-49d076993132,159498609,"Dendrocygna eytoni (Eyton, 1838)"
2498408,native range,Northern America,e1c3be64-2799-4342-8312-49d076993132,159498527,"Lophodytes cucullatus (Linnaeus, 1758)"
2498411,native range,South America,e1c3be64-2799-4342-8312-49d076993132,159498579,"Amazonetta brasiliensis (Gmelin, 1789)"
2502810,native range,Australia and New Zealand,1f3505cd-5d98-4e23-bd3b-ffe59d05d7c2,164300905,"Caenoplana coerulea Moseley, 1877"
2502938,native range,Southeastern Asia,1f3505cd-5d98-4e23-bd3b-ffe59d05d7c2,164300896,"Bipalium kewense Moseley, 1878"
2537743,native range,Eastern Asia,1f3505cd-5d98-4e23-bd3b-ffe59d05d7c2,164300728,Lentinula edodes (Berk.) Pegler
2650107,native range,Americas,9ff7d317-609b-4c08-bd86-3bc404b77c42,141264623,Azolla filiculoides Lam.
2650180,native range,Europe,9ff7d317-609b-4c08-bd86-3bc404b77c42,141264866,Botrychium simplex Hitchc.
2650180,native range,Northern America,9ff7d317-609b-4c08-bd86-3bc404b77c42,141264866,Botrychium simplex Hitchc.
2650827,native range,Eastern Asia,9ff7d317-609b-4c08-bd86-3bc404b77c42,141264854,Cyrtomium fortunei J. Smith
2650827,native range,Eastern Europe,9ff7d317-609b-4c08-bd86-3bc404b77c42,141264854,Cyrtomium fortunei J. Smith
2650829,native range,Eastern Asia,9ff7d317-609b-4c08-bd86-3bc404b77c42,141264853,Cyrtomium falcatum (L. f.) C. Presl
2650829,native range,Eastern Europe,9ff7d317-609b-4c08-bd86-3bc404b77c42,141264853,Cyrtomium falcatum (L. f.) C. Presl
2650903,native range,Eastern Asia,9ff7d317-609b-4c08-bd86-3bc404b77c42,141264681,Onoclea sensibilis L.
2650903,native range,Eastern Europe,9ff7d317-609b-4c08-bd86-3bc404b77c42,141264681,Onoclea sensibilis L.
2650903,native range,Northern America,9ff7d317-609b-4c08-bd86-3bc404b77c42,141264681,Onoclea sensibilis L.
2650944,native range,Africa,9ff7d317-609b-4c08-bd86-3bc404b77c42,141264858,Rumohra adiantiformis (Forster) Ching.
2650944,native range,Australia and New Zealand,9ff7d317-609b-4c08-bd86-3bc404b77c42,141264858,Rumohra adiantiformis (Forster) Ching.
2650944,native range,South America,9ff7d317-609b-4c08-bd86-3bc404b77c42,141264858,Rumohra adiantiformis (Forster) Ching.
2650944,native range,Southern Asia,9ff7d317-609b-4c08-bd86-3bc404b77c42,141264858,Rumohra adiantiformis (Forster) Ching.
2651098,native range,Northern America,9ff7d317-609b-4c08-bd86-3bc404b77c42,168400453,Polystichum acrostichoides (Michx.) Schott
2651122,native range,Northern America,9ff7d317-609b-4c08-bd86-3bc404b77c42,168400454,Polystichum munitum (Kaulfuss) C. Presl
2651826,native range,South America,9ff7d317-609b-4c08-bd86-3bc404b77c42,141266305,Adiantum raddianum C. Presl
2651843,native range,Northern America,9ff7d317-609b-4c08-bd86-3bc404b77c42,141266304,Adiantum aleuticum (Rupr.) C.A. Paris
2653321,native range,Asia,9ff7d317-609b-4c08-bd86-3bc404b77c42,141264665,Ephedra distachya L.
2653321,native range,Europe,9ff7d317-609b-4c08-bd86-3bc404b77c42,141264665,Ephedra distachya L.
2653392,native range,Eastern Asia,9ff7d317-609b-4c08-bd86-3bc404b77c42,141264666,Ephedra saxatalis (Stapf) Royle subsp. sikkimensis (Stapf) Florin
2653392,native range,Eastern Europe,9ff7d317-609b-4c08-bd86-3bc404b77c42,141264666,Ephedra saxatalis (Stapf) Royle subsp. sikkimensis (Stapf) Florin
2683866,native range,Northern America,9ff7d317-609b-4c08-bd86-3bc404b77c42,141265558,Chamaecyparis lawsoniana (A.Murray) Parl.
2683894,native range,Northern America,9ff7d317-609b-4c08-bd86-3bc404b77c42,141265555,Xanthocyparis nootkatensis (D. Don) Farjon & Harder
2684171,native range,Northern America,9ff7d317-609b-4c08-bd86-3bc404b77c42,141265557,Thuja plicata Donn ex D. Don
2684178,native range,Northern America,9ff7d317-609b-4c08-bd86-3bc404b77c42,141265556,Thuja occidentalis L.
2684191,native range,Northern America,9ff7d317-609b-4c08-bd86-3bc404b77c42,141264769,Taxodium distichum (L.) L.C.M. Rich.
2684984,native range,South America,9ff7d317-609b-4c08-bd86-3bc404b77c42,141264603,Araucaria araucana (Molina) K. Koch
2685361,native range,Northern America,9ff7d317-609b-4c08-bd86-3bc404b77c42,141266578,Abies grandis (Dougl. ex D. Don) Lindl.
2685484,native range,Europe,9ff7d317-609b-4c08-bd86-3bc404b77c42,141266562,Abies alba Mill.
2685552,native range,Eastern Asia,9ff7d317-609b-4c08-bd86-3bc404b77c42,141266560,Abies nordmanniana (Steven) Spach
2685552,native range,Eastern Europe,9ff7d317-609b-4c08-bd86-3bc404b77c42,141266560,Abies nordmanniana (Steven) Spach
2685663,native range,Eastern Asia,9ff7d317-609b-4c08-bd86-3bc404b77c42,168400536,Abies homolepis Siebold & Zucc.
2685663,native range,Eastern Europe,9ff7d317-609b-4c08-bd86-3bc404b77c42,168400536,Abies homolepis Siebold & Zucc.
2685796,native range,Northern America,9ff7d317-609b-4c08-bd86-3bc404b77c42,141266567,Pseudotsuga menziesii (Mirb.) Franco
2686157,native range,Eastern Asia,9ff7d317-609b-4c08-bd86-3bc404b77c42,141266561,Larix kaempferi (Lambert) Carr.
2686157,native range,Eastern Europe,9ff7d317-609b-4c08-bd86-3bc404b77c42,141266561,Larix kaempferi (Lambert) Carr.
2686212,native range,Europe,9ff7d317-609b-4c08-bd86-3bc404b77c42,141266564,Larix decidua Mill.
2687182,native range,Northern America,9ff7d317-609b-4c08-bd86-3bc404b77c42,141266573,Tsuga canadensis (L.) Carr.
2687210,native range,Northern America,9ff7d317-609b-4c08-bd86-3bc404b77c42,141266579,Tsuga heterophylla (Rafin.) Sarg.
2687885,native range,Eastern Asia,9ff7d317-609b-4c08-bd86-3bc404b77c42,141264677,Ginkgo biloba L.
2687885,native range,Eastern Europe,9ff7d317-609b-4c08-bd86-3bc404b77c42,141264677,Ginkgo biloba L.
2687948,native range,Europe,9ff7d317-609b-4c08-bd86-3bc404b77c42,141264694,Equisetum scirpoides Michaux
2688189,native range,Africa,9ff7d317-609b-4c08-bd86-3bc404b77c42,141264670,Selaginella kraussiana (Kunze) A. Braun
2700646,native range,South America,9ff7d317-609b-4c08-bd86-3bc404b77c42,141266984,Juncus pallescens Lam.
2700768,native range,Europe,9ff7d317-609b-4c08-bd86-3bc404b77c42,308609356,Luzula nivea (L.) DC.
2701118,native range,Australia and New Zealand,9ff7d317-609b-4c08-bd86-3bc404b77c42,141266988,Juncus subsecundus N.A. Wakef.
2701120,native range,Northern America,9ff7d317-609b-4c08-bd86-3bc404b77c42,141266985,Juncus tenuis Willd. subsp. dichotomus (Elliott) Verloove & Lambinon
2701304,native range,Australia and New Zealand,9ff7d317-609b-4c08-bd86-3bc404b77c42,141266990,Juncus radula Buchen.
2701578,native range,Africa,9ff7d317-609b-4c08-bd86-3bc404b77c42,141266989,Juncus foliosus Desf.
2701578,native range,Europe,9ff7d317-609b-4c08-bd86-3bc404b77c42,141266989,Juncus foliosus Desf.
2701612,native range,Northern America,9ff7d317-609b-4c08-bd86-3bc404b77c42,141266983,Juncus ensifolius Wikstr.
2701618,native range,South America,9ff7d317-609b-4c08-bd86-3bc404b77c42,141266982,Juncus imbricatus Laharpe
2701649,native range,Northern America,9ff7d317-609b-4c08-bd86-3bc404b77c42,141266987,Juncus xiphioides E. Mey.
2701831,native range,Northern America,9ff7d317-609b-4c08-bd86-3bc404b77c42,141266993,Juncus tenuis Willd. subsp. dudleyi (Wiegand) P. Fourn.
2701879,native range,Africa,9ff7d317-609b-4c08-bd86-3bc404b77c42,308609355,Juncus striatus Schousbou ex E. Mey.
2701879,native range,Europe,9ff7d317-609b-4c08-bd86-3bc404b77c42,308609355,Juncus striatus Schousbou ex E. Mey.
2701986,native range,Northern America,9ff7d317-609b-4c08-bd86-3bc404b77c42,141266992,Juncus canadensis J. Gay ex Laharpe
2702058,native range,Northern America,9ff7d317-609b-4c08-bd86-3bc404b77c42,141266986,Juncus tenuis Willd. subsp. anthelatus (Wiegand) Verloove & Lambinon
2702084,native range,Northern America,9ff7d317-609b-4c08-bd86-3bc404b77c42,141266981,Juncus tenuis Willd. subsp. tenuis
2702519,native range,Australia and New Zealand,9ff7d317-609b-4c08-bd86-3bc404b77c42,141265597,Eriochloa pseudoacrotricha (Stapf ex Thell.) J.M. Black
2702527,native range,Southern Asia,9ff7d317-609b-4c08-bd86-3bc404b77c42,141265678,Eriochloa procera (Retz.) C.E. Hubbard
2702529,native range,Eastern Asia,9ff7d317-609b-4c08-bd86-3bc404b77c42,141265779,Eriochloa villosa (Thunb.) Kunth
2702529,native range,Eastern Europe,9ff7d317-609b-4c08-bd86-3bc404b77c42,141265779,Eriochloa villosa (Thunb.) Kunth
2702543,native range,Northern America,9ff7d317-609b-4c08-bd86-3bc404b77c42,141265854,Dichanthelium clandestinum (L.) Gould
2702727,native range,Europe,9ff7d317-609b-4c08-bd86-3bc404b77c42,141265898,Vulpia myuros (L.) C.C. Gmel. var. megalura (Nutt.) Auquier
2702792,native range,Africa,9ff7d317-609b-4c08-bd86-3bc404b77c42,141265569,Briza maxima L.
2702792,native range,Eastern Asia,9ff7d317-609b-4c08-bd86-3bc404b77c42,141265569,Briza maxima L.
2702792,native range,Eastern Europe,9ff7d317-609b-4c08-bd86-3bc404b77c42,141265569,Briza maxima L.
2702792,native range,Europe,9ff7d317-609b-4c08-bd86-3bc404b77c42,141265569,Briza maxima L.
2702793,native range,Africa,9ff7d317-609b-4c08-bd86-3bc404b77c42,141265672,Briza minor L.
2702793,native range,Eastern Asia,9ff7d317-609b-4c08-bd86-3bc404b77c42,141265672,Briza minor L.
2702793,native range,Eastern Europe,9ff7d317-609b-4c08-bd86-3bc404b77c42,141265672,Briza minor L.
2702793,native range,Europe,9ff7d317-609b-4c08-bd86-3bc404b77c42,141265672,Briza minor L.
2702798,native range,Asia,9ff7d317-609b-4c08-bd86-3bc404b77c42,141265913,Echinochloa esculenta (A. Braun) H. Scholz
2702808,native range,Asia,9ff7d317-609b-4c08-bd86-3bc404b77c42,141265805,Echinochloa crus-galli (L.) Beauv.
2702808,native range,Europe,9ff7d317-609b-4c08-bd86-3bc404b77c42,141265805,Echinochloa crus-galli (L.) Beauv.
2702816,native range,Northern America,9ff7d317-609b-4c08-bd86-3bc404b77c42,141265626,Echinochloa muricata (Beauv.) Fernald var. wiegandii (Fassett) Mohlenbr.
2702820,native range,Asia,9ff7d317-609b-4c08-bd86-3bc404b77c42,141265700,Echinochloa hispidula (Retz.) Nees ex Royle
2702820,native range,Eastern Asia,9ff7d317-609b-4c08-bd86-3bc404b77c42,141265894,Echinochloa oryzicola (Vasing.) Vasing.
2702820,native range,Eastern Europe,9ff7d317-609b-4c08-bd86-3bc404b77c42,141265894,Echinochloa oryzicola (Vasing.) Vasing.
2702822,native range,Asia,9ff7d317-609b-4c08-bd86-3bc404b77c42,141265575,Echinochloa frumentacea Link
2702862,native range,Africa,9ff7d317-609b-4c08-bd86-3bc404b77c42,141265649,Ehrharta longiflora Smith
2703041,native range,Eastern Asia,9ff7d317-609b-4c08-bd86-3bc404b77c42,141265877,Arundo donax L.
2703041,native range,Eastern Europe,9ff7d317-609b-4c08-bd86-3bc404b77c42,141265877,Arundo donax L.
2703077,native range,Northern America,9ff7d317-609b-4c08-bd86-3bc404b77c42,141265924,Chasmanthium latifolium (Michaux) Yates
2703109,native range,Eastern Asia,9ff7d317-609b-4c08-bd86-3bc404b77c42,141265809,Melica altissima L.
2703109,native range,Eastern Europe,9ff7d317-609b-4c08-bd86-3bc404b77c42,141265809,Melica altissima L.
2703109,native range,Europe,9ff7d317-609b-4c08-bd86-3bc404b77c42,141265809,Melica altissima L.
2703231,native range,Eastern Asia,9ff7d317-609b-4c08-bd86-3bc404b77c42,141265781,Zizania latifolia (Griseb.) Stapf
2703231,native range,Eastern Europe,9ff7d317-609b-4c08-bd86-3bc404b77c42,141265781,Zizania latifolia (Griseb.) Stapf
2703240,native range,Africa,9ff7d317-609b-4c08-bd86-3bc404b77c42,141265745,Dinebra retroflexa (Vahl) Panzer
2703240,native range,Asia,9ff7d317-609b-4c08-bd86-3bc404b77c42,141265745,Dinebra retroflexa (Vahl) Panzer
2703346,native range,Eastern Asia,9ff7d317-609b-4c08-bd86-3bc404b77c42,141265922,Anthoxanthum nitens (Weber) Schouten & Veldkamp
2703346,native range,Eastern Europe,9ff7d317-609b-4c08-bd86-3bc404b77c42,141265922,Anthoxanthum nitens (Weber) Schouten & Veldkamp
2703346,native range,Europe,9ff7d317-609b-4c08-bd86-3bc404b77c42,141265922,Anthoxanthum nitens (Weber) Schouten & Veldkamp
2703346,native range,Northern America,9ff7d317-609b-4c08-bd86-3bc404b77c42,141265922,Anthoxanthum nitens (Weber) Schouten & Veldkamp
2703459,native range,Southern Asia,9ff7d317-609b-4c08-bd86-3bc404b77c42,163968251,Oryza sativa L.
2703663,native range,Africa,9ff7d317-609b-4c08-bd86-3bc404b77c42,141265650,Bromus diandrus Roth subsp. maximus (Desf.) Soó
2703663,native range,Eastern Asia,9ff7d317-609b-4c08-bd86-3bc404b77c42,141265650,Bromus diandrus Roth subsp. maximus (Desf.) Soó
2703663,native range,Eastern Europe,9ff7d317-609b-4c08-bd86-3bc404b77c42,141265650,Bromus diandrus Roth subsp. maximus (Desf.) Soó
2703663,native range,Europe,9ff7d317-609b-4c08-bd86-3bc404b77c42,141265650,Bromus diandrus Roth subsp. maximus (Desf.) Soó
2703670,native range,Asia,9ff7d317-609b-4c08-bd86-3bc404b77c42,141265721,Bromus inermis Leyss.
2703670,native range,Europe,9ff7d317-609b-4c08-bd86-3bc404b77c42,141265721,Bromus inermis Leyss.
2703682,native range,Asia,9ff7d317-609b-4c08-bd86-3bc404b77c42,141265852,Bromus briziformis Fisch. & C.A. Mey.
2703686,native range,Americas,9ff7d317-609b-4c08-bd86-3bc404b77c42,141265816,Bromus carinatus Hook. & Arnott var. marginatus (Nees) Barkworth & Anderton
2703696,native range,Africa,9ff7d317-609b-4c08-bd86-3bc404b77c42,141265712,Bromus alopecuros Poiret
2703696,native range,Eastern Asia,9ff7d317-609b-4c08-bd86-3bc404b77c42,141265712,Bromus alopecuros Poiret
2703696,native range,Eastern Europe,9ff7d317-609b-4c08-bd86-3bc404b77c42,141265712,Bromus alopecuros Poiret
2703696,native range,Europe,9ff7d317-609b-4c08-bd86-3bc404b77c42,141265712,Bromus alopecuros Poiret
2703698,native range,Northern America,9ff7d317-609b-4c08-bd86-3bc404b77c42,141265595,Bromus sitchensis Trin.
2703700,native range,Africa,9ff7d317-609b-4c08-bd86-3bc404b77c42,141265862,Bromus squarrosus L.
2703700,native range,Eastern Asia,9ff7d317-609b-4c08-bd86-3bc404b77c42,141265862,Bromus squarrosus L.
2703700,native range,Eastern Europe,9ff7d317-609b-4c08-bd86-3bc404b77c42,141265862,Bromus squarrosus L.
2703700,native range,Europe,9ff7d317-609b-4c08-bd86-3bc404b77c42,141265862,Bromus squarrosus L.
2703704,native range,Asia,9ff7d317-609b-4c08-bd86-3bc404b77c42,141265892,Bromus danthoniae Trin.
2703711,native range,Europe,9ff7d317-609b-4c08-bd86-3bc404b77c42,141265744,Bromus lepidus Holmberg
2703712,native range,Americas,9ff7d317-609b-4c08-bd86-3bc404b77c42,141265926,Bromus carinatus Hook. & Arnott var. carinatus
2703720,native range,Africa,9ff7d317-609b-4c08-bd86-3bc404b77c42,141265856,Bromus scoparius L.
2703720,native range,Eastern Asia,9ff7d317-609b-4c08-bd86-3bc404b77c42,141265856,Bromus scoparius L.
2703720,native range,Eastern Europe,9ff7d317-609b-4c08-bd86-3bc404b77c42,141265856,Bromus scoparius L.
2703720,native range,Europe,9ff7d317-609b-4c08-bd86-3bc404b77c42,141265856,Bromus scoparius L.
2703721,native range,Africa,9ff7d317-609b-4c08-bd86-3bc404b77c42,141265629,Bromus madritensis L.
2703721,native range,Eastern Asia,9ff7d317-609b-4c08-bd86-3bc404b77c42,141265629,Bromus madritensis L.
2703721,native range,Eastern Europe,9ff7d317-609b-4c08-bd86-3bc404b77c42,141265629,Bromus madritensis L.
2703721,native range,Europe,9ff7d317-609b-4c08-bd86-3bc404b77c42,141265629,Bromus madritensis L.
2703723,native range,South America,9ff7d317-609b-4c08-bd86-3bc404b77c42,141265677,Bromus catharticus Vahl
2703731,native range,South America,9ff7d317-609b-4c08-bd86-3bc404b77c42,141265627,Bromus brevis Nees ex Steud.
2703733,native range,Africa,9ff7d317-609b-4c08-bd86-3bc404b77c42,141265751,Bromus lanceolatus Roth
2703733,native range,Eastern Asia,9ff7d317-609b-4c08-bd86-3bc404b77c42,141265751,Bromus lanceolatus Roth
2703733,native range,Eastern Europe,9ff7d317-609b-4c08-bd86-3bc404b77c42,141265751,Bromus lanceolatus Roth
2703733,native range,Europe,9ff7d317-609b-4c08-bd86-3bc404b77c42,141265751,Bromus lanceolatus Roth
2703740,native range,Africa,9ff7d317-609b-4c08-bd86-3bc404b77c42,141265579,Bromus rubens L.
2703740,native range,Eastern Asia,9ff7d317-609b-4c08-bd86-3bc404b77c42,141265579,Bromus rubens L.
2703740,native range,Eastern Europe,9ff7d317-609b-4c08-bd86-3bc404b77c42,141265579,Bromus rubens L.
2703740,native range,Europe,9ff7d317-609b-4c08-bd86-3bc404b77c42,141265579,Bromus rubens L.
2703760,native range,Africa,9ff7d317-609b-4c08-bd86-3bc404b77c42,141265841,Bromus diandrus Roth subsp. diandrus
2703760,native range,Eastern Asia,9ff7d317-609b-4c08-bd86-3bc404b77c42,141265841,Bromus diandrus Roth subsp. diandrus
2703760,native range,Eastern Europe,9ff7d317-609b-4c08-bd86-3bc404b77c42,141265841,Bromus diandrus Roth subsp. diandrus
2703760,native range,Europe,9ff7d317-609b-4c08-bd86-3bc404b77c42,141265841,Bromus diandrus Roth subsp. diandrus
2703765,native range,Australia and New Zealand,9ff7d317-609b-4c08-bd86-3bc404b77c42,141265910,Bromus arenarius Labill.
2703776,native range,Northern America,9ff7d317-609b-4c08-bd86-3bc404b77c42,141265586,Bromus polyanthus Scribn.
2703867,native range,Australia and New Zealand,9ff7d317-609b-4c08-bd86-3bc404b77c42,141265814,Dinebra decipiens (R. Brown) P.M. Peterson & N. Snow subsp. decipiens
2703892,native range,Africa,9ff7d317-609b-4c08-bd86-3bc404b77c42,141265728,Enneapogon desvauxii Beauv.
2703892,native range,Americas,9ff7d317-609b-4c08-bd86-3bc404b77c42,141265728,Enneapogon desvauxii Beauv.
2703892,native range,Eastern Asia,9ff7d317-609b-4c08-bd86-3bc404b77c42,141265728,Enneapogon desvauxii Beauv.
2703892,native range,Eastern Europe,9ff7d317-609b-4c08-bd86-3bc404b77c42,141265728,Enneapogon desvauxii Beauv.
2704038,native range,Northern America,9ff7d317-609b-4c08-bd86-3bc404b77c42,141265647,Muhlenbergia mexicana (L.) Trin.
2704102,native range,Africa,9ff7d317-609b-4c08-bd86-3bc404b77c42,141265568,Bothriochloa ischaemum (L.) Keng
2704102,native range,Eastern Asia,9ff7d317-609b-4c08-bd86-3bc404b77c42,141265568,Bothriochloa ischaemum (L.) Keng
2704102,native range,Eastern Europe,9ff7d317-609b-4c08-bd86-3bc404b77c42,141265568,Bothriochloa ischaemum (L.) Keng
2704102,native range,Europe,9ff7d317-609b-4c08-bd86-3bc404b77c42,141265568,Bothriochloa ischaemum (L.) Keng
2704112,native range,Australia and New Zealand,9ff7d317-609b-4c08-bd86-3bc404b77c42,141265737,Bothriochloa decipiens (Hack.) C.E. Hubbard
2704194,native range,Africa,9ff7d317-609b-4c08-bd86-3bc404b77c42,141265596,Poa infirma Kunth
2704194,native range,Eastern Asia,9ff7d317-609b-4c08-bd86-3bc404b77c42,141265596,Poa infirma Kunth
2704194,native range,Eastern Europe,9ff7d317-609b-4c08-bd86-3bc404b77c42,141265596,Poa infirma Kunth
2704194,native range,Europe,9ff7d317-609b-4c08-bd86-3bc404b77c42,141265596,Poa infirma Kunth
2704234,native range,Africa,9ff7d317-609b-4c08-bd86-3bc404b77c42,141265661,Poa alpina L.
2704234,native range,Eastern Asia,9ff7d317-609b-4c08-bd86-3bc404b77c42,141265661,Poa alpina L.
2704234,native range,Eastern Europe,9ff7d317-609b-4c08-bd86-3bc404b77c42,141265661,Poa alpina L.
2704234,native range,Europe,9ff7d317-609b-4c08-bd86-3bc404b77c42,141265661,Poa alpina L.
2704234,native range,Northern America,9ff7d317-609b-4c08-bd86-3bc404b77c42,141265661,Poa alpina L.
2704341,native range,Africa,9ff7d317-609b-4c08-bd86-3bc404b77c42,141265921,Schismus barbatus (L.) Thell.
2704341,native range,Eastern Asia,9ff7d317-609b-4c08-bd86-3bc404b77c42,141265921,Schismus barbatus (L.) Thell.
2704341,native range,Eastern Europe,9ff7d317-609b-4c08-bd86-3bc404b77c42,141265921,Schismus barbatus (L.) Thell.
2704341,native range,Europe,9ff7d317-609b-4c08-bd86-3bc404b77c42,141265921,Schismus barbatus (L.) Thell.
2704394,native range,Africa,9ff7d317-609b-4c08-bd86-3bc404b77c42,141265857,Cynosurus echinatus L.
2704394,native range,Eastern Asia,9ff7d317-609b-4c08-bd86-3bc404b77c42,141265857,Cynosurus echinatus L.
2704394,native range,Eastern Europe,9ff7d317-609b-4c08-bd86-3bc404b77c42,141265857,Cynosurus echinatus L.
2704394,native range,Europe,9ff7d317-609b-4c08-bd86-3bc404b77c42,141265857,Cynosurus echinatus L.
2704523,native range,South America,9ff7d317-609b-4c08-bd86-3bc404b77c42,141265635,Cortaderia selloana (Schult. & Schult. f.) Aschers. & Graebn.
2704664,native range,Africa,9ff7d317-609b-4c08-bd86-3bc404b77c42,141265837,Eremopyrum bonaepartis (Spreng.) Nevski
2704664,native range,Eastern Asia,9ff7d317-609b-4c08-bd86-3bc404b77c42,141265837,Eremopyrum bonaepartis (Spreng.) Nevski
2704664,native range,Eastern Europe,9ff7d317-609b-4c08-bd86-3bc404b77c42,141265837,Eremopyrum bonaepartis (Spreng.) Nevski
2704757,native range,Americas,9ff7d317-609b-4c08-bd86-3bc404b77c42,141265846,Sporobolus indicus (L.) R. Brown
2704778,native range,Australia and New Zealand,9ff7d317-609b-4c08-bd86-3bc404b77c42,141265642,Sporobolus elongatus R. Brown
2704949,native range,Europe,9ff7d317-609b-4c08-bd86-3bc404b77c42,141265723,Festuca brevipila R. Tracey
2704966,native range,Europe,9ff7d317-609b-4c08-bd86-3bc404b77c42,141265867,Festuca valesiaca Schleich. ex Gaudin
2705031,native range,Europe,9ff7d317-609b-4c08-bd86-3bc404b77c42,141265594,Festuca glauca Vill.
2705066,native range,Americas,9ff7d317-609b-4c08-bd86-3bc404b77c42,141265793,Panicum hirticaule J. Presl
2705081,native range,Americas,9ff7d317-609b-4c08-bd86-3bc404b77c42,141265748,Panicum virgatum L.
2705090,native range,Asia,9ff7d317-609b-4c08-bd86-3bc404b77c42,141265791,Panicum miliaceum L. subsp. ruderale (Kitagawa) Tzvelev
2705090,native range,Europe,9ff7d317-609b-4c08-bd86-3bc404b77c42,141265829,Panicum miliaceum L. subsp. agricola H. Scholz & Mikoláš
2705092,native range,Africa,9ff7d317-609b-4c08-bd86-3bc404b77c42,141265755,Panicum coloratum L.
2705092,native range,Eastern Asia,9ff7d317-609b-4c08-bd86-3bc404b77c42,141265755,Panicum coloratum L.
2705092,native range,Eastern Europe,9ff7d317-609b-4c08-bd86-3bc404b77c42,141265755,Panicum coloratum L.
2705098,native range,Northern America,9ff7d317-609b-4c08-bd86-3bc404b77c42,141265580,Panicum capillare subsp. hillmanii (Chase) Freckmann & Lelong
2705141,native range,Asia,9ff7d317-609b-4c08-bd86-3bc404b77c42,141265866,Panicum antidotale Retz.
2705144,native range,Americas,9ff7d317-609b-4c08-bd86-3bc404b77c42,141265904,Panicum dichotomiflorum Michaux
2705144,native range,South America,9ff7d317-609b-4c08-bd86-3bc404b77c42,141265844,Panicum chloroticum Nees ex Trin.
2705162,native range,Northern America,9ff7d317-609b-4c08-bd86-3bc404b77c42,141265610,Panicum capillare L. subsp. barbipulvinatum (Nash) Tzvelev
2705181,native range,Europe,9ff7d317-609b-4c08-bd86-3bc404b77c42,141265576,Sorghum bicolor (L.) Moench
2705185,native range,Africa,9ff7d317-609b-4c08-bd86-3bc404b77c42,141265853,Sorghum halepense (L.) Pers.
2705185,native range,Eastern Asia,9ff7d317-609b-4c08-bd86-3bc404b77c42,141265853,Sorghum halepense (L.) Pers.
2705185,native range,Eastern Europe,9ff7d317-609b-4c08-bd86-3bc404b77c42,141265853,Sorghum halepense (L.) Pers.
2705185,native range,Europe,9ff7d317-609b-4c08-bd86-3bc404b77c42,141265853,Sorghum halepense (L.) Pers.
2705196,native range,Africa,9ff7d317-609b-4c08-bd86-3bc404b77c42,141265778,Agropyron cristatum (L.) Gaertn. subsp. pectinatum (Bieb.) Tzvelev
2705196,native range,Eastern Asia,9ff7d317-609b-4c08-bd86-3bc404b77c42,141265778,Agropyron cristatum (L.) Gaertn. subsp. pectinatum (Bieb.) Tzvelev
2705196,native range,Eastern Europe,9ff7d317-609b-4c08-bd86-3bc404b77c42,141265778,Agropyron cristatum (L.) Gaertn. subsp. pectinatum (Bieb.) Tzvelev
2705196,native range,Europe,9ff7d317-609b-4c08-bd86-3bc404b77c42,141265778,Agropyron cristatum (L.) Gaertn. subsp. pectinatum (Bieb.) Tzvelev
2705287,native range,Africa,9ff7d317-609b-4c08-bd86-3bc404b77c42,141265886,Avena sterilis L. subsp. ludoviciana (Durieu) Nyman
2705287,native range,Eastern Asia,9ff7d317-609b-4c08-bd86-3bc404b77c42,141265886,Avena sterilis L. subsp. ludoviciana (Durieu) Nyman
2705287,native range,Eastern Europe,9ff7d317-609b-4c08-bd86-3bc404b77c42,141265886,Avena sterilis L. subsp. ludoviciana (Durieu) Nyman
2705287,native range,Europe,9ff7d317-609b-4c08-bd86-3bc404b77c42,141265886,Avena sterilis L. subsp. ludoviciana (Durieu) Nyman
2705290,native range,Europe,9ff7d317-609b-4c08-bd86-3bc404b77c42,141265688,Avena sativa L. s.l.
2705295,native range,Europe,9ff7d317-609b-4c08-bd86-3bc404b77c42,141265589,Avena hispanica Ard.
2705300,native range,Africa,9ff7d317-609b-4c08-bd86-3bc404b77c42,141265777,Avena barbata Pott ex Link
2705300,native range,Eastern Asia,9ff7d317-609b-4c08-bd86-3bc404b77c42,141265777,Avena barbata Pott ex Link
2705300,native range,Eastern Europe,9ff7d317-609b-4c08-bd86-3bc404b77c42,141265777,Avena barbata Pott ex Link
2705300,native range,Europe,9ff7d317-609b-4c08-bd86-3bc404b77c42,141265777,Avena barbata Pott ex Link
2705325,native range,Africa,9ff7d317-609b-4c08-bd86-3bc404b77c42,141265764,Eragrostis tef (Zucc.) Trotter
2705325,native range,Eastern Asia,9ff7d317-609b-4c08-bd86-3bc404b77c42,141265764,Eragrostis tef (Zucc.) Trotter
2705325,native range,Eastern Europe,9ff7d317-609b-4c08-bd86-3bc404b77c42,141265764,Eragrostis tef (Zucc.) Trotter
2705339,native range,Americas,9ff7d317-609b-4c08-bd86-3bc404b77c42,141265607,Eragrostis mexicana (Hornem.) Link
2705339,native range,South America,9ff7d317-609b-4c08-bd86-3bc404b77c42,141265822,Eragrostis virescens J. Presl subsp. verloovei R. Portal
2705341,native range,Africa,9ff7d317-609b-4c08-bd86-3bc404b77c42,141265665,Eragrostis atrovirens (Desf.) Trin. ex Steud.
2705341,native range,Southern Asia,9ff7d317-609b-4c08-bd86-3bc404b77c42,141265665,Eragrostis atrovirens (Desf.) Trin. ex Steud.
2705350,native range,Africa,9ff7d317-609b-4c08-bd86-3bc404b77c42,141265771,Eragrostis plana Nees
2705362,native range,Australia and New Zealand,9ff7d317-609b-4c08-bd86-3bc404b77c42,141265600,Eragrostis elongata (Willd.) Jacq.
2705362,native range,Southern Asia,9ff7d317-609b-4c08-bd86-3bc404b77c42,141265600,Eragrostis elongata (Willd.) Jacq.
2705369,native range,Africa,9ff7d317-609b-4c08-bd86-3bc404b77c42,141265893,Eragrostis cilianensis (All.) Vign.-Lut. ex Janchen
2705369,native range,Eastern Asia,9ff7d317-609b-4c08-bd86-3bc404b77c42,141265893,Eragrostis cilianensis (All.) Vign.-Lut. ex Janchen
2705369,native range,Eastern Europe,9ff7d317-609b-4c08-bd86-3bc404b77c42,141265893,Eragrostis cilianensis (All.) Vign.-Lut. ex Janchen
2705369,native range,Europe,9ff7d317-609b-4c08-bd86-3bc404b77c42,141265893,Eragrostis cilianensis (All.) Vign.-Lut. ex Janchen
2705373,native range,Africa,9ff7d317-609b-4c08-bd86-3bc404b77c42,141265736,Eragrostis ciliaris (L.) R. Brown
2705378,native range,Africa,9ff7d317-609b-4c08-bd86-3bc404b77c42,141265685,Eragrostis curvula (Schrad.) Nees
2705391,native range,Africa,9ff7d317-609b-4c08-bd86-3bc404b77c42,141265756,Eragrostis trichophora Coss. & Durieu
2705393,native range,Australia and New Zealand,9ff7d317-609b-4c08-bd86-3bc404b77c42,141265811,Eragrostis parviflora (R. Brown) Trin.
2705400,native range,Africa,9ff7d317-609b-4c08-bd86-3bc404b77c42,141265845,Eragrostis pilosa (L.) Beauv.
2705400,native range,Eastern Asia,9ff7d317-609b-4c08-bd86-3bc404b77c42,141265845,Eragrostis pilosa (L.) Beauv.
2705400,native range,Eastern Europe,9ff7d317-609b-4c08-bd86-3bc404b77c42,141265845,Eragrostis pilosa (L.) Beauv.
2705400,native range,Europe,9ff7d317-609b-4c08-bd86-3bc404b77c42,141265646,Eragrostis albensis H. Scholz
2705401,native range,Eastern Asia,9ff7d317-609b-4c08-bd86-3bc404b77c42,141265903,Eragrostis multicaulis Steud.
2705401,native range,Eastern Europe,9ff7d317-609b-4c08-bd86-3bc404b77c42,141265903,Eragrostis multicaulis Steud.
2705420,native range,Americas,9ff7d317-609b-4c08-bd86-3bc404b77c42,141265652,Eragrostis pectinacea (Michaux) Nees
2705422,native range,Australia and New Zealand,9ff7d317-609b-4c08-bd86-3bc404b77c42,141265912,Eragrostis leptostachya (R. Brown) Steud.
2705431,native range,Africa,9ff7d317-609b-4c08-bd86-3bc404b77c42,141265562,Eragrostis barrelieri Daveau
2705431,native range,Eastern Asia,9ff7d317-609b-4c08-bd86-3bc404b77c42,141265562,Eragrostis barrelieri Daveau
2705431,native range,Eastern Europe,9ff7d317-609b-4c08-bd86-3bc404b77c42,141265562,Eragrostis barrelieri Daveau
2705431,native range,Europe,9ff7d317-609b-4c08-bd86-3bc404b77c42,141265562,Eragrostis barrelieri Daveau
2705449,native range,Africa,9ff7d317-609b-4c08-bd86-3bc404b77c42,141265574,Eragrostis minor Host
2705449,native range,Eastern Asia,9ff7d317-609b-4c08-bd86-3bc404b77c42,141265574,Eragrostis minor Host
2705449,native range,Eastern Europe,9ff7d317-609b-4c08-bd86-3bc404b77c42,141265574,Eragrostis minor Host
2705449,native range,Europe,9ff7d317-609b-4c08-bd86-3bc404b77c42,141265574,Eragrostis minor Host
2705452,native range,South America,9ff7d317-609b-4c08-bd86-3bc404b77c42,141265676,Eragrostis bahiensis Schrad. ex Schult.
2705512,native range,Northern America,9ff7d317-609b-4c08-bd86-3bc404b77c42,141265803,Glyceria canadensis (Michaux) Trin.
2705565,native range,South America,9ff7d317-609b-4c08-bd86-3bc404b77c42,141265668,Paspalum dilatatum Poiret
2705587,native range,Americas,9ff7d317-609b-4c08-bd86-3bc404b77c42,141265911,Paspalum paniculatum L.
2705622,native range,Africa,1738f272-6b5d-4f43-9a92-453a8c5ea50a,146042176,Paspalum distichum Linnaeus
2705622,native range,Asia,1738f272-6b5d-4f43-9a92-453a8c5ea50a,146042176,Paspalum distichum Linnaeus
2705622,native range,Northern America,1738f272-6b5d-4f43-9a92-453a8c5ea50a,146042176,Paspalum distichum Linnaeus
2705622,native range,South America,1738f272-6b5d-4f43-9a92-453a8c5ea50a,146042176,Paspalum distichum Linnaeus
2705666,native range,Africa,9ff7d317-609b-4c08-bd86-3bc404b77c42,141265824,Taeniatherum caput-medusae (L.) Nevski var. caput-medusae
2705666,native range,Eastern Asia,9ff7d317-609b-4c08-bd86-3bc404b77c42,141265824,Taeniatherum caput-medusae (L.) Nevski var. caput-medusae
2705666,native range,Eastern Europe,9ff7d317-609b-4c08-bd86-3bc404b77c42,141265824,Taeniatherum caput-medusae (L.) Nevski var. caput-medusae
2705666,native range,Europe,9ff7d317-609b-4c08-bd86-3bc404b77c42,141265824,Taeniatherum caput-medusae (L.) Nevski var. caput-medusae
2705828,native range,Africa,9ff7d317-609b-4c08-bd86-3bc404b77c42,141265717,Urochloa plantaginea (Link) R. Webster
2705848,native range,Africa,9ff7d317-609b-4c08-bd86-3bc404b77c42,141265686,Urochloa mutica (Forssk.) T.Q. Nguyen
2705854,native range,Americas,9ff7d317-609b-4c08-bd86-3bc404b77c42,141265879,Urochloa platyphylla (Munro ex Wright) R. Webster
2705869,native range,Africa,9ff7d317-609b-4c08-bd86-3bc404b77c42,141265734,Urochloa panicoides Beauv.
2705869,native range,Asia,9ff7d317-609b-4c08-bd86-3bc404b77c42,141265734,Urochloa panicoides Beauv.
2705875,native range,Africa,9ff7d317-609b-4c08-bd86-3bc404b77c42,163968250,Urochloa ramosa (L.) T.Q. Nguyen
2705875,native range,Asia,9ff7d317-609b-4c08-bd86-3bc404b77c42,163968250,Urochloa ramosa (L.) T.Q. Nguyen
2705932,native range,Americas,9ff7d317-609b-4c08-bd86-3bc404b77c42,141265901,Axonopus fissifolius (Raddi) Kuhlm.
2705955,native range,South America,9ff7d317-609b-4c08-bd86-3bc404b77c42,141265577,Eleusine tristachya (Lam.) Lam.
2705957,native range,Europe,9ff7d317-609b-4c08-bd86-3bc404b77c42,141265578,Eleusine coracana (L.) Gaertn.
2705966,native range,Eastern Asia,9ff7d317-609b-4c08-bd86-3bc404b77c42,141265753,Secale cereale L.
2705966,native range,Eastern Europe,9ff7d317-609b-4c08-bd86-3bc404b77c42,141265753,Secale cereale L.
2705972,native range,Africa,9ff7d317-609b-4c08-bd86-3bc404b77c42,141265655,Anthoxanthum aristatum Boiss.
2705972,native range,Europe,9ff7d317-609b-4c08-bd86-3bc404b77c42,141265655,Anthoxanthum aristatum Boiss.
2706002,native range,Africa,9ff7d317-609b-4c08-bd86-3bc404b77c42,141265674,Phleum paniculatum Huds.
2706002,native range,Eastern Asia,9ff7d317-609b-4c08-bd86-3bc404b77c42,141265674,Phleum paniculatum Huds.
2706002,native range,Eastern Europe,9ff7d317-609b-4c08-bd86-3bc404b77c42,141265674,Phleum paniculatum Huds.
2706002,native range,Europe,9ff7d317-609b-4c08-bd86-3bc404b77c42,141265674,Phleum paniculatum Huds.
2706003,native range,Africa,9ff7d317-609b-4c08-bd86-3bc404b77c42,141265690,Phleum subulatum (Savi) Aschers. & Graebn.
2706003,native range,Eastern Asia,9ff7d317-609b-4c08-bd86-3bc404b77c42,141265690,Phleum subulatum (Savi) Aschers. & Graebn.
2706003,native range,Eastern Europe,9ff7d317-609b-4c08-bd86-3bc404b77c42,141265690,Phleum subulatum (Savi) Aschers. & Graebn.
2706003,native range,Europe,9ff7d317-609b-4c08-bd86-3bc404b77c42,141265690,Phleum subulatum (Savi) Aschers. & Graebn.
2706026,native range,Asia,9ff7d317-609b-4c08-bd86-3bc404b77c42,141265719,Miscanthus sinensis Anderss.
2706052,native range,Americas,9ff7d317-609b-4c08-bd86-3bc404b77c42,141265827,Hordeum jubatum L.
2706052,native range,Eastern Asia,9ff7d317-609b-4c08-bd86-3bc404b77c42,141265827,Hordeum jubatum L.
2706052,native range,Eastern Europe,9ff7d317-609b-4c08-bd86-3bc404b77c42,141265827,Hordeum jubatum L.
2706056,native range,Europe,9ff7d317-609b-4c08-bd86-3bc404b77c42,141265625,Hordeum vulgare L.
2706067,native range,Africa,9ff7d317-609b-4c08-bd86-3bc404b77c42,141265864,Hordeum bulbosum L.
2706067,native range,Eastern Asia,9ff7d317-609b-4c08-bd86-3bc404b77c42,141265864,Hordeum bulbosum L.
2706067,native range,Eastern Europe,9ff7d317-609b-4c08-bd86-3bc404b77c42,141265864,Hordeum bulbosum L.
2706067,native range,Europe,9ff7d317-609b-4c08-bd86-3bc404b77c42,141265864,Hordeum bulbosum L.
2706070,native range,Northern America,9ff7d317-609b-4c08-bd86-3bc404b77c42,141265590,Hordeum pusillum Nutt.
2706188,native range,Africa,9ff7d317-609b-4c08-bd86-3bc404b77c42,141265603,Dactyloctenium aegyptium (L.) Willd.
2706188,native range,Asia,9ff7d317-609b-4c08-bd86-3bc404b77c42,141265603,Dactyloctenium aegyptium (L.) Willd.
2706190,native range,Australia and New Zealand,9ff7d317-609b-4c08-bd86-3bc404b77c42,141265796,Dactyloctenium radulans (R. Brown) Beauv.
2706195,native range,Europe,9ff7d317-609b-4c08-bd86-3bc404b77c42,141265747,Milium vernale Bieb.
2706209,native range,Eastern Asia,9ff7d317-609b-4c08-bd86-3bc404b77c42,141265812,Pseudosasa japonica (Siebold & Zucc. ex Steud.) Makino
2706209,native range,Eastern Europe,9ff7d317-609b-4c08-bd86-3bc404b77c42,141265812,Pseudosasa japonica (Siebold & Zucc. ex Steud.) Makino
2706218,native range,Africa,9ff7d317-609b-4c08-bd86-3bc404b77c42,141265618,Lolium rigidum Gaudin
2706218,native range,Eastern Asia,9ff7d317-609b-4c08-bd86-3bc404b77c42,141265618,Lolium rigidum Gaudin
2706218,native range,Eastern Europe,9ff7d317-609b-4c08-bd86-3bc404b77c42,141265618,Lolium rigidum Gaudin
2706218,native range,Europe,9ff7d317-609b-4c08-bd86-3bc404b77c42,141265618,Lolium rigidum Gaudin
2706225,native range,Eastern Asia,9ff7d317-609b-4c08-bd86-3bc404b77c42,141265768,Lolium persicum Boiss. & Hohen.
2706225,native range,Eastern Europe,9ff7d317-609b-4c08-bd86-3bc404b77c42,141265768,Lolium persicum Boiss. & Hohen.
2706301,native range,Southern Asia,9ff7d317-609b-4c08-bd86-3bc404b77c42,141265785,Coix lacryma-jobi L.
2706403,native range,Europe,9ff7d317-609b-4c08-bd86-3bc404b77c42,141265833,Triticum spelta L.
2706406,native range,Europe,9ff7d317-609b-4c08-bd86-3bc404b77c42,141265746,Triticum turgidum L.
2706444,native range,Eastern Asia,9ff7d317-609b-4c08-bd86-3bc404b77c42,141265774,Agrostis scabra Willd.
2706444,native range,Eastern Europe,9ff7d317-609b-4c08-bd86-3bc404b77c42,141265774,Agrostis scabra Willd.
2706444,native range,Northern America,9ff7d317-609b-4c08-bd86-3bc404b77c42,141265774,Agrostis scabra Willd.
2706457,native range,Africa,9ff7d317-609b-4c08-bd86-3bc404b77c42,141265847,Agrostis nebulosa Boiss. & Reut.
2706457,native range,Europe,9ff7d317-609b-4c08-bd86-3bc404b77c42,141265847,Agrostis nebulosa Boiss. & Reut.
2706501,native range,Africa,9ff7d317-609b-4c08-bd86-3bc404b77c42,141265786,Agrostis castellana Boiss. & Reut.
2706501,native range,Eastern Asia,9ff7d317-609b-4c08-bd86-3bc404b77c42,141265786,Agrostis castellana Boiss. & Reut.
2706501,native range,Eastern Europe,9ff7d317-609b-4c08-bd86-3bc404b77c42,141265786,Agrostis castellana Boiss. & Reut.
2706501,native range,Europe,9ff7d317-609b-4c08-bd86-3bc404b77c42,141265786,Agrostis castellana Boiss. & Reut.
2706526,native range,Eastern Asia,9ff7d317-609b-4c08-bd86-3bc404b77c42,141265713,Agrostis exarata Trin.
2706526,native range,Eastern Europe,9ff7d317-609b-4c08-bd86-3bc404b77c42,141265713,Agrostis exarata Trin.
2706526,native range,Northern America,9ff7d317-609b-4c08-bd86-3bc404b77c42,141265713,Agrostis exarata Trin.
2713519,native range,South America,9ff7d317-609b-4c08-bd86-3bc404b77c42,141267154,Cyperus rigens J. Presl & C. Presl
2713662,native range,South America,9ff7d317-609b-4c08-bd86-3bc404b77c42,141267132,Cyperus aggregatus (Willd.) Endl.
2714166,native range,Africa,9ff7d317-609b-4c08-bd86-3bc404b77c42,141267147,Cyperus involucratus Rottb.
2714301,native range,Africa,9ff7d317-609b-4c08-bd86-3bc404b77c42,141267150,Cyperus conglomeratus Rottb.
2714301,native range,Asia,9ff7d317-609b-4c08-bd86-3bc404b77c42,141267150,Cyperus conglomeratus Rottb.
2714453,native range,Africa,9ff7d317-609b-4c08-bd86-3bc404b77c42,141267138,Cyperus cyperoides (L.) O. Kuntze
2714453,native range,Asia,9ff7d317-609b-4c08-bd86-3bc404b77c42,141267138,Cyperus cyperoides (L.) O. Kuntze
2714656,native range,Africa,9ff7d317-609b-4c08-bd86-3bc404b77c42,141267143,Cyperus congestus Vahl
2714722,native range,Americas,9ff7d317-609b-4c08-bd86-3bc404b77c42,141267133,Cyperus reflexus Vahl
2714796,native range,Africa,9ff7d317-609b-4c08-bd86-3bc404b77c42,141267140,Cyperus difformis L.
2714796,native range,Asia,9ff7d317-609b-4c08-bd86-3bc404b77c42,141267140,Cyperus difformis L.
2714796,native range,Australia and New Zealand,9ff7d317-609b-4c08-bd86-3bc404b77c42,141267140,Cyperus difformis L.
2714796,native range,Europe,9ff7d317-609b-4c08-bd86-3bc404b77c42,141267140,Cyperus difformis L.
2715482,native range,Americas,9ff7d317-609b-4c08-bd86-3bc404b77c42,141267152,Cyperus eragrostis Lam.
2716226,native range,Northern America,9ff7d317-609b-4c08-bd86-3bc404b77c42,141267135,Cyperus esculentus L. var. leptostachyus Boeckeler
2716420,native range,Americas,9ff7d317-609b-4c08-bd86-3bc404b77c42,141267130,Cyperus virens Michaux
2716838,native range,Northern America,9ff7d317-609b-4c08-bd86-3bc404b77c42,141267157,Eleocharis engelmannii Steud.
2717402,native range,Europe,9ff7d317-609b-4c08-bd86-3bc404b77c42,141267148,Eleocharis austriaca Hayek
2717467,native range,Northern America,9ff7d317-609b-4c08-bd86-3bc404b77c42,141267163,Eleocharis obtusa (Willd.) Schultes
2718302,native range,Eastern Asia,9ff7d317-609b-4c08-bd86-3bc404b77c42,141267145,Bolboschoenus yagara (Ohwi) Yung C. Yang & M. Zhan
2718302,native range,Eastern Europe,9ff7d317-609b-4c08-bd86-3bc404b77c42,141267145,Bolboschoenus yagara (Ohwi) Yung C. Yang & M. Zhan
2718302,native range,Europe,9ff7d317-609b-4c08-bd86-3bc404b77c42,141267145,Bolboschoenus yagara (Ohwi) Yung C. Yang & M. Zhan
2718387,native range,Africa,9ff7d317-609b-4c08-bd86-3bc404b77c42,141267146,Bolboschoenus glaucus (Lam.) S.G. Sm.
2718387,native range,Asia,9ff7d317-609b-4c08-bd86-3bc404b77c42,141267146,Bolboschoenus glaucus (Lam.) S.G. Sm.
2718387,native range,Europe,9ff7d317-609b-4c08-bd86-3bc404b77c42,141267146,Bolboschoenus glaucus (Lam.) S.G. Sm.
2720171,native range,Northern America,9ff7d317-609b-4c08-bd86-3bc404b77c42,163968300,Scirpus cyperinus (L.) Kunth
2720269,native range,Northern America,9ff7d317-609b-4c08-bd86-3bc404b77c42,141267164,Scirpus atrovirens Willd. subsp. georgianus (R.M. Harper) Verloove & Lambinon
2722380,native range,Northern America,9ff7d317-609b-4c08-bd86-3bc404b77c42,141267144,Carex crawfordii Fernald
2722515,native range,Eastern Asia,9ff7d317-609b-4c08-bd86-3bc404b77c42,141267136,Carex morrowii Boott
2722515,native range,Eastern Europe,9ff7d317-609b-4c08-bd86-3bc404b77c42,141267136,Carex morrowii Boott
2722973,native range,Eastern Asia,9ff7d317-609b-4c08-bd86-3bc404b77c42,141267159,Carex loliacea L.
2722973,native range,Eastern Europe,9ff7d317-609b-4c08-bd86-3bc404b77c42,141267159,Carex loliacea L.
2722973,native range,Europe,9ff7d317-609b-4c08-bd86-3bc404b77c42,141267159,Carex loliacea L.
2722973,native range,Northern America,9ff7d317-609b-4c08-bd86-3bc404b77c42,141267159,Carex loliacea L.
2723271,native range,Eastern Asia,9ff7d317-609b-4c08-bd86-3bc404b77c42,141267141,Carex melanostachya M. Bieb. ex Willd.
2723271,native range,Eastern Europe,9ff7d317-609b-4c08-bd86-3bc404b77c42,141267141,Carex melanostachya M. Bieb. ex Willd.
2723271,native range,Europe,9ff7d317-609b-4c08-bd86-3bc404b77c42,141267141,Carex melanostachya M. Bieb. ex Willd.
2725229,native range,Europe,9ff7d317-609b-4c08-bd86-3bc404b77c42,141267128,Carex agastachys L.f.
2726360,native range,Northern America,9ff7d317-609b-4c08-bd86-3bc404b77c42,141267142,Carex grayi Carey
2726538,native range,Northern America,9ff7d317-609b-4c08-bd86-3bc404b77c42,141267151,Carex muskingumensis Schweinitz
2726539,native range,Northern America,9ff7d317-609b-4c08-bd86-3bc404b77c42,141267162,Carex scoparia Schkuhr ex Willdenow
2727875,native range,Eastern Asia,9ff7d317-609b-4c08-bd86-3bc404b77c42,141267155,Carex secalina Willd. ex Wahlenb.
2727875,native range,Eastern Europe,9ff7d317-609b-4c08-bd86-3bc404b77c42,141267155,Carex secalina Willd. ex Wahlenb.
2727875,native range,Europe,9ff7d317-609b-4c08-bd86-3bc404b77c42,141267155,Carex secalina Willd. ex Wahlenb.
2728060,native range,Northern America,9ff7d317-609b-4c08-bd86-3bc404b77c42,141267129,Carex vulpinoidea Michaux
2739071,native range,Eastern Asia,9ff7d317-609b-4c08-bd86-3bc404b77c42,141264814,Trachycarpus fortunei (Hook.) H. Wendl.
2739071,native range,Eastern Europe,9ff7d317-609b-4c08-bd86-3bc404b77c42,141264814,Trachycarpus fortunei (Hook.) H. Wendl.
2742119,native range,Eastern Asia,9ff7d317-609b-4c08-bd86-3bc404b77c42,141267172,Veratrum album L.
2742119,native range,Eastern Europe,9ff7d317-609b-4c08-bd86-3bc404b77c42,141267172,Veratrum album L.
2742119,native range,Europe,9ff7d317-609b-4c08-bd86-3bc404b77c42,141267172,Veratrum album L.
2742119,native range,Northern America,9ff7d317-609b-4c08-bd86-3bc404b77c42,141267172,Veratrum album L.
2747489,native range,Eastern Asia,9ff7d317-609b-4c08-bd86-3bc404b77c42,141266910,Crocus chrysanthus Herb.
2747489,native range,Eastern Europe,9ff7d317-609b-4c08-bd86-3bc404b77c42,141266910,Crocus chrysanthus Herb.
2747489,native range,Europe,9ff7d317-609b-4c08-bd86-3bc404b77c42,141266910,Crocus chrysanthus Herb.
2747564,native range,Europe,9ff7d317-609b-4c08-bd86-3bc404b77c42,141266924,Crocus tommasinianus Herb.
2747567,native range,Europe,9ff7d317-609b-4c08-bd86-3bc404b77c42,141266908,Crocus vernus (L.) Hill
2749791,native range,Europe,9ff7d317-609b-4c08-bd86-3bc404b77c42,141266909,Gladiolus italicus Mill.
2752849,native range,Asia,9ff7d317-609b-4c08-bd86-3bc404b77c42,141265026,Erythronium dens-canis L.
2752849,native range,Europe,9ff7d317-609b-4c08-bd86-3bc404b77c42,141265026,Erythronium dens-canis L.
2753146,native range,Europe,9ff7d317-609b-4c08-bd86-3bc404b77c42,141265025,Lilium martagon L.
2762737,native range,Eastern Asia,9ff7d317-609b-4c08-bd86-3bc404b77c42,168400379,Musa basjoo Siebold & Zucc. ex Iinuma
2762737,native range,Eastern Europe,9ff7d317-609b-4c08-bd86-3bc404b77c42,168400379,Musa basjoo Siebold & Zucc. ex Iinuma
2763962,native range,Americas,9ff7d317-609b-4c08-bd86-3bc404b77c42,141264891,Commelina coelestis Willd.
2764179,native range,Asia,9ff7d317-609b-4c08-bd86-3bc404b77c42,141264896,Commelina communis L.
2764337,native range,South America,9ff7d317-609b-4c08-bd86-3bc404b77c42,141264892,Commelina obliqua Vahl
2765156,native range,South America,9ff7d317-609b-4c08-bd86-3bc404b77c42,141264895,Tradescantia fluminensis Velloso
2765942,native range,South America,9ff7d317-609b-4c08-bd86-3bc404b77c42,141264879,Eichhornia crassipes (C.F.P. Mart.) Solms-Laub.
2766030,native range,Americas,9ff7d317-609b-4c08-bd86-3bc404b77c42,141264878,Pontederia cordata L.
2767031,native range,Northern America,9ff7d317-609b-4c08-bd86-3bc404b77c42,141267020,Agave americana L.
2767229,native range,Eastern Asia,9ff7d317-609b-4c08-bd86-3bc404b77c42,141267021,Chionodoxa sardensis Whittall ex Barr & Sugd.
2767229,native range,Eastern Europe,9ff7d317-609b-4c08-bd86-3bc404b77c42,141267021,Chionodoxa sardensis Whittall ex Barr & Sugd.
2767271,native range,Eastern Asia,9ff7d317-609b-4c08-bd86-3bc404b77c42,141267012,Chionodoxa luciliae Boiss.
2767271,native range,Eastern Europe,9ff7d317-609b-4c08-bd86-3bc404b77c42,141267012,Chionodoxa luciliae Boiss.
2767428,native range,Eastern Asia,9ff7d317-609b-4c08-bd86-3bc404b77c42,168400566,Puschkinia scilloides Adams
2767428,native range,Eastern Europe,9ff7d317-609b-4c08-bd86-3bc404b77c42,168400566,Puschkinia scilloides Adams
2769073,native range,Northern America,9ff7d317-609b-4c08-bd86-3bc404b77c42,141267022,Camassia leichtlinii (Baker) S. Watson subsp. suksdorfii (Greenman) Gould
2769435,native range,Eastern Asia,9ff7d317-609b-4c08-bd86-3bc404b77c42,141267015,Maianthemum dilatatum (Alph. Wood) A. Nelson & J. F. Macbride
2769435,native range,Eastern Europe,9ff7d317-609b-4c08-bd86-3bc404b77c42,141267015,Maianthemum dilatatum (Alph. Wood) A. Nelson & J. F. Macbride
2769435,native range,Northern America,9ff7d317-609b-4c08-bd86-3bc404b77c42,141267015,Maianthemum dilatatum (Alph. Wood) A. Nelson & J. F. Macbride
2769493,native range,Northern America,9ff7d317-609b-4c08-bd86-3bc404b77c42,141267001,Maianthemum stellatum (L.) Link
2769622,native range,Eastern Asia,9ff7d317-609b-4c08-bd86-3bc404b77c42,168400563,Muscari azureum Fenzl
2769622,native range,Eastern Europe,9ff7d317-609b-4c08-bd86-3bc404b77c42,168400563,Muscari azureum Fenzl
2769766,native range,Africa,9ff7d317-609b-4c08-bd86-3bc404b77c42,141267014,Ruscus aculeatus L.
2769766,native range,Eastern Asia,9ff7d317-609b-4c08-bd86-3bc404b77c42,141267014,Ruscus aculeatus L.
2769766,native range,Eastern Europe,9ff7d317-609b-4c08-bd86-3bc404b77c42,141267014,Ruscus aculeatus L.
2769766,native range,Europe,9ff7d317-609b-4c08-bd86-3bc404b77c42,141267014,Ruscus aculeatus L.
2771094,native range,Europe,9ff7d317-609b-4c08-bd86-3bc404b77c42,141267016,Hosta spec.
2772082,native range,Eastern Asia,9ff7d317-609b-4c08-bd86-3bc404b77c42,168400564,Muscari latifolium J. Kirk
2772082,native range,Eastern Europe,9ff7d317-609b-4c08-bd86-3bc404b77c42,168400564,Muscari latifolium J. Kirk
2772174,native range,Eastern Asia,9ff7d317-609b-4c08-bd86-3bc404b77c42,141267011,Muscari armeniacum Leichtlin ex Baker
2772174,native range,Eastern Europe,9ff7d317-609b-4c08-bd86-3bc404b77c42,141267011,Muscari armeniacum Leichtlin ex Baker
2772174,native range,Europe,9ff7d317-609b-4c08-bd86-3bc404b77c42,141267011,Muscari armeniacum Leichtlin ex Baker
2772666,native range,Eastern Asia,9ff7d317-609b-4c08-bd86-3bc404b77c42,141267017,Hyacinthus orientalis L.
2772666,native range,Eastern Europe,9ff7d317-609b-4c08-bd86-3bc404b77c42,141267017,Hyacinthus orientalis L.
2772885,native range,Europe,9ff7d317-609b-4c08-bd86-3bc404b77c42,141267009,Loncomelos brevistylus (Wolfner ) Dostál
2772958,native range,Africa,9ff7d317-609b-4c08-bd86-3bc404b77c42,141267018,Loncomelos narbonense (L.) Raf.
2772958,native range,Eastern Asia,9ff7d317-609b-4c08-bd86-3bc404b77c42,141267018,Loncomelos narbonense (L.) Raf.
2772958,native range,Eastern Europe,9ff7d317-609b-4c08-bd86-3bc404b77c42,141267018,Loncomelos narbonense (L.) Raf.
2772958,native range,Europe,9ff7d317-609b-4c08-bd86-3bc404b77c42,141267018,Loncomelos narbonense (L.) Raf.
2773281,native range,Eastern Asia,9ff7d317-609b-4c08-bd86-3bc404b77c42,141267004,Honorius nutans (L.) Gray
2773281,native range,Eastern Europe,9ff7d317-609b-4c08-bd86-3bc404b77c42,141267004,Honorius nutans (L.) Gray
2773281,native range,Europe,9ff7d317-609b-4c08-bd86-3bc404b77c42,141267004,Honorius nutans (L.) Gray
2773453,native range,Eastern Asia,9ff7d317-609b-4c08-bd86-3bc404b77c42,141267005,Ornithogalum divergens Boreau
2773453,native range,Eastern Europe,9ff7d317-609b-4c08-bd86-3bc404b77c42,141267005,Ornithogalum divergens Boreau
2773453,native range,Europe,9ff7d317-609b-4c08-bd86-3bc404b77c42,141267005,Ornithogalum divergens Boreau
2774214,native range,Eastern Asia,9ff7d317-609b-4c08-bd86-3bc404b77c42,168400561,Ophiopogon jaburan (Siebold) Lodd.
2774214,native range,Eastern Europe,9ff7d317-609b-4c08-bd86-3bc404b77c42,168400561,Ophiopogon jaburan (Siebold) Lodd.
2775530,native range,Northern America,9ff7d317-609b-4c08-bd86-3bc404b77c42,141267008,Yucca flaccida Haworth
2775619,native range,Northern America,9ff7d317-609b-4c08-bd86-3bc404b77c42,141267013,Yucca gloriosa L.
2778358,native range,Africa,9ff7d317-609b-4c08-bd86-3bc404b77c42,141266996,Asphodelus tenuifolius Cav.
2778358,native range,Eastern Asia,9ff7d317-609b-4c08-bd86-3bc404b77c42,141266996,Asphodelus tenuifolius Cav.
2778358,native range,Eastern Europe,9ff7d317-609b-4c08-bd86-3bc404b77c42,141266996,Asphodelus tenuifolius Cav.
2778358,native range,Europe,9ff7d317-609b-4c08-bd86-3bc404b77c42,141266996,Asphodelus tenuifolius Cav.
2781074,native range,Eastern Asia,9ff7d317-609b-4c08-bd86-3bc404b77c42,141266998,Hemerocallis fulva (L.) L.
2781074,native range,Eastern Europe,9ff7d317-609b-4c08-bd86-3bc404b77c42,141266998,Hemerocallis fulva (L.) L.
2781103,native range,Eastern Asia,9ff7d317-609b-4c08-bd86-3bc404b77c42,141266997,Hemerocallis lilioasphodelus L.
2781103,native range,Eastern Europe,9ff7d317-609b-4c08-bd86-3bc404b77c42,141266997,Hemerocallis lilioasphodelus L.
2784401,native range,Europe,9ff7d317-609b-4c08-bd86-3bc404b77c42,141264834,Traunsteinera globosa (L.) Reichenb.
2840931,native range,Eastern Asia,9ff7d317-609b-4c08-bd86-3bc404b77c42,141264832,Goodyera repens (L.) R. Brown
2840931,native range,Eastern Europe,9ff7d317-609b-4c08-bd86-3bc404b77c42,141264832,Goodyera repens (L.) R. Brown
2840931,native range,Europe,9ff7d317-609b-4c08-bd86-3bc404b77c42,141264832,Goodyera repens (L.) R. Brown
2840931,native range,Northern America,9ff7d317-609b-4c08-bd86-3bc404b77c42,141264832,Goodyera repens (L.) R. Brown
2855338,native range,Europe,9ff7d317-609b-4c08-bd86-3bc404b77c42,163968182,Galanthus plicatus Bieb.
2855356,native range,Eastern Asia,9ff7d317-609b-4c08-bd86-3bc404b77c42,141267227,Galanthus nivalis L. var. nivalis
2855356,native range,Eastern Europe,9ff7d317-609b-4c08-bd86-3bc404b77c42,141267227,Galanthus nivalis L. var. nivalis
2855356,native range,Europe,9ff7d317-609b-4c08-bd86-3bc404b77c42,141267227,Galanthus nivalis L. var. nivalis
2855374,native range,Eastern Asia,9ff7d317-609b-4c08-bd86-3bc404b77c42,141267248,Galanthus ikariae Baker
2855374,native range,Eastern Europe,9ff7d317-609b-4c08-bd86-3bc404b77c42,141267248,Galanthus ikariae Baker
2855374,native range,Europe,9ff7d317-609b-4c08-bd86-3bc404b77c42,141267248,Galanthus ikariae Baker
2855398,native range,Eastern Asia,9ff7d317-609b-4c08-bd86-3bc404b77c42,168400588,Galanthus elwesii Hook. f.
2855398,native range,Eastern Europe,9ff7d317-609b-4c08-bd86-3bc404b77c42,168400588,Galanthus elwesii Hook. f.
2855398,native range,Europe,9ff7d317-609b-4c08-bd86-3bc404b77c42,168400588,Galanthus elwesii Hook. f.
2855439,native range,Eastern Asia,9ff7d317-609b-4c08-bd86-3bc404b77c42,141267233,Galanthus woronowii Losinsk.
2855439,native range,Eastern Europe,9ff7d317-609b-4c08-bd86-3bc404b77c42,141267233,Galanthus woronowii Losinsk.
2855705,native range,Europe,9ff7d317-609b-4c08-bd86-3bc404b77c42,148437475,Allium lusitanicum Lam.
2855823,native range,Africa,9ff7d317-609b-4c08-bd86-3bc404b77c42,141267240,Allium nigrum L.
2855823,native range,Eastern Asia,9ff7d317-609b-4c08-bd86-3bc404b77c42,141267240,Allium nigrum L.
2855823,native range,Eastern Europe,9ff7d317-609b-4c08-bd86-3bc404b77c42,141267240,Allium nigrum L.
2855823,native range,Europe,9ff7d317-609b-4c08-bd86-3bc404b77c42,141267240,Allium nigrum L.
2855825,native range,Europe,9ff7d317-609b-4c08-bd86-3bc404b77c42,141267230,Allium moly L.
2855860,native range,Europe,9ff7d317-609b-4c08-bd86-3bc404b77c42,141267228,Allium schoenoprasum L.
2855893,native range,Africa,9ff7d317-609b-4c08-bd86-3bc404b77c42,141267249,Allium roseum L.
2855893,native range,Eastern Asia,9ff7d317-609b-4c08-bd86-3bc404b77c42,141267249,Allium roseum L.
2855893,native range,Eastern Europe,9ff7d317-609b-4c08-bd86-3bc404b77c42,141267249,Allium roseum L.
2855893,native range,Europe,9ff7d317-609b-4c08-bd86-3bc404b77c42,141267249,Allium roseum L.
2855968,native range,Eastern Asia,9ff7d317-609b-4c08-bd86-3bc404b77c42,141267229,Allium carinatum L.
2855968,native range,Eastern Europe,9ff7d317-609b-4c08-bd86-3bc404b77c42,141267229,Allium carinatum L.
2855968,native range,Europe,9ff7d317-609b-4c08-bd86-3bc404b77c42,141267229,Allium carinatum L.
2856037,native range,Europe,9ff7d317-609b-4c08-bd86-3bc404b77c42,141267234,Allium porrum L.
2856456,native range,Europe,9ff7d317-609b-4c08-bd86-3bc404b77c42,141267244,Allium pendulinum Ten.
2856457,native range,Africa,9ff7d317-609b-4c08-bd86-3bc404b77c42,141267226,Allium triquetrum L.
2856457,native range,Europe,9ff7d317-609b-4c08-bd86-3bc404b77c42,141267226,Allium triquetrum L.
2856504,native range,Eastern Asia,9ff7d317-609b-4c08-bd86-3bc404b77c42,141267238,Allium fistulosum L.
2856504,native range,Eastern Europe,9ff7d317-609b-4c08-bd86-3bc404b77c42,141267238,Allium fistulosum L.
2856780,native range,Eastern Asia,9ff7d317-609b-4c08-bd86-3bc404b77c42,168400586,Allium cristophii Trautv.
2856780,native range,Eastern Europe,9ff7d317-609b-4c08-bd86-3bc404b77c42,168400586,Allium cristophii Trautv.
2856891,native range,Eastern Asia,9ff7d317-609b-4c08-bd86-3bc404b77c42,168400587,Allium karataviense Regel
2856891,native range,Eastern Europe,9ff7d317-609b-4c08-bd86-3bc404b77c42,168400587,Allium karataviense Regel
2857017,native range,Eastern Asia,9ff7d317-609b-4c08-bd86-3bc404b77c42,141267235,Allium paradoxum (Bieb.) G. Don var. paradoxum
2857017,native range,Eastern Europe,9ff7d317-609b-4c08-bd86-3bc404b77c42,141267235,Allium paradoxum (Bieb.) G. Don var. paradoxum
2857341,native range,Eastern Asia,9ff7d317-609b-4c08-bd86-3bc404b77c42,168400585,Allium zebdanense Boiss. et Noë
2857341,native range,Eastern Europe,9ff7d317-609b-4c08-bd86-3bc404b77c42,168400585,Allium zebdanense Boiss. et Noë
2857449,native range,Eastern Asia,9ff7d317-609b-4c08-bd86-3bc404b77c42,143605133,Allium ramosum L. s.l.
2857449,native range,Eastern Europe,9ff7d317-609b-4c08-bd86-3bc404b77c42,143605133,Allium ramosum L. s.l.
2857679,native range,Eastern Asia,9ff7d317-609b-4c08-bd86-3bc404b77c42,141267231,Allium macleanii Baker
2857679,native range,Eastern Europe,9ff7d317-609b-4c08-bd86-3bc404b77c42,141267231,Allium macleanii Baker
2858581,native range,Europe,9ff7d317-609b-4c08-bd86-3bc404b77c42,141267239,Narcissus poeticus L.
2858963,native range,Africa,9ff7d317-609b-4c08-bd86-3bc404b77c42,163968132,Narcissus tazetta L.
2858963,native range,Eastern Asia,9ff7d317-609b-4c08-bd86-3bc404b77c42,163968132,Narcissus tazetta L.
2858963,native range,Eastern Europe,9ff7d317-609b-4c08-bd86-3bc404b77c42,163968132,Narcissus tazetta L.
2858963,native range,Europe,9ff7d317-609b-4c08-bd86-3bc404b77c42,163968132,Narcissus tazetta L.
2859597,native range,South America,9ff7d317-609b-4c08-bd86-3bc404b77c42,141267247,Tristagma uniflorum (Lindl.) Traub
2865448,native range,Northern America,9ff7d317-609b-4c08-bd86-3bc404b77c42,141267101,Elodea canadensis Michaux
2865501,native range,Americas,9ff7d317-609b-4c08-bd86-3bc404b77c42,141267100,Vallisneria americana Michaux
2865565,native range,Africa,9ff7d317-609b-4c08-bd86-3bc404b77c42,141267099,Lagarosiphon major (Ridley) Moss
2867614,native range,Americas,9ff7d317-609b-4c08-bd86-3bc404b77c42,141264971,"Lemna minuta Humb., Bonpl. & Kunth"
2867631,native range,Eastern Asia,9ff7d317-609b-4c08-bd86-3bc404b77c42,141264973,Lemna turionifera Landolt
2867631,native range,Eastern Europe,9ff7d317-609b-4c08-bd86-3bc404b77c42,141264973,Lemna turionifera Landolt
2867631,native range,Northern America,9ff7d317-609b-4c08-bd86-3bc404b77c42,141264973,Lemna turionifera Landolt
2868796,native range,Africa,9ff7d317-609b-4c08-bd86-3bc404b77c42,141264970,Zantedeschia albomaculata (Hook.) Baill.
2868827,native range,Africa,9ff7d317-609b-4c08-bd86-3bc404b77c42,141264967,Zantedeschia aethiopica (L.) Spreng.
2869311,native range,Northern America,1738f272-6b5d-4f43-9a92-453a8c5ea50a,146042223,Lysichiton americanus Hultén & H. St. John
2869597,native range,Eastern Asia,9ff7d317-609b-4c08-bd86-3bc404b77c42,141264969,Typhonium venosum (Ait.) Hett. & Boyce
2869597,native range,Eastern Europe,9ff7d317-609b-4c08-bd86-3bc404b77c42,141264969,Typhonium venosum (Ait.) Hett. & Boyce
2873769,native range,Eastern Asia,9ff7d317-609b-4c08-bd86-3bc404b77c42,141264697,Acorus calamus L.
2873769,native range,Eastern Europe,9ff7d317-609b-4c08-bd86-3bc404b77c42,141264697,Acorus calamus L.
2873861,native range,Europe,9ff7d317-609b-4c08-bd86-3bc404b77c42,141267057,Linum usitatissimum L.
2873926,native range,Africa,9ff7d317-609b-4c08-bd86-3bc404b77c42,141267055,Linum grandiflorum Desf.
2873991,native range,Eastern Asia,9ff7d317-609b-4c08-bd86-3bc404b77c42,141264979,Aristolochia clematitis L.
2873991,native range,Eastern Europe,9ff7d317-609b-4c08-bd86-3bc404b77c42,141264979,Aristolochia clematitis L.
2873991,native range,Europe,9ff7d317-609b-4c08-bd86-3bc404b77c42,141264979,Aristolochia clematitis L.
2873995,native range,Northern America,9ff7d317-609b-4c08-bd86-3bc404b77c42,148437407,Isotrema macrophyllum (Lam.) C.F. Reed
2874019,native range,Europe,9ff7d317-609b-4c08-bd86-3bc404b77c42,141264981,Aristolochia rotunda L.
2874024,native range,Africa,9ff7d317-609b-4c08-bd86-3bc404b77c42,141264702,Tuberaria guttata (L.) Fourr.
2874024,native range,Eastern Asia,9ff7d317-609b-4c08-bd86-3bc404b77c42,141264702,Tuberaria guttata (L.) Fourr.
2874024,native range,Eastern Europe,9ff7d317-609b-4c08-bd86-3bc404b77c42,141264702,Tuberaria guttata (L.) Fourr.
2874024,native range,Europe,9ff7d317-609b-4c08-bd86-3bc404b77c42,141264702,Tuberaria guttata (L.) Fourr.
2874190,native range,South America,9ff7d317-609b-4c08-bd86-3bc404b77c42,141264784,Passiflora edulis Sims
2874199,native range,South America,9ff7d317-609b-4c08-bd86-3bc404b77c42,141264783,Passiflora caerulea L.
2874508,native range,Americas,9ff7d317-609b-4c08-bd86-3bc404b77c42,141266597,Cucurbita pepo L.
2874515,native range,Americas,9ff7d317-609b-4c08-bd86-3bc404b77c42,141266605,Cucurbita maxima Duchesne
2874538,native range,Eastern Asia,9ff7d317-609b-4c08-bd86-3bc404b77c42,141266604,Thladiantha dubia Bunge
2874538,native range,Eastern Europe,9ff7d317-609b-4c08-bd86-3bc404b77c42,141266604,Thladiantha dubia Bunge
2874569,native range,Europe,9ff7d317-609b-4c08-bd86-3bc404b77c42,141266603,Cucumis sativus L.
2874570,native range,Africa,9ff7d317-609b-4c08-bd86-3bc404b77c42,141266601,Cucumis melo L.
2874570,native range,Asia,9ff7d317-609b-4c08-bd86-3bc404b77c42,141266601,Cucumis melo L.
2874574,native range,Africa,9ff7d317-609b-4c08-bd86-3bc404b77c42,163968280,Cucumis dipsaceus Ehrenb. ex Spach
2874621,native range,Africa,9ff7d317-609b-4c08-bd86-3bc404b77c42,141266599,Citrullus lanatus (Thunb.) Matsumura & Nakai
2874655,native range,Northern America,9ff7d317-609b-4c08-bd86-3bc404b77c42,141266606,Sicyos angulatus L.
2874680,native range,Africa,9ff7d317-609b-4c08-bd86-3bc404b77c42,141266598,Ecballium elaterium (L.) A. Rich.
2874680,native range,Eastern Asia,9ff7d317-609b-4c08-bd86-3bc404b77c42,141266598,Ecballium elaterium (L.) A. Rich.
2874680,native range,Eastern Europe,9ff7d317-609b-4c08-bd86-3bc404b77c42,141266598,Ecballium elaterium (L.) A. Rich.
2874680,native range,Europe,9ff7d317-609b-4c08-bd86-3bc404b77c42,141266598,Ecballium elaterium (L.) A. Rich.
2874692,native range,Africa,9ff7d317-609b-4c08-bd86-3bc404b77c42,141264690,Frankenia pulverulenta L.
2874692,native range,Eastern Asia,9ff7d317-609b-4c08-bd86-3bc404b77c42,141264690,Frankenia pulverulenta L.
2874692,native range,Eastern Europe,9ff7d317-609b-4c08-bd86-3bc404b77c42,141264690,Frankenia pulverulenta L.
2874692,native range,Europe,9ff7d317-609b-4c08-bd86-3bc404b77c42,141264690,Frankenia pulverulenta L.
2874701,native range,Africa,9ff7d317-609b-4c08-bd86-3bc404b77c42,141264686,Tamarix canariensis Willd.
2874701,native range,Europe,9ff7d317-609b-4c08-bd86-3bc404b77c42,141264686,Tamarix canariensis Willd.
2874706,native range,Africa,9ff7d317-609b-4c08-bd86-3bc404b77c42,141264685,Tamarix parviflora DC.
2874706,native range,Eastern Asia,9ff7d317-609b-4c08-bd86-3bc404b77c42,141264685,Tamarix parviflora DC.
2874706,native range,Eastern Europe,9ff7d317-609b-4c08-bd86-3bc404b77c42,141264685,Tamarix parviflora DC.
2874706,native range,Europe,9ff7d317-609b-4c08-bd86-3bc404b77c42,141264685,Tamarix parviflora DC.
2875968,native range,Eastern Asia,9ff7d317-609b-4c08-bd86-3bc404b77c42,141264779,Corylus colurna L.
2875968,native range,Eastern Europe,9ff7d317-609b-4c08-bd86-3bc404b77c42,141264779,Corylus colurna L.
2875968,native range,Europe,9ff7d317-609b-4c08-bd86-3bc404b77c42,141264779,Corylus colurna L.
2876049,native range,Eastern Asia,9ff7d317-609b-4c08-bd86-3bc404b77c42,141264776,Corylus maxima Mill.
2876049,native range,Eastern Europe,9ff7d317-609b-4c08-bd86-3bc404b77c42,141264776,Corylus maxima Mill.
2876049,native range,Europe,9ff7d317-609b-4c08-bd86-3bc404b77c42,141264776,Corylus maxima Mill.
2876607,native range,Europe,9ff7d317-609b-4c08-bd86-3bc404b77c42,141264775,Alnus cordata (Loisel.) Duby
2879098,native range,Africa,9ff7d317-609b-4c08-bd86-3bc404b77c42,141264756,Quercus ilex L.
2879098,native range,Eastern Asia,9ff7d317-609b-4c08-bd86-3bc404b77c42,141264756,Quercus ilex L.
2879098,native range,Eastern Europe,9ff7d317-609b-4c08-bd86-3bc404b77c42,141264756,Quercus ilex L.
2879098,native range,Europe,9ff7d317-609b-4c08-bd86-3bc404b77c42,141264756,Quercus ilex L.
2879520,native range,Eastern Asia,9ff7d317-609b-4c08-bd86-3bc404b77c42,141264754,Quercus frainetto Ten.
2879520,native range,Eastern Europe,9ff7d317-609b-4c08-bd86-3bc404b77c42,141264754,Quercus frainetto Ten.
2879520,native range,Europe,9ff7d317-609b-4c08-bd86-3bc404b77c42,141264754,Quercus frainetto Ten.
2880539,native range,Northern America,9ff7d317-609b-4c08-bd86-3bc404b77c42,141264757,Quercus rubra L.
2880580,native range,Eastern Asia,9ff7d317-609b-4c08-bd86-3bc404b77c42,141264752,Quercus cerris L.
2880580,native range,Eastern Europe,9ff7d317-609b-4c08-bd86-3bc404b77c42,141264752,Quercus cerris L.
2880580,native range,Europe,9ff7d317-609b-4c08-bd86-3bc404b77c42,141264752,Quercus cerris L.
2882443,native range,Northern America,9ff7d317-609b-4c08-bd86-3bc404b77c42,141264668,Cabomba caroliniana A. Gray
2882443,native range,South America,1738f272-6b5d-4f43-9a92-453a8c5ea50a,146042215,Cabomba caroliniana A. Gray
2882631,native range,Eastern Asia,9ff7d317-609b-4c08-bd86-3bc404b77c42,168400471,Pieris japonica (Thunb.) D. Don
2882631,native range,Eastern Europe,9ff7d317-609b-4c08-bd86-3bc404b77c42,168400471,Pieris japonica (Thunb.) D. Don
2882753,native range,Northern America,9ff7d317-609b-4c08-bd86-3bc404b77c42,141264939,Gaultheria procumbens L.
2882841,native range,Northern America,9ff7d317-609b-4c08-bd86-3bc404b77c42,141264931,Vaccinium macrocarpon Ait.
2882849,native range,Northern America,9ff7d317-609b-4c08-bd86-3bc404b77c42,141264938,Vaccinium corymbosum L.
2883007,native range,Northern America,9ff7d317-609b-4c08-bd86-3bc404b77c42,141264928,Kalmia angustifolia L.
2888298,native range,Eastern Asia,9ff7d317-609b-4c08-bd86-3bc404b77c42,141264937,Moneses uniflora (L.) A. Gray
2888298,native range,Eastern Europe,9ff7d317-609b-4c08-bd86-3bc404b77c42,141264937,Moneses uniflora (L.) A. Gray
2888298,native range,Europe,9ff7d317-609b-4c08-bd86-3bc404b77c42,141264937,Moneses uniflora (L.) A. Gray
2888298,native range,Northern America,9ff7d317-609b-4c08-bd86-3bc404b77c42,141264937,Moneses uniflora (L.) A. Gray
2888310,native range,Eastern Asia,9ff7d317-609b-4c08-bd86-3bc404b77c42,141264940,Orthilia secunda (L.) House
2888310,native range,Eastern Europe,9ff7d317-609b-4c08-bd86-3bc404b77c42,141264940,Orthilia secunda (L.) House
2888310,native range,Europe,9ff7d317-609b-4c08-bd86-3bc404b77c42,141264940,Orthilia secunda (L.) House
2888310,native range,Northern America,9ff7d317-609b-4c08-bd86-3bc404b77c42,141264940,Orthilia secunda (L.) House
2888323,native range,Northern America,9ff7d317-609b-4c08-bd86-3bc404b77c42,141264652,Clethra alnifolia L.
2888380,native range,Northern America,9ff7d317-609b-4c08-bd86-3bc404b77c42,141267108,Eschscholzia californica Cham.
2888485,native range,Americas,9ff7d317-609b-4c08-bd86-3bc404b77c42,141267114,Argemone mexicana L.
2888513,native range,Europe,9ff7d317-609b-4c08-bd86-3bc404b77c42,141267109,Pseudofumaria lutea (L.) Borkh.
2888553,native range,Northern America,9ff7d317-609b-4c08-bd86-3bc404b77c42,141264692,Dicentra formosa (Haw.) Walp.
2888559,native range,Africa,9ff7d317-609b-4c08-bd86-3bc404b77c42,141267113,Hypecoum pendulum L.
2888559,native range,Eastern Asia,9ff7d317-609b-4c08-bd86-3bc404b77c42,141267113,Hypecoum pendulum L.
2888559,native range,Eastern Europe,9ff7d317-609b-4c08-bd86-3bc404b77c42,141267113,Hypecoum pendulum L.
2888559,native range,Europe,9ff7d317-609b-4c08-bd86-3bc404b77c42,141267113,Hypecoum pendulum L.
2888564,native range,Eastern Asia,9ff7d317-609b-4c08-bd86-3bc404b77c42,141267112,Lamprocapnos spectabilis (L.) Fukuhara
2888564,native range,Eastern Europe,9ff7d317-609b-4c08-bd86-3bc404b77c42,141267112,Lamprocapnos spectabilis (L.) Fukuhara
2888579,native range,Eastern Asia,9ff7d317-609b-4c08-bd86-3bc404b77c42,141267075,Leycesteria formosa Wallich
2888579,native range,Eastern Europe,9ff7d317-609b-4c08-bd86-3bc404b77c42,141267075,Leycesteria formosa Wallich
2888585,native range,Europe,9ff7d317-609b-4c08-bd86-3bc404b77c42,141266436,Viburnum tinus L.
2888622,native range,Eastern Asia,9ff7d317-609b-4c08-bd86-3bc404b77c42,163968267,Viburnum plicatum Thunb.
2888622,native range,Eastern Europe,9ff7d317-609b-4c08-bd86-3bc404b77c42,163968267,Viburnum plicatum Thunb.
2888625,native range,Eastern Asia,9ff7d317-609b-4c08-bd86-3bc404b77c42,141266433,Viburnum rhytidophyllum Hemsl.
2888625,native range,Eastern Europe,9ff7d317-609b-4c08-bd86-3bc404b77c42,141266433,Viburnum rhytidophyllum Hemsl.
2888636,native range,Northern America,9ff7d317-609b-4c08-bd86-3bc404b77c42,141267062,Symphoricarpos orbiculatus Moench
2888706,native range,Eastern Asia,9ff7d317-609b-4c08-bd86-3bc404b77c42,141267088,Kolkwitzia amabilis Graebn.
2888706,native range,Eastern Europe,9ff7d317-609b-4c08-bd86-3bc404b77c42,141267088,Kolkwitzia amabilis Graebn.
2888740,native range,Africa,9ff7d317-609b-4c08-bd86-3bc404b77c42,141267094,Centranthus ruber (L.) DC.
2888740,native range,Eastern Asia,9ff7d317-609b-4c08-bd86-3bc404b77c42,141267094,Centranthus ruber (L.) DC.
2888740,native range,Eastern Europe,9ff7d317-609b-4c08-bd86-3bc404b77c42,141267094,Centranthus ruber (L.) DC.
2888740,native range,Europe,9ff7d317-609b-4c08-bd86-3bc404b77c42,141267094,Centranthus ruber (L.) DC.
2888773,native range,Africa,9ff7d317-609b-4c08-bd86-3bc404b77c42,141267074,Valerianella eriocarpa Desv.
2888773,native range,Eastern Asia,9ff7d317-609b-4c08-bd86-3bc404b77c42,141267074,Valerianella eriocarpa Desv.
2888773,native range,Eastern Europe,9ff7d317-609b-4c08-bd86-3bc404b77c42,141267074,Valerianella eriocarpa Desv.
2888773,native range,Europe,9ff7d317-609b-4c08-bd86-3bc404b77c42,141267074,Valerianella eriocarpa Desv.
2888796,native range,Africa,9ff7d317-609b-4c08-bd86-3bc404b77c42,141267073,Cephalaria syriaca (L.) Roem. & Schult.
2888796,native range,Eastern Asia,9ff7d317-609b-4c08-bd86-3bc404b77c42,141267073,Cephalaria syriaca (L.) Roem. & Schult.
2888796,native range,Eastern Europe,9ff7d317-609b-4c08-bd86-3bc404b77c42,141267073,Cephalaria syriaca (L.) Roem. & Schult.
2888796,native range,Europe,9ff7d317-609b-4c08-bd86-3bc404b77c42,141267073,Cephalaria syriaca (L.) Roem. & Schult.
2888797,native range,Eastern Asia,9ff7d317-609b-4c08-bd86-3bc404b77c42,141267095,Cephalaria gigantea (Ledeb.) Bobrov
2888797,native range,Eastern Europe,9ff7d317-609b-4c08-bd86-3bc404b77c42,141267095,Cephalaria gigantea (Ledeb.) Bobrov
2888799,native range,Europe,9ff7d317-609b-4c08-bd86-3bc404b77c42,141267080,Cephalaria alpina (L.) Roem. & Schult.
2888805,native range,Africa,9ff7d317-609b-4c08-bd86-3bc404b77c42,141267059,Scabiosa atropurpurea L.
2888805,native range,Eastern Asia,9ff7d317-609b-4c08-bd86-3bc404b77c42,141267059,Scabiosa atropurpurea L.
2888805,native range,Eastern Europe,9ff7d317-609b-4c08-bd86-3bc404b77c42,141267059,Scabiosa atropurpurea L.
2888805,native range,Europe,9ff7d317-609b-4c08-bd86-3bc404b77c42,141267059,Scabiosa atropurpurea L.
2888806,native range,Africa,9ff7d317-609b-4c08-bd86-3bc404b77c42,141267081,Scabiosa ochroleuca L.
2888806,native range,Eastern Asia,9ff7d317-609b-4c08-bd86-3bc404b77c42,141267081,Scabiosa ochroleuca L.
2888806,native range,Eastern Europe,9ff7d317-609b-4c08-bd86-3bc404b77c42,141267081,Scabiosa ochroleuca L.
2888806,native range,Europe,9ff7d317-609b-4c08-bd86-3bc404b77c42,141267081,Scabiosa ochroleuca L.
2888814,native range,Eastern Asia,9ff7d317-609b-4c08-bd86-3bc404b77c42,141267090,Dipsacus laciniatus L.
2888814,native range,Eastern Europe,9ff7d317-609b-4c08-bd86-3bc404b77c42,141267090,Dipsacus laciniatus L.
2888814,native range,Europe,9ff7d317-609b-4c08-bd86-3bc404b77c42,141267090,Dipsacus laciniatus L.
2888816,native range,Europe,9ff7d317-609b-4c08-bd86-3bc404b77c42,141267079,Dipsacus sativus (L.) Honck.
2888859,native range,Australia and New Zealand,9ff7d317-609b-4c08-bd86-3bc404b77c42,141266385,Muehlenbeckia complexa (A. Cunn.) Meissn.
2888870,native range,Africa,9ff7d317-609b-4c08-bd86-3bc404b77c42,141266417,Emex spinosa (L.) Campd.
2888870,native range,Eastern Asia,9ff7d317-609b-4c08-bd86-3bc404b77c42,141266417,Emex spinosa (L.) Campd.
2888870,native range,Eastern Europe,9ff7d317-609b-4c08-bd86-3bc404b77c42,141266417,Emex spinosa (L.) Campd.
2888870,native range,Europe,9ff7d317-609b-4c08-bd86-3bc404b77c42,141266417,Emex spinosa (L.) Campd.
2888943,native range,Eastern Asia,9ff7d317-609b-4c08-bd86-3bc404b77c42,141266423,Rumex confertus Willd.
2888943,native range,Eastern Europe,9ff7d317-609b-4c08-bd86-3bc404b77c42,141266423,Rumex confertus Willd.
2888945,native range,Australia and New Zealand,9ff7d317-609b-4c08-bd86-3bc404b77c42,141266405,Rumex brownii Campd.
2888946,native range,Eastern Asia,9ff7d317-609b-4c08-bd86-3bc404b77c42,141266411,Rumex longifolius DC.
2888946,native range,Eastern Europe,9ff7d317-609b-4c08-bd86-3bc404b77c42,141266411,Rumex longifolius DC.
2888946,native range,Europe,9ff7d317-609b-4c08-bd86-3bc404b77c42,141266411,Rumex longifolius DC.
2888948,native range,Eastern Asia,9ff7d317-609b-4c08-bd86-3bc404b77c42,141266379,Rumex alpinus L.
2888948,native range,Eastern Europe,9ff7d317-609b-4c08-bd86-3bc404b77c42,141266379,Rumex alpinus L.
2888948,native range,Europe,9ff7d317-609b-4c08-bd86-3bc404b77c42,141266379,Rumex alpinus L.
2888982,native range,Americas,9ff7d317-609b-4c08-bd86-3bc404b77c42,141266383,Rumex fueginus Phil.
2888987,native range,South America,9ff7d317-609b-4c08-bd86-3bc404b77c42,141266416,Rumex obovatus Danser
2888993,native range,Africa,9ff7d317-609b-4c08-bd86-3bc404b77c42,141266403,Rumex bucephalophorus L.
2888993,native range,Eastern Asia,9ff7d317-609b-4c08-bd86-3bc404b77c42,141266403,Rumex bucephalophorus L.
2888993,native range,Eastern Europe,9ff7d317-609b-4c08-bd86-3bc404b77c42,141266403,Rumex bucephalophorus L.
2888993,native range,Europe,9ff7d317-609b-4c08-bd86-3bc404b77c42,141266403,Rumex bucephalophorus L.
2889005,native range,Europe,9ff7d317-609b-4c08-bd86-3bc404b77c42,141266393,Rumex kerneri Borbás
2889010,native range,Eastern Asia,9ff7d317-609b-4c08-bd86-3bc404b77c42,141266400,Rumex cristatus DC.
2889010,native range,Eastern Europe,9ff7d317-609b-4c08-bd86-3bc404b77c42,141266400,Rumex cristatus DC.
2889010,native range,Europe,9ff7d317-609b-4c08-bd86-3bc404b77c42,141266400,Rumex cristatus DC.
2889019,native range,Eastern Asia,9ff7d317-609b-4c08-bd86-3bc404b77c42,141266392,Rumex patientia L.
2889019,native range,Eastern Europe,9ff7d317-609b-4c08-bd86-3bc404b77c42,141266392,Rumex patientia L.
2889019,native range,Europe,9ff7d317-609b-4c08-bd86-3bc404b77c42,141266392,Rumex patientia L.
2889023,native range,Eastern Asia,9ff7d317-609b-4c08-bd86-3bc404b77c42,141266390,Rumex stenophyllus Ledeb.
2889023,native range,Eastern Europe,9ff7d317-609b-4c08-bd86-3bc404b77c42,141266390,Rumex stenophyllus Ledeb.
2889023,native range,Europe,9ff7d317-609b-4c08-bd86-3bc404b77c42,141266390,Rumex stenophyllus Ledeb.
2889030,native range,Northern America,9ff7d317-609b-4c08-bd86-3bc404b77c42,141266388,Rumex altissimus Wood
2889037,native range,Europe,9ff7d317-609b-4c08-bd86-3bc404b77c42,141266425,Rumex rugosus Campd.
2889038,native range,Africa,9ff7d317-609b-4c08-bd86-3bc404b77c42,141266420,Rumex dentatus L.
2889038,native range,Eastern Asia,9ff7d317-609b-4c08-bd86-3bc404b77c42,141266420,Rumex dentatus L.
2889038,native range,Eastern Europe,9ff7d317-609b-4c08-bd86-3bc404b77c42,141266420,Rumex dentatus L.
2889038,native range,Europe,9ff7d317-609b-4c08-bd86-3bc404b77c42,141266420,Rumex dentatus L.
2889088,native range,Asia,1738f272-6b5d-4f43-9a92-453a8c5ea50a,146042254,Fallopia sachalinensis (Schmidt) Ronse Decraene
2889088,native range,Eastern Asia,9ff7d317-609b-4c08-bd86-3bc404b77c42,141266407,Reynoutria sachalinensis (F. Schmidt Petrop.) Nakai
2889088,native range,Eastern Europe,9ff7d317-609b-4c08-bd86-3bc404b77c42,141266407,Reynoutria sachalinensis (F. Schmidt Petrop.) Nakai
2889173,native range,Asia,1738f272-6b5d-4f43-9a92-453a8c5ea50a,146042225,Fallopia japonica (Houttuyn) Ronse Decraene
2889173,native range,Eastern Asia,9ff7d317-609b-4c08-bd86-3bc404b77c42,141266397,Reynoutria japonica Houtt.
2889173,native range,Eastern Europe,9ff7d317-609b-4c08-bd86-3bc404b77c42,141266397,Reynoutria japonica Houtt.
2889198,native range,Northern America,9ff7d317-609b-4c08-bd86-3bc404b77c42,141266394,Persicaria pensylvanica (L.) Gómez de la Maza
2889229,native range,Asia,9ff7d317-609b-4c08-bd86-3bc404b77c42,141266422,Persicaria orientalis (L.) Spach
2889304,native range,Eastern Asia,9ff7d317-609b-4c08-bd86-3bc404b77c42,141266386,Persicaria capitata (Buch.-Hamilt. ex D. Don) H. Gross
2889304,native range,Eastern Europe,9ff7d317-609b-4c08-bd86-3bc404b77c42,141266386,Persicaria capitata (Buch.-Hamilt. ex D. Don) H. Gross
2889358,native range,Eastern Asia,9ff7d317-609b-4c08-bd86-3bc404b77c42,308609258,Oxyria digyna (L.) Hill
2889358,native range,Eastern Europe,9ff7d317-609b-4c08-bd86-3bc404b77c42,308609258,Oxyria digyna (L.) Hill
2889358,native range,Europe,9ff7d317-609b-4c08-bd86-3bc404b77c42,308609258,Oxyria digyna (L.) Hill
2889358,native range,Northern America,9ff7d317-609b-4c08-bd86-3bc404b77c42,308609258,Oxyria digyna (L.) Hill
2889373,native range,Eastern Asia,9ff7d317-609b-4c08-bd86-3bc404b77c42,141266431,Fagopyrum esculentum Moench
2889373,native range,Eastern Europe,9ff7d317-609b-4c08-bd86-3bc404b77c42,141266431,Fagopyrum esculentum Moench
2889378,native range,Eastern Asia,9ff7d317-609b-4c08-bd86-3bc404b77c42,141266406,Fagopyrum tataricum (L.) Gaertn.
2889378,native range,Eastern Europe,9ff7d317-609b-4c08-bd86-3bc404b77c42,141266406,Fagopyrum tataricum (L.) Gaertn.
2889934,native range,South America,9ff7d317-609b-4c08-bd86-3bc404b77c42,141264589,Tropaeolum majus L.
2890013,native range,Eastern Asia,9ff7d317-609b-4c08-bd86-3bc404b77c42,141266459,Geranium divaricatum Ehrh.
2890013,native range,Eastern Europe,9ff7d317-609b-4c08-bd86-3bc404b77c42,141266459,Geranium divaricatum Ehrh.
2890013,native range,Europe,9ff7d317-609b-4c08-bd86-3bc404b77c42,141266459,Geranium divaricatum Ehrh.
2890122,native range,Africa,9ff7d317-609b-4c08-bd86-3bc404b77c42,141266458,Geranium pyrenaicum Burm. f.
2890122,native range,Eastern Asia,9ff7d317-609b-4c08-bd86-3bc404b77c42,141266458,Geranium pyrenaicum Burm. f.
2890122,native range,Eastern Europe,9ff7d317-609b-4c08-bd86-3bc404b77c42,141266458,Geranium pyrenaicum Burm. f.
2890122,native range,Europe,9ff7d317-609b-4c08-bd86-3bc404b77c42,141266458,Geranium pyrenaicum Burm. f.
2890287,native range,Europe,9ff7d317-609b-4c08-bd86-3bc404b77c42,141266456,Geranium nodosum L.
2890502,native range,Europe,9ff7d317-609b-4c08-bd86-3bc404b77c42,141266467,Geranium endressii J. Gay
2890541,native range,Africa,9ff7d317-609b-4c08-bd86-3bc404b77c42,141266441,Geranium purpureum Vill.
2890541,native range,Eastern Asia,9ff7d317-609b-4c08-bd86-3bc404b77c42,141266441,Geranium purpureum Vill.
2890541,native range,Eastern Europe,9ff7d317-609b-4c08-bd86-3bc404b77c42,141266441,Geranium purpureum Vill.
2890541,native range,Europe,9ff7d317-609b-4c08-bd86-3bc404b77c42,141266441,Geranium purpureum Vill.
2890623,native range,Northern America,9ff7d317-609b-4c08-bd86-3bc404b77c42,141266463,Geranium carolinianum L.
2890651,native range,Eastern Asia,9ff7d317-609b-4c08-bd86-3bc404b77c42,141266462,Geranium psilostemon Ledeb.
2890651,native range,Eastern Europe,9ff7d317-609b-4c08-bd86-3bc404b77c42,141266462,Geranium psilostemon Ledeb.
2890972,native range,Eastern Asia,9ff7d317-609b-4c08-bd86-3bc404b77c42,168400531,Geranium wallichianum D. Don ex Sweet
2890972,native range,Eastern Europe,9ff7d317-609b-4c08-bd86-3bc404b77c42,168400531,Geranium wallichianum D. Don ex Sweet
2891079,native range,Europe,9ff7d317-609b-4c08-bd86-3bc404b77c42,141266450,Geranium macrorrhizum L.
2891390,native range,Europe,9ff7d317-609b-4c08-bd86-3bc404b77c42,141266448,Geranium phaeum L.
2891617,native range,Africa,9ff7d317-609b-4c08-bd86-3bc404b77c42,141266464,Erodium brachycarpum (Godr.) Thell.
2891624,native range,Australia and New Zealand,9ff7d317-609b-4c08-bd86-3bc404b77c42,141266447,Erodium cygnorum Nees subsp. cygnorum
2891628,native range,Africa,9ff7d317-609b-4c08-bd86-3bc404b77c42,141266451,Erodium botrys (Cav.) Bertol.
2891628,native range,Eastern Asia,9ff7d317-609b-4c08-bd86-3bc404b77c42,141266451,Erodium botrys (Cav.) Bertol.
2891628,native range,Eastern Europe,9ff7d317-609b-4c08-bd86-3bc404b77c42,141266451,Erodium botrys (Cav.) Bertol.
2891628,native range,Europe,9ff7d317-609b-4c08-bd86-3bc404b77c42,141266451,Erodium botrys (Cav.) Bertol.
2891664,native range,South America,9ff7d317-609b-4c08-bd86-3bc404b77c42,141266321,Oxalis articulata Savigny
2891677,native range,Northern America,9ff7d317-609b-4c08-bd86-3bc404b77c42,141266326,Oxalis dillenii Jacq.
2891707,native range,South America,9ff7d317-609b-4c08-bd86-3bc404b77c42,141266327,"Oxalis debilis Humb., Bonpl. & Kunth"
2891755,native range,Americas,9ff7d317-609b-4c08-bd86-3bc404b77c42,141266322,Oxalis latifolia Kunth
2891770,native range,Asia,1738f272-6b5d-4f43-9a92-453a8c5ea50a,146042132,Impatiens glandulifera Royle
2891770,native range,Eastern Asia,9ff7d317-609b-4c08-bd86-3bc404b77c42,141264727,Impatiens glandulifera Royle
2891770,native range,Eastern Europe,9ff7d317-609b-4c08-bd86-3bc404b77c42,141264727,Impatiens glandulifera Royle
2891774,native range,Northern America,9ff7d317-609b-4c08-bd86-3bc404b77c42,141264728,Impatiens capensis Meerb.
2891782,native range,Eastern Asia,9ff7d317-609b-4c08-bd86-3bc404b77c42,141264729,Impatiens parviflora DC.
2891782,native range,Eastern Europe,9ff7d317-609b-4c08-bd86-3bc404b77c42,141264729,Impatiens parviflora DC.
2891783,native range,Eastern Asia,9ff7d317-609b-4c08-bd86-3bc404b77c42,141264730,Impatiens balfourii Hook. f.
2891783,native range,Eastern Europe,9ff7d317-609b-4c08-bd86-3bc404b77c42,141264730,Impatiens balfourii Hook. f.
2892272,native range,Eastern Asia,9ff7d317-609b-4c08-bd86-3bc404b77c42,141266583,Rubia tinctorum L.
2892272,native range,Eastern Europe,9ff7d317-609b-4c08-bd86-3bc404b77c42,141266583,Rubia tinctorum L.
2892272,native range,Europe,9ff7d317-609b-4c08-bd86-3bc404b77c42,141266583,Rubia tinctorum L.
2908428,native range,Eastern Asia,9ff7d317-609b-4c08-bd86-3bc404b77c42,141266595,Galium divaricatum Pourr. ex Lam.
2908428,native range,Eastern Europe,9ff7d317-609b-4c08-bd86-3bc404b77c42,141266595,Galium divaricatum Pourr. ex Lam.
2908428,native range,Europe,9ff7d317-609b-4c08-bd86-3bc404b77c42,141266595,Galium divaricatum Pourr. ex Lam.
2913219,native range,Africa,9ff7d317-609b-4c08-bd86-3bc404b77c42,141266589,Galium parisiense L. var. leiocarpum Tausch
2913219,native range,Eastern Asia,9ff7d317-609b-4c08-bd86-3bc404b77c42,141266589,Galium parisiense L. var. leiocarpum Tausch
2913219,native range,Eastern Europe,9ff7d317-609b-4c08-bd86-3bc404b77c42,141266589,Galium parisiense L. var. leiocarpum Tausch
2913219,native range,Europe,9ff7d317-609b-4c08-bd86-3bc404b77c42,141266589,Galium parisiense L. var. leiocarpum Tausch
2914404,native range,Europe,9ff7d317-609b-4c08-bd86-3bc404b77c42,141266594,Galium verum L. subsp. wirtgenii (F. W. Schultz) Oborný
2914501,native range,Eastern Asia,9ff7d317-609b-4c08-bd86-3bc404b77c42,141266587,Galium tenuissimum Bieb.
2914501,native range,Eastern Europe,9ff7d317-609b-4c08-bd86-3bc404b77c42,141266587,Galium tenuissimum Bieb.
2914501,native range,Europe,9ff7d317-609b-4c08-bd86-3bc404b77c42,141266587,Galium tenuissimum Bieb.
2914590,native range,Africa,9ff7d317-609b-4c08-bd86-3bc404b77c42,141266584,Galium murale (L.) All.
2914590,native range,Eastern Asia,9ff7d317-609b-4c08-bd86-3bc404b77c42,141266584,Galium murale (L.) All.
2914590,native range,Eastern Europe,9ff7d317-609b-4c08-bd86-3bc404b77c42,141266584,Galium murale (L.) All.
2914590,native range,Europe,9ff7d317-609b-4c08-bd86-3bc404b77c42,141266584,Galium murale (L.) All.
2914754,native range,Africa,9ff7d317-609b-4c08-bd86-3bc404b77c42,141266590,Galium verrucosum Huds.
2914754,native range,Eastern Asia,9ff7d317-609b-4c08-bd86-3bc404b77c42,141266590,Galium verrucosum Huds.
2914754,native range,Eastern Europe,9ff7d317-609b-4c08-bd86-3bc404b77c42,141266590,Galium verrucosum Huds.
2914754,native range,Europe,9ff7d317-609b-4c08-bd86-3bc404b77c42,141266590,Galium verrucosum Huds.
2916662,native range,Africa,9ff7d317-609b-4c08-bd86-3bc404b77c42,141266591,Asperula arvensis L.
2916662,native range,Eastern Asia,9ff7d317-609b-4c08-bd86-3bc404b77c42,141266591,Asperula arvensis L.
2916662,native range,Eastern Europe,9ff7d317-609b-4c08-bd86-3bc404b77c42,141266591,Asperula arvensis L.
2916662,native range,Europe,9ff7d317-609b-4c08-bd86-3bc404b77c42,141266591,Asperula arvensis L.
2916767,native range,Europe,9ff7d317-609b-4c08-bd86-3bc404b77c42,141266585,Asperula tinctoria L.
2916822,native range,Africa,9ff7d317-609b-4c08-bd86-3bc404b77c42,141266593,Asperula laevigata L.
2916822,native range,Eastern Asia,9ff7d317-609b-4c08-bd86-3bc404b77c42,141266593,Asperula laevigata L.
2916822,native range,Eastern Europe,9ff7d317-609b-4c08-bd86-3bc404b77c42,141266593,Asperula laevigata L.
2916822,native range,Europe,9ff7d317-609b-4c08-bd86-3bc404b77c42,141266593,Asperula laevigata L.
2916975,native range,Eastern Asia,9ff7d317-609b-4c08-bd86-3bc404b77c42,141266581,Asperula taurina L.
2916975,native range,Eastern Europe,9ff7d317-609b-4c08-bd86-3bc404b77c42,141266581,Asperula taurina L.
2916975,native range,Europe,9ff7d317-609b-4c08-bd86-3bc404b77c42,141266581,Asperula taurina L.
2925351,native range,Eastern Asia,9ff7d317-609b-4c08-bd86-3bc404b77c42,141266277,Clerodendrum bungei Steud.
2925351,native range,Eastern Europe,9ff7d317-609b-4c08-bd86-3bc404b77c42,141266277,Clerodendrum bungei Steud.
2925366,native range,Eastern Asia,9ff7d317-609b-4c08-bd86-3bc404b77c42,141266279,Clerodendrum trichotomum Thunb.
2925366,native range,Eastern Europe,9ff7d317-609b-4c08-bd86-3bc404b77c42,141266279,Clerodendrum trichotomum Thunb.
2925492,native range,Africa,9ff7d317-609b-4c08-bd86-3bc404b77c42,141264990,Verbena supina L.
2925492,native range,Eastern Asia,9ff7d317-609b-4c08-bd86-3bc404b77c42,141264990,Verbena supina L.
2925492,native range,Eastern Europe,9ff7d317-609b-4c08-bd86-3bc404b77c42,141264990,Verbena supina L.
2925492,native range,Europe,9ff7d317-609b-4c08-bd86-3bc404b77c42,141264990,Verbena supina L.
2925496,native range,South America,9ff7d317-609b-4c08-bd86-3bc404b77c42,141264991,Verbena rigida Spreng.
2925514,native range,South America,9ff7d317-609b-4c08-bd86-3bc404b77c42,141264989,Verbena bonariensis L.
2925515,native range,Northern America,9ff7d317-609b-4c08-bd86-3bc404b77c42,141264987,Verbena halei Small
2925518,native range,South America,9ff7d317-609b-4c08-bd86-3bc404b77c42,141264984,Verbena brasiliensis Velloso
2925527,native range,Northern America,9ff7d317-609b-4c08-bd86-3bc404b77c42,141264988,Verbena hastata L.
2925530,native range,Northern America,9ff7d317-609b-4c08-bd86-3bc404b77c42,141264986,Verbena urticifolia L.
2925532,native range,Northern America,9ff7d317-609b-4c08-bd86-3bc404b77c42,141264983,Verbena bracteata Lag. & Rodr.
2925754,native range,Europe,9ff7d317-609b-4c08-bd86-3bc404b77c42,141266331,Lappula marginata (Bieb.) Gürke
2925756,native range,Eastern Asia,9ff7d317-609b-4c08-bd86-3bc404b77c42,141266354,Lappula squarrosa (Retz.) Dum.
2925756,native range,Eastern Europe,9ff7d317-609b-4c08-bd86-3bc404b77c42,141266354,Lappula squarrosa (Retz.) Dum.
2925756,native range,Europe,9ff7d317-609b-4c08-bd86-3bc404b77c42,141266354,Lappula squarrosa (Retz.) Dum.
2925767,native range,Africa,9ff7d317-609b-4c08-bd86-3bc404b77c42,141266353,Heliotropium europaeum L.
2925767,native range,Eastern Asia,9ff7d317-609b-4c08-bd86-3bc404b77c42,141266353,Heliotropium europaeum L.
2925767,native range,Eastern Europe,9ff7d317-609b-4c08-bd86-3bc404b77c42,141266353,Heliotropium europaeum L.
2925767,native range,Europe,9ff7d317-609b-4c08-bd86-3bc404b77c42,141266353,Heliotropium europaeum L.
2925790,native range,South America,9ff7d317-609b-4c08-bd86-3bc404b77c42,141266362,Heliotropium amplexicaule Vahl
2925816,native range,Eastern Asia,9ff7d317-609b-4c08-bd86-3bc404b77c42,141266343,Cynoglossum amabile Stapf & J.R.Drumm.
2925816,native range,Eastern Europe,9ff7d317-609b-4c08-bd86-3bc404b77c42,141266343,Cynoglossum amabile Stapf & J.R.Drumm.
2925870,native range,Northern America,9ff7d317-609b-4c08-bd86-3bc404b77c42,141266344,Amsinckia retrorsa Suksd.
2925877,native range,Northern America,9ff7d317-609b-4c08-bd86-3bc404b77c42,141266356,Amsinckia tessellata A. Gray
2925879,native range,Northern America,9ff7d317-609b-4c08-bd86-3bc404b77c42,141266366,Amsinckia eastwoodiae Macbr.
2925895,native range,Europe,9ff7d317-609b-4c08-bd86-3bc404b77c42,141266364,Echium plantagineum L.
2926041,native range,Eastern Asia,9ff7d317-609b-4c08-bd86-3bc404b77c42,141266367,Nonea rosea (Bieb.) Link
2926041,native range,Eastern Europe,9ff7d317-609b-4c08-bd86-3bc404b77c42,141266367,Nonea rosea (Bieb.) Link
2926042,native range,Eastern Asia,9ff7d317-609b-4c08-bd86-3bc404b77c42,141266371,Nonea lutea (Desr.) DC. ex Lam. & DC.
2926042,native range,Eastern Europe,9ff7d317-609b-4c08-bd86-3bc404b77c42,141266371,Nonea lutea (Desr.) DC. ex Lam. & DC.
2926042,native range,Europe,9ff7d317-609b-4c08-bd86-3bc404b77c42,141266371,Nonea lutea (Desr.) DC. ex Lam. & DC.
2926045,native range,Eastern Asia,9ff7d317-609b-4c08-bd86-3bc404b77c42,141266376,Brunnera macrophylla (Adams) I.M. Johnston
2926045,native range,Eastern Europe,9ff7d317-609b-4c08-bd86-3bc404b77c42,141266376,Brunnera macrophylla (Adams) I.M. Johnston
2926048,native range,Europe,9ff7d317-609b-4c08-bd86-3bc404b77c42,141266363,Omphalodes verna Moench
2926055,native range,Africa,9ff7d317-609b-4c08-bd86-3bc404b77c42,141266370,Asperugo procumbens L.
2926055,native range,Eastern Asia,9ff7d317-609b-4c08-bd86-3bc404b77c42,141266370,Asperugo procumbens L.
2926055,native range,Eastern Europe,9ff7d317-609b-4c08-bd86-3bc404b77c42,141266370,Asperugo procumbens L.
2926055,native range,Europe,9ff7d317-609b-4c08-bd86-3bc404b77c42,141266370,Asperugo procumbens L.
2926066,native range,Eastern Asia,9ff7d317-609b-4c08-bd86-3bc404b77c42,141266349,Symphytum asperum Lepechin s.l.
2926066,native range,Eastern Europe,9ff7d317-609b-4c08-bd86-3bc404b77c42,141266349,Symphytum asperum Lepechin s.l.
2926066,native range,Europe,9ff7d317-609b-4c08-bd86-3bc404b77c42,141266349,Symphytum asperum Lepechin s.l.
2926108,native range,Africa,9ff7d317-609b-4c08-bd86-3bc404b77c42,141266357,Cerinthe major L.
2926108,native range,Eastern Asia,9ff7d317-609b-4c08-bd86-3bc404b77c42,141266357,Cerinthe major L.
2926108,native range,Eastern Europe,9ff7d317-609b-4c08-bd86-3bc404b77c42,141266357,Cerinthe major L.
2926108,native range,Europe,9ff7d317-609b-4c08-bd86-3bc404b77c42,141266357,Cerinthe major L.
2926110,native range,Africa,9ff7d317-609b-4c08-bd86-3bc404b77c42,141266333,Borago officinalis L.
2926110,native range,Eastern Asia,9ff7d317-609b-4c08-bd86-3bc404b77c42,141266333,Borago officinalis L.
2926110,native range,Eastern Europe,9ff7d317-609b-4c08-bd86-3bc404b77c42,141266333,Borago officinalis L.
2926110,native range,Europe,9ff7d317-609b-4c08-bd86-3bc404b77c42,141266333,Borago officinalis L.
2926130,native range,Europe,9ff7d317-609b-4c08-bd86-3bc404b77c42,141266347,Pentaglottis sempervirens (L.) Tausch ex L.H. Bailey
2926572,native range,Northern America,9ff7d317-609b-4c08-bd86-3bc404b77c42,141266218,Physostegia virginiana (L.) Benth.
2926613,native range,Eastern Asia,9ff7d317-609b-4c08-bd86-3bc404b77c42,168400517,Origanum onites L.
2926613,native range,Eastern Europe,9ff7d317-609b-4c08-bd86-3bc404b77c42,168400517,Origanum onites L.
2926613,native range,Europe,9ff7d317-609b-4c08-bd86-3bc404b77c42,168400517,Origanum onites L.
2926681,native range,Europe,9ff7d317-609b-4c08-bd86-3bc404b77c42,168400516,Lamium confertum Fr.
2926686,native range,Africa,9ff7d317-609b-4c08-bd86-3bc404b77c42,141266215,Sideritis lanata L.
2926686,native range,Eastern Asia,9ff7d317-609b-4c08-bd86-3bc404b77c42,141266215,Sideritis lanata L.
2926686,native range,Eastern Europe,9ff7d317-609b-4c08-bd86-3bc404b77c42,141266215,Sideritis lanata L.
2926686,native range,Europe,9ff7d317-609b-4c08-bd86-3bc404b77c42,141266215,Sideritis lanata L.
2926688,native range,Africa,9ff7d317-609b-4c08-bd86-3bc404b77c42,141266211,Sideritis montana L.
2926688,native range,Eastern Asia,9ff7d317-609b-4c08-bd86-3bc404b77c42,141266211,Sideritis montana L.
2926688,native range,Eastern Europe,9ff7d317-609b-4c08-bd86-3bc404b77c42,141266211,Sideritis montana L.
2926688,native range,Europe,9ff7d317-609b-4c08-bd86-3bc404b77c42,141266211,Sideritis montana L.
2926884,native range,Africa,9ff7d317-609b-4c08-bd86-3bc404b77c42,141266253,Satureja montana L.
2926884,native range,Eastern Asia,9ff7d317-609b-4c08-bd86-3bc404b77c42,141266253,Satureja montana L.
2926884,native range,Eastern Europe,9ff7d317-609b-4c08-bd86-3bc404b77c42,141266253,Satureja montana L.
2926884,native range,Europe,9ff7d317-609b-4c08-bd86-3bc404b77c42,141266253,Satureja montana L.
2926885,native range,Africa,9ff7d317-609b-4c08-bd86-3bc404b77c42,141266258,Satureja hortensis L.
2926885,native range,Eastern Asia,9ff7d317-609b-4c08-bd86-3bc404b77c42,141266258,Satureja hortensis L.
2926885,native range,Eastern Europe,9ff7d317-609b-4c08-bd86-3bc404b77c42,141266258,Satureja hortensis L.
2926885,native range,Europe,9ff7d317-609b-4c08-bd86-3bc404b77c42,141266258,Satureja hortensis L.
2926992,native range,South America,9ff7d317-609b-4c08-bd86-3bc404b77c42,141266237,Salvia hispanica L.
2926995,native range,Africa,9ff7d317-609b-4c08-bd86-3bc404b77c42,141266238,Salvia verticillata L.
2926995,native range,Eastern Asia,9ff7d317-609b-4c08-bd86-3bc404b77c42,141266238,Salvia verticillata L.
2926995,native range,Eastern Europe,9ff7d317-609b-4c08-bd86-3bc404b77c42,141266238,Salvia verticillata L.
2926995,native range,Europe,9ff7d317-609b-4c08-bd86-3bc404b77c42,141266238,Salvia verticillata L.
2927000,native range,Africa,9ff7d317-609b-4c08-bd86-3bc404b77c42,141266273,Salvia sclarea L.
2927000,native range,Eastern Asia,9ff7d317-609b-4c08-bd86-3bc404b77c42,141266273,Salvia sclarea L.
2927000,native range,Eastern Europe,9ff7d317-609b-4c08-bd86-3bc404b77c42,141266273,Salvia sclarea L.
2927000,native range,Europe,9ff7d317-609b-4c08-bd86-3bc404b77c42,141266273,Salvia sclarea L.
2927001,native range,Northern America,9ff7d317-609b-4c08-bd86-3bc404b77c42,141266226,Salvia reflexa Hornem.
2927004,native range,Europe,9ff7d317-609b-4c08-bd86-3bc404b77c42,141266219,Salvia officinalis L.
2927026,native range,Eastern Asia,9ff7d317-609b-4c08-bd86-3bc404b77c42,141266221,Salvia glutinosa L.
2927026,native range,Eastern Europe,9ff7d317-609b-4c08-bd86-3bc404b77c42,141266221,Salvia glutinosa L.
2927026,native range,Europe,9ff7d317-609b-4c08-bd86-3bc404b77c42,141266221,Salvia glutinosa L.
2927028,native range,Eastern Asia,9ff7d317-609b-4c08-bd86-3bc404b77c42,141266272,Salvia nemorosa L.
2927028,native range,Eastern Europe,9ff7d317-609b-4c08-bd86-3bc404b77c42,141266272,Salvia nemorosa L.
2927028,native range,Europe,9ff7d317-609b-4c08-bd86-3bc404b77c42,141266272,Salvia nemorosa L.
2927030,native range,Eastern Asia,9ff7d317-609b-4c08-bd86-3bc404b77c42,141266250,Salvia aethiopis L.
2927030,native range,Eastern Europe,9ff7d317-609b-4c08-bd86-3bc404b77c42,141266250,Salvia aethiopis L.
2927030,native range,Europe,9ff7d317-609b-4c08-bd86-3bc404b77c42,141266250,Salvia aethiopis L.
2927075,native range,Asia,9ff7d317-609b-4c08-bd86-3bc404b77c42,141266236,Elsholtzia ciliata (Thunb.) Hyl.
2927174,native range,Europe,9ff7d317-609b-4c08-bd86-3bc404b77c42,141266228,Mentha requienii Benth.
2927220,native range,Northern America,9ff7d317-609b-4c08-bd86-3bc404b77c42,141266260,Dracocephalum parviflorum Nutt.
2927222,native range,Asia,9ff7d317-609b-4c08-bd86-3bc404b77c42,141266271,Dracocephalum moldavica L.
2927224,native range,Eastern Asia,9ff7d317-609b-4c08-bd86-3bc404b77c42,141266223,Dracocephalum thymiflorum L.
2927224,native range,Eastern Europe,9ff7d317-609b-4c08-bd86-3bc404b77c42,141266223,Dracocephalum thymiflorum L.
2927230,native range,Eastern Asia,9ff7d317-609b-4c08-bd86-3bc404b77c42,141266210,Stachys byzantina K. Koch
2927230,native range,Eastern Europe,9ff7d317-609b-4c08-bd86-3bc404b77c42,141266210,Stachys byzantina K. Koch
2927230,native range,Europe,9ff7d317-609b-4c08-bd86-3bc404b77c42,141266210,Stachys byzantina K. Koch
2927296,native range,Africa,9ff7d317-609b-4c08-bd86-3bc404b77c42,141266251,Stachys cretica L.
2927296,native range,Eastern Asia,9ff7d317-609b-4c08-bd86-3bc404b77c42,141266251,Stachys cretica L.
2927296,native range,Eastern Europe,9ff7d317-609b-4c08-bd86-3bc404b77c42,141266251,Stachys cretica L.
2927296,native range,Europe,9ff7d317-609b-4c08-bd86-3bc404b77c42,141266251,Stachys cretica L.
2927303,native range,Africa,9ff7d317-609b-4c08-bd86-3bc404b77c42,141266266,Lavandula stoechas L.
2927303,native range,Eastern Asia,9ff7d317-609b-4c08-bd86-3bc404b77c42,141266266,Lavandula stoechas L.
2927303,native range,Eastern Europe,9ff7d317-609b-4c08-bd86-3bc404b77c42,141266266,Lavandula stoechas L.
2927303,native range,Europe,9ff7d317-609b-4c08-bd86-3bc404b77c42,141266266,Lavandula stoechas L.
2927305,native range,Africa,9ff7d317-609b-4c08-bd86-3bc404b77c42,141266276,Lavandula angustifolia Mill.
2927305,native range,Eastern Asia,9ff7d317-609b-4c08-bd86-3bc404b77c42,141266276,Lavandula angustifolia Mill.
2927305,native range,Eastern Europe,9ff7d317-609b-4c08-bd86-3bc404b77c42,141266276,Lavandula angustifolia Mill.
2927305,native range,Europe,9ff7d317-609b-4c08-bd86-3bc404b77c42,141266276,Lavandula angustifolia Mill.
2927484,native range,South America,9ff7d317-609b-4c08-bd86-3bc404b77c42,141264946,Cuscuta suaveolens Seringe
2927492,native range,Northern America,9ff7d317-609b-4c08-bd86-3bc404b77c42,141264944,Cuscuta gronovii Willd. ex Schult.
2927522,native range,Africa,9ff7d317-609b-4c08-bd86-3bc404b77c42,141264964,Cuscuta planiflora Ten.
2927522,native range,Eastern Asia,9ff7d317-609b-4c08-bd86-3bc404b77c42,141264964,Cuscuta planiflora Ten.
2927522,native range,Eastern Europe,9ff7d317-609b-4c08-bd86-3bc404b77c42,141264964,Cuscuta planiflora Ten.
2927522,native range,Europe,9ff7d317-609b-4c08-bd86-3bc404b77c42,141264964,Cuscuta planiflora Ten.
2927530,native range,Eastern Asia,9ff7d317-609b-4c08-bd86-3bc404b77c42,141264947,Cuscuta epilinum Weihe
2927530,native range,Eastern Europe,9ff7d317-609b-4c08-bd86-3bc404b77c42,141264947,Cuscuta epilinum Weihe
2927684,native range,Northern America,9ff7d317-609b-4c08-bd86-3bc404b77c42,141264790,Navarretia squarrosa (Eschsch.) Hook. & Arnott
2927727,native range,Northern America,9ff7d317-609b-4c08-bd86-3bc404b77c42,141264793,Phlox subulata L.
2927744,native range,Northern America,9ff7d317-609b-4c08-bd86-3bc404b77c42,141264786,Phlox paniculata L.
2927783,native range,Northern America,9ff7d317-609b-4c08-bd86-3bc404b77c42,141264794,Phlox maculata L.
2927850,native range,Eastern Asia,9ff7d317-609b-4c08-bd86-3bc404b77c42,141264788,Polemonium caeruleum L.
2927850,native range,Eastern Europe,9ff7d317-609b-4c08-bd86-3bc404b77c42,141264788,Polemonium caeruleum L.
2927850,native range,Europe,9ff7d317-609b-4c08-bd86-3bc404b77c42,141264788,Polemonium caeruleum L.
2928034,native range,Northern America,9ff7d317-609b-4c08-bd86-3bc404b77c42,141266338,Nemophila maculata Benth. ex Lindl.
2928153,native range,Northern America,9ff7d317-609b-4c08-bd86-3bc404b77c42,141266336,Phacelia purshii Buckl.
2928226,native range,Northern America,9ff7d317-609b-4c08-bd86-3bc404b77c42,141266360,Phacelia tanacetifolia Benth.
2928238,native range,Northern America,9ff7d317-609b-4c08-bd86-3bc404b77c42,141266358,Phacelia campanularia A. Gray
2928534,native range,South America,9ff7d317-609b-4c08-bd86-3bc404b77c42,141264961,Ipomoea hederacea (L.) Jacq. var. hederacea
2928538,native range,South America,9ff7d317-609b-4c08-bd86-3bc404b77c42,141264955,Ipomoea hederacea (L.) Jacq. var. integriuscula A. Gray
2928560,native range,Northern America,9ff7d317-609b-4c08-bd86-3bc404b77c42,141264963,Ipomoea coccinea L.
2928576,native range,South America,9ff7d317-609b-4c08-bd86-3bc404b77c42,141264949,Ipomoea purpurea (L.) Roth
2928583,native range,Northern America,9ff7d317-609b-4c08-bd86-3bc404b77c42,141264954,Ipomoea x leucantha Jacq.
2928589,native range,South America,9ff7d317-609b-4c08-bd86-3bc404b77c42,141264960,Ipomoea tricolor Cav.
2928624,native range,Americas,9ff7d317-609b-4c08-bd86-3bc404b77c42,141264956,Ipomoea hederifolia L.
2928666,native range,Eastern Asia,9ff7d317-609b-4c08-bd86-3bc404b77c42,141264959,Dichondra micrantha Urb.
2928666,native range,Eastern Europe,9ff7d317-609b-4c08-bd86-3bc404b77c42,141264959,Dichondra micrantha Urb.
2928668,native range,South America,9ff7d317-609b-4c08-bd86-3bc404b77c42,141264952,Dichondra argentea Humb. & Bonpl. ex Willd.
2928751,native range,Northern America,9ff7d317-609b-4c08-bd86-3bc404b77c42,141266975,Datura stramonium L.
2928755,native range,South America,9ff7d317-609b-4c08-bd86-3bc404b77c42,141266932,Datura innoxia Mill.
2928759,native range,South America,9ff7d317-609b-4c08-bd86-3bc404b77c42,141266956,Nicotiana langsdorffii J.A. Weinm.
2928761,native range,South America,9ff7d317-609b-4c08-bd86-3bc404b77c42,141266959,Nicotiana alata Link & Otto
2928766,native range,South America,9ff7d317-609b-4c08-bd86-3bc404b77c42,141266954,Nicotiana longiflora Cav.
2928767,native range,South America,9ff7d317-609b-4c08-bd86-3bc404b77c42,141266976,Nicotiana sylvestris Spegazz.
2928774,native range,South America,9ff7d317-609b-4c08-bd86-3bc404b77c42,141266968,Nicotiana tabacum L.
2928775,native range,South America,9ff7d317-609b-4c08-bd86-3bc404b77c42,141266978,Nicotiana rustica L.
2928779,native range,South America,9ff7d317-609b-4c08-bd86-3bc404b77c42,141266940,Nicotiana forgetiana Hemsl.
2928783,native range,South America,9ff7d317-609b-4c08-bd86-3bc404b77c42,141266960,Nicotiana glauca Graham
2928805,native range,Americas,9ff7d317-609b-4c08-bd86-3bc404b77c42,168400554,Jaltomata procumbens (Cav.) J.L. Gentry
2928809,native range,Eastern Asia,9ff7d317-609b-4c08-bd86-3bc404b77c42,141266936,Lycium chinense Mill.
2928809,native range,Eastern Europe,9ff7d317-609b-4c08-bd86-3bc404b77c42,141266936,Lycium chinense Mill.
2928835,native range,Eastern Asia,9ff7d317-609b-4c08-bd86-3bc404b77c42,141266945,Lycium barbarum L.
2928835,native range,Eastern Europe,9ff7d317-609b-4c08-bd86-3bc404b77c42,141266945,Lycium barbarum L.
2928861,native range,South America,9ff7d317-609b-4c08-bd86-3bc404b77c42,141266962,Petunia integrifolia (Hook.) Schinz & Thell.
2928905,native range,Americas,9ff7d317-609b-4c08-bd86-3bc404b77c42,141266950,Petunia parviflora Juss.
2928979,native range,Africa,9ff7d317-609b-4c08-bd86-3bc404b77c42,141266939,Hyoscyamus albus L.
2928979,native range,Eastern Asia,9ff7d317-609b-4c08-bd86-3bc404b77c42,141266939,Hyoscyamus albus L.
2928979,native range,Eastern Europe,9ff7d317-609b-4c08-bd86-3bc404b77c42,141266939,Hyoscyamus albus L.
2928979,native range,Europe,9ff7d317-609b-4c08-bd86-3bc404b77c42,141266939,Hyoscyamus albus L.
2929505,native range,Africa,9ff7d317-609b-4c08-bd86-3bc404b77c42,141266927,Solanum villosum Mill. subsp. miniatum (Bernh. ex Willd.) Edmonds
2929505,native range,Eastern Asia,9ff7d317-609b-4c08-bd86-3bc404b77c42,141266927,Solanum villosum Mill. subsp. miniatum (Bernh. ex Willd.) Edmonds
2929505,native range,Eastern Europe,9ff7d317-609b-4c08-bd86-3bc404b77c42,141266927,Solanum villosum Mill. subsp. miniatum (Bernh. ex Willd.) Edmonds
2929505,native range,Europe,9ff7d317-609b-4c08-bd86-3bc404b77c42,141266927,Solanum villosum Mill. subsp. miniatum (Bernh. ex Willd.) Edmonds
2929710,native range,South America,9ff7d317-609b-4c08-bd86-3bc404b77c42,141266948,Solanum chenopodioides Lam.
2929800,native range,Northern America,9ff7d317-609b-4c08-bd86-3bc404b77c42,141266933,Solanum rostratum Dun.
2929847,native range,Africa,9ff7d317-609b-4c08-bd86-3bc404b77c42,141266934,Solanum aethiopicum L. var. aculeatum Dunal
2929892,native range,Northern America,1738f272-6b5d-4f43-9a92-453a8c5ea50a,146042211,Solanum elaeagnifolium Cavanilles
2929892,native range,South America,9ff7d317-609b-4c08-bd86-3bc404b77c42,141266937,Solanum elaeagnifolium Cav.
2930137,native range,South America,9ff7d317-609b-4c08-bd86-3bc404b77c42,141266965,Solanum lycopersicum L.
2930222,native range,Northern America,9ff7d317-609b-4c08-bd86-3bc404b77c42,141266949,Solanum ptychanthum Dunal
2930262,native range,South America,9ff7d317-609b-4c08-bd86-3bc404b77c42,141266977,Solanum tuberosum L.
2930805,native range,South America,9ff7d317-609b-4c08-bd86-3bc404b77c42,141266955,Solanum sarachoides Sendtn.
2931104,native range,South America,9ff7d317-609b-4c08-bd86-3bc404b77c42,141266929,Solanum pseudocapsicum L.
2931237,native range,Americas,9ff7d317-609b-4c08-bd86-3bc404b77c42,141266957,Solanum triflorum Nutt. var. ponticum (Prodan) Borza
2931738,native range,South America,9ff7d317-609b-4c08-bd86-3bc404b77c42,141266964,Solanum pimpinellifolium L.
2931914,native range,South America,9ff7d317-609b-4c08-bd86-3bc404b77c42,141266969,Solanum viarum Dun.
2932011,native range,Northern America,9ff7d317-609b-4c08-bd86-3bc404b77c42,141266963,Solanum carolinense L.
2932147,native range,South America,9ff7d317-609b-4c08-bd86-3bc404b77c42,141266943,Solanum physalifolium Rusby var. nitidibaccatum (Bitter) Edmonds
2932184,native range,South America,9ff7d317-609b-4c08-bd86-3bc404b77c42,141266972,Solanum sisymbriifolium Lam.
2932501,native range,South America,9ff7d317-609b-4c08-bd86-3bc404b77c42,141266935,Solanum pygmaeum Cav.
2932872,native range,Europe,9ff7d317-609b-4c08-bd86-3bc404b77c42,141266961,Solanum nigrum L. subsp. schultesii (Opiz) Wessely
2932905,native range,South America,9ff7d317-609b-4c08-bd86-3bc404b77c42,141266930,Salpiglossis sinuata Ruiz & Pav.
2932944,native range,South America,9ff7d317-609b-4c08-bd86-3bc404b77c42,141266942,Capsicum annuum L.
2938473,native range,Africa,9ff7d317-609b-4c08-bd86-3bc404b77c42,141266736,Biserrula pelecinus L.
2938473,native range,Eastern Asia,9ff7d317-609b-4c08-bd86-3bc404b77c42,141266736,Biserrula pelecinus L.
2938473,native range,Eastern Europe,9ff7d317-609b-4c08-bd86-3bc404b77c42,141266736,Biserrula pelecinus L.
2938473,native range,Europe,9ff7d317-609b-4c08-bd86-3bc404b77c42,141266736,Biserrula pelecinus L.
2940408,native range,Europe,9ff7d317-609b-4c08-bd86-3bc404b77c42,141266733,Cytisus sessilifolius L.
2947311,native range,Eastern Asia,9ff7d317-609b-4c08-bd86-3bc404b77c42,141266729,Cicer arietinum L.
2947311,native range,Eastern Europe,9ff7d317-609b-4c08-bd86-3bc404b77c42,141266729,Cicer arietinum L.
2948921,native range,Africa,9ff7d317-609b-4c08-bd86-3bc404b77c42,141266821,Cullen americanum (L.) Rydberg
2948921,native range,Europe,9ff7d317-609b-4c08-bd86-3bc404b77c42,141266821,Cullen americanum (L.) Rydberg
2949235,native range,Americas,9ff7d317-609b-4c08-bd86-3bc404b77c42,141266738,Aeschynomene americana L.
2951968,native range,Europe,9ff7d317-609b-4c08-bd86-3bc404b77c42,141266816,Ulex minor Roth
2951998,native range,Europe,9ff7d317-609b-4c08-bd86-3bc404b77c42,141266715,Ulex gallii Planch.
2957408,native range,Americas,9ff7d317-609b-4c08-bd86-3bc404b77c42,141264655,Senna obtusifolia (L.) Irwin & Barneby
2959443,native range,Northern America,9ff7d317-609b-4c08-bd86-3bc404b77c42,141264654,Gleditsia triacanthos L.
2963569,native range,Eastern Asia,9ff7d317-609b-4c08-bd86-3bc404b77c42,168400545,Styphnolobium japonicum (L.) Schott
2963569,native range,Eastern Europe,9ff7d317-609b-4c08-bd86-3bc404b77c42,168400545,Styphnolobium japonicum (L.) Schott
2963817,native range,Africa,9ff7d317-609b-4c08-bd86-3bc404b77c42,141266708,Lupinus luteus L.
2963817,native range,Europe,9ff7d317-609b-4c08-bd86-3bc404b77c42,141266708,Lupinus luteus L.
2964025,native range,Africa,9ff7d317-609b-4c08-bd86-3bc404b77c42,141266817,Lupinus angustifolius L.
2964025,native range,Eastern Asia,9ff7d317-609b-4c08-bd86-3bc404b77c42,141266817,Lupinus angustifolius L.
2964025,native range,Eastern Europe,9ff7d317-609b-4c08-bd86-3bc404b77c42,141266817,Lupinus angustifolius L.
2964025,native range,Europe,9ff7d317-609b-4c08-bd86-3bc404b77c42,141266817,Lupinus angustifolius L.
2964167,native range,Europe,9ff7d317-609b-4c08-bd86-3bc404b77c42,141266667,Lupinus albus L.
2964355,native range,Northern America,9ff7d317-609b-4c08-bd86-3bc404b77c42,141266690,Lupinus polyphyllus Lindl.
2965209,native range,Africa,9ff7d317-609b-4c08-bd86-3bc404b77c42,141266744,Medicago murex Willd.
2965209,native range,Eastern Asia,9ff7d317-609b-4c08-bd86-3bc404b77c42,141266744,Medicago murex Willd.
2965209,native range,Eastern Europe,9ff7d317-609b-4c08-bd86-3bc404b77c42,141266744,Medicago murex Willd.
2965209,native range,Europe,9ff7d317-609b-4c08-bd86-3bc404b77c42,141266744,Medicago murex Willd.
2965221,native range,Africa,9ff7d317-609b-4c08-bd86-3bc404b77c42,141266657,Medicago laciniata (L.) Mill.
2965221,native range,Eastern Asia,9ff7d317-609b-4c08-bd86-3bc404b77c42,141266657,Medicago laciniata (L.) Mill.
2965221,native range,Eastern Europe,9ff7d317-609b-4c08-bd86-3bc404b77c42,141266657,Medicago laciniata (L.) Mill.
2965226,native range,Eastern Asia,9ff7d317-609b-4c08-bd86-3bc404b77c42,141266662,Medicago monantha (C.A. Mey.) Trautv. subsp. incisa (Benth.) Verloove & Lambinon
2965226,native range,Eastern Europe,9ff7d317-609b-4c08-bd86-3bc404b77c42,141266662,Medicago monantha (C.A. Mey.) Trautv. subsp. incisa (Benth.) Verloove & Lambinon
2965232,native range,Europe,9ff7d317-609b-4c08-bd86-3bc404b77c42,141266701,Medicago carstiensis Wulfen
2965233,native range,Eastern Asia,9ff7d317-609b-4c08-bd86-3bc404b77c42,141266801,Medicago fischeriana (Seringe) Trautv.
2965233,native range,Eastern Europe,9ff7d317-609b-4c08-bd86-3bc404b77c42,141266801,Medicago fischeriana (Seringe) Trautv.
2965233,native range,Europe,9ff7d317-609b-4c08-bd86-3bc404b77c42,141266801,Medicago fischeriana (Seringe) Trautv.
2965250,native range,Africa,9ff7d317-609b-4c08-bd86-3bc404b77c42,141266698,Medicago tornata subsp. helix (Willd.) Ooststr. & Reichg.
2965250,native range,Eastern Asia,9ff7d317-609b-4c08-bd86-3bc404b77c42,141266698,Medicago tornata subsp. helix (Willd.) Ooststr. & Reichg.
2965250,native range,Eastern Europe,9ff7d317-609b-4c08-bd86-3bc404b77c42,141266698,Medicago tornata subsp. helix (Willd.) Ooststr. & Reichg.
2965250,native range,Europe,9ff7d317-609b-4c08-bd86-3bc404b77c42,141266698,Medicago tornata subsp. helix (Willd.) Ooststr. & Reichg.
2965280,native range,Africa,9ff7d317-609b-4c08-bd86-3bc404b77c42,141266652,Medicago truncatula Gaertn.
2965280,native range,Eastern Asia,9ff7d317-609b-4c08-bd86-3bc404b77c42,141266652,Medicago truncatula Gaertn.
2965280,native range,Eastern Europe,9ff7d317-609b-4c08-bd86-3bc404b77c42,141266652,Medicago truncatula Gaertn.
2965280,native range,Europe,9ff7d317-609b-4c08-bd86-3bc404b77c42,141266652,Medicago truncatula Gaertn.
2965299,native range,Africa,9ff7d317-609b-4c08-bd86-3bc404b77c42,141266726,Medicago orbicularis (L.) Bartal.
2965299,native range,Eastern Asia,9ff7d317-609b-4c08-bd86-3bc404b77c42,141266726,Medicago orbicularis (L.) Bartal.
2965299,native range,Eastern Europe,9ff7d317-609b-4c08-bd86-3bc404b77c42,141266726,Medicago orbicularis (L.) Bartal.
2965299,native range,Europe,9ff7d317-609b-4c08-bd86-3bc404b77c42,141266726,Medicago orbicularis (L.) Bartal.
2965397,native range,Africa,9ff7d317-609b-4c08-bd86-3bc404b77c42,141266651,Medicago scutellata (L.) Mill.
2965397,native range,Eastern Asia,9ff7d317-609b-4c08-bd86-3bc404b77c42,141266651,Medicago scutellata (L.) Mill.
2965397,native range,Eastern Europe,9ff7d317-609b-4c08-bd86-3bc404b77c42,141266651,Medicago scutellata (L.) Mill.
2965397,native range,Europe,9ff7d317-609b-4c08-bd86-3bc404b77c42,141266651,Medicago scutellata (L.) Mill.
2965405,native range,Africa,9ff7d317-609b-4c08-bd86-3bc404b77c42,141266646,Medicago intertexta (L.) Mill. subsp. intertexta
2965405,native range,Eastern Asia,9ff7d317-609b-4c08-bd86-3bc404b77c42,141266646,Medicago intertexta (L.) Mill. subsp. intertexta
2965405,native range,Eastern Europe,9ff7d317-609b-4c08-bd86-3bc404b77c42,141266646,Medicago intertexta (L.) Mill. subsp. intertexta
2965405,native range,Europe,9ff7d317-609b-4c08-bd86-3bc404b77c42,141266646,Medicago intertexta (L.) Mill. subsp. intertexta
2965419,native range,Africa,9ff7d317-609b-4c08-bd86-3bc404b77c42,141266774,Medicago praecox DC.
2965419,native range,Eastern Asia,9ff7d317-609b-4c08-bd86-3bc404b77c42,141266774,Medicago praecox DC.
2965419,native range,Eastern Europe,9ff7d317-609b-4c08-bd86-3bc404b77c42,141266774,Medicago praecox DC.
2965419,native range,Europe,9ff7d317-609b-4c08-bd86-3bc404b77c42,141266774,Medicago praecox DC.
2965434,native range,Africa,9ff7d317-609b-4c08-bd86-3bc404b77c42,141266668,Medicago monspeliaca (L.) Trautv.
2965434,native range,Eastern Asia,9ff7d317-609b-4c08-bd86-3bc404b77c42,141266668,Medicago monspeliaca (L.) Trautv.
2965434,native range,Eastern Europe,9ff7d317-609b-4c08-bd86-3bc404b77c42,141266668,Medicago monspeliaca (L.) Trautv.
2965434,native range,Europe,9ff7d317-609b-4c08-bd86-3bc404b77c42,141266668,Medicago monspeliaca (L.) Trautv.
2965438,native range,Africa,9ff7d317-609b-4c08-bd86-3bc404b77c42,141266666,Medicago rigidula (L.) All.
2965438,native range,Eastern Asia,9ff7d317-609b-4c08-bd86-3bc404b77c42,141266666,Medicago rigidula (L.) All.
2965438,native range,Eastern Europe,9ff7d317-609b-4c08-bd86-3bc404b77c42,141266666,Medicago rigidula (L.) All.
2965438,native range,Europe,9ff7d317-609b-4c08-bd86-3bc404b77c42,141266666,Medicago rigidula (L.) All.
2965459,native range,Africa,9ff7d317-609b-4c08-bd86-3bc404b77c42,141266706,Medicago doliata Carmign.
2965459,native range,Eastern Asia,9ff7d317-609b-4c08-bd86-3bc404b77c42,141266706,Medicago doliata Carmign.
2965459,native range,Eastern Europe,9ff7d317-609b-4c08-bd86-3bc404b77c42,141266706,Medicago doliata Carmign.
2965459,native range,Europe,9ff7d317-609b-4c08-bd86-3bc404b77c42,141266706,Medicago doliata Carmign.
2965461,native range,Africa,9ff7d317-609b-4c08-bd86-3bc404b77c42,141266739,Medicago turbinata (L.) All.
2965461,native range,Eastern Asia,9ff7d317-609b-4c08-bd86-3bc404b77c42,141266739,Medicago turbinata (L.) All.
2965461,native range,Eastern Europe,9ff7d317-609b-4c08-bd86-3bc404b77c42,141266739,Medicago turbinata (L.) All.
2965461,native range,Europe,9ff7d317-609b-4c08-bd86-3bc404b77c42,141266739,Medicago turbinata (L.) All.
2965485,native range,Africa,9ff7d317-609b-4c08-bd86-3bc404b77c42,141266820,Medicago littoralis Rohde ex Loisel.
2965485,native range,Eastern Asia,9ff7d317-609b-4c08-bd86-3bc404b77c42,141266820,Medicago littoralis Rohde ex Loisel.
2965485,native range,Eastern Europe,9ff7d317-609b-4c08-bd86-3bc404b77c42,141266820,Medicago littoralis Rohde ex Loisel.
2965485,native range,Europe,9ff7d317-609b-4c08-bd86-3bc404b77c42,141266820,Medicago littoralis Rohde ex Loisel.
2965531,native range,Africa,9ff7d317-609b-4c08-bd86-3bc404b77c42,141266745,Medicago polymorpha L. s.l.
2965531,native range,Eastern Asia,9ff7d317-609b-4c08-bd86-3bc404b77c42,141266745,Medicago polymorpha L. s.l.
2965531,native range,Eastern Europe,9ff7d317-609b-4c08-bd86-3bc404b77c42,141266745,Medicago polymorpha L. s.l.
2965531,native range,Europe,9ff7d317-609b-4c08-bd86-3bc404b77c42,141266745,Medicago polymorpha L. s.l.
2970585,native range,Northern America,9ff7d317-609b-4c08-bd86-3bc404b77c42,141266754,Sesbania exaltata (Rafin.) Rydberg ex A.W. Hill
2971016,native range,Eastern Asia,9ff7d317-609b-4c08-bd86-3bc404b77c42,141266751,Melilotus indicus (L.) All.
2971016,native range,Eastern Europe,9ff7d317-609b-4c08-bd86-3bc404b77c42,141266751,Melilotus indicus (L.) All.
2971016,native range,Europe,9ff7d317-609b-4c08-bd86-3bc404b77c42,141266751,Melilotus indicus (L.) All.
2971033,native range,Africa,9ff7d317-609b-4c08-bd86-3bc404b77c42,141266665,Melilotus infestus Guss.
2971033,native range,Europe,9ff7d317-609b-4c08-bd86-3bc404b77c42,141266665,Melilotus infestus Guss.
2971036,native range,Africa,9ff7d317-609b-4c08-bd86-3bc404b77c42,141266761,Melilotus elegans Salzm. ex Seringe
2971036,native range,Eastern Asia,9ff7d317-609b-4c08-bd86-3bc404b77c42,141266761,Melilotus elegans Salzm. ex Seringe
2971036,native range,Eastern Europe,9ff7d317-609b-4c08-bd86-3bc404b77c42,141266761,Melilotus elegans Salzm. ex Seringe
2971036,native range,Europe,9ff7d317-609b-4c08-bd86-3bc404b77c42,141266761,Melilotus elegans Salzm. ex Seringe
2971068,native range,Eastern Asia,9ff7d317-609b-4c08-bd86-3bc404b77c42,141266776,Melilotus wolgicus Poiret
2971068,native range,Eastern Europe,9ff7d317-609b-4c08-bd86-3bc404b77c42,141266776,Melilotus wolgicus Poiret
2971095,native range,Eastern Asia,9ff7d317-609b-4c08-bd86-3bc404b77c42,141266673,Melilotus albus Med.
2971095,native range,Eastern Europe,9ff7d317-609b-4c08-bd86-3bc404b77c42,141266673,Melilotus albus Med.
2971095,native range,Europe,9ff7d317-609b-4c08-bd86-3bc404b77c42,141266673,Melilotus albus Med.
2971112,native range,Africa,9ff7d317-609b-4c08-bd86-3bc404b77c42,141266704,Melilotus sulcatus Desf.
2971112,native range,Eastern Asia,9ff7d317-609b-4c08-bd86-3bc404b77c42,141266704,Melilotus sulcatus Desf.
2971112,native range,Eastern Europe,9ff7d317-609b-4c08-bd86-3bc404b77c42,141266704,Melilotus sulcatus Desf.
2971112,native range,Europe,9ff7d317-609b-4c08-bd86-3bc404b77c42,141266704,Melilotus sulcatus Desf.
2972595,native range,Eastern Asia,9ff7d317-609b-4c08-bd86-3bc404b77c42,141266803,Onobrychis viciifolia Scop.
2972595,native range,Eastern Europe,9ff7d317-609b-4c08-bd86-3bc404b77c42,141266803,Onobrychis viciifolia Scop.
2972595,native range,Europe,9ff7d317-609b-4c08-bd86-3bc404b77c42,141266803,Onobrychis viciifolia Scop.
2972703,native range,Africa,9ff7d317-609b-4c08-bd86-3bc404b77c42,141266703,Onobrychis caput-galli (L.) Lam.
2972703,native range,Eastern Asia,9ff7d317-609b-4c08-bd86-3bc404b77c42,141266703,Onobrychis caput-galli (L.) Lam.
2972703,native range,Eastern Europe,9ff7d317-609b-4c08-bd86-3bc404b77c42,141266703,Onobrychis caput-galli (L.) Lam.
2972703,native range,Europe,9ff7d317-609b-4c08-bd86-3bc404b77c42,141266703,Onobrychis caput-galli (L.) Lam.
2974753,native range,Africa,9ff7d317-609b-4c08-bd86-3bc404b77c42,141266718,Vicia lutea L.
2974753,native range,Eastern Asia,9ff7d317-609b-4c08-bd86-3bc404b77c42,141266718,Vicia lutea L.
2974753,native range,Eastern Europe,9ff7d317-609b-4c08-bd86-3bc404b77c42,141266718,Vicia lutea L.
2974753,native range,Europe,9ff7d317-609b-4c08-bd86-3bc404b77c42,141266718,Vicia lutea L.
2974793,native range,Eastern Asia,9ff7d317-609b-4c08-bd86-3bc404b77c42,141266760,Vicia sylvatica L.
2974793,native range,Eastern Europe,9ff7d317-609b-4c08-bd86-3bc404b77c42,141266760,Vicia sylvatica L.
2974793,native range,Europe,9ff7d317-609b-4c08-bd86-3bc404b77c42,141266760,Vicia sylvatica L.
2974811,native range,Africa,9ff7d317-609b-4c08-bd86-3bc404b77c42,141266795,Vicia pannonica Crantz subsp. striata (Bieb.) Nyman
2974811,native range,Eastern Asia,9ff7d317-609b-4c08-bd86-3bc404b77c42,141266795,Vicia pannonica Crantz subsp. striata (Bieb.) Nyman
2974811,native range,Eastern Europe,9ff7d317-609b-4c08-bd86-3bc404b77c42,141266795,Vicia pannonica Crantz subsp. striata (Bieb.) Nyman
2974811,native range,Europe,9ff7d317-609b-4c08-bd86-3bc404b77c42,141266795,Vicia pannonica Crantz subsp. striata (Bieb.) Nyman
2974826,native range,Eastern Asia,9ff7d317-609b-4c08-bd86-3bc404b77c42,141266749,Vicia hyrcanica Fisch. & C.A. Mey.
2974826,native range,Eastern Europe,9ff7d317-609b-4c08-bd86-3bc404b77c42,141266749,Vicia hyrcanica Fisch. & C.A. Mey.
2974832,native range,Europe,9ff7d317-609b-4c08-bd86-3bc404b77c42,141266752,Vicia faba L.
2974876,native range,Eastern Asia,9ff7d317-609b-4c08-bd86-3bc404b77c42,141266790,Vicia assyriaca Boiss.
2974876,native range,Eastern Europe,9ff7d317-609b-4c08-bd86-3bc404b77c42,141266790,Vicia assyriaca Boiss.
2974887,native range,Africa,9ff7d317-609b-4c08-bd86-3bc404b77c42,141266680,Vicia ervilia (L.) Willd.
2974887,native range,Eastern Asia,9ff7d317-609b-4c08-bd86-3bc404b77c42,141266680,Vicia ervilia (L.) Willd.
2974887,native range,Eastern Europe,9ff7d317-609b-4c08-bd86-3bc404b77c42,141266680,Vicia ervilia (L.) Willd.
2974887,native range,Europe,9ff7d317-609b-4c08-bd86-3bc404b77c42,141266680,Vicia ervilia (L.) Willd.
2974901,native range,Eastern Asia,9ff7d317-609b-4c08-bd86-3bc404b77c42,141266645,Vicia grandiflora Scop.
2974901,native range,Eastern Europe,9ff7d317-609b-4c08-bd86-3bc404b77c42,141266645,Vicia grandiflora Scop.
2974901,native range,Europe,9ff7d317-609b-4c08-bd86-3bc404b77c42,141266645,Vicia grandiflora Scop.
2974921,native range,Africa,9ff7d317-609b-4c08-bd86-3bc404b77c42,141266731,Vicia villosa Roth subsp. varia (Host) Corb.
2974921,native range,Eastern Asia,9ff7d317-609b-4c08-bd86-3bc404b77c42,141266731,Vicia villosa Roth subsp. varia (Host) Corb.
2974921,native range,Eastern Europe,9ff7d317-609b-4c08-bd86-3bc404b77c42,141266731,Vicia villosa Roth subsp. varia (Host) Corb.
2974921,native range,Europe,9ff7d317-609b-4c08-bd86-3bc404b77c42,141266731,Vicia villosa Roth subsp. varia (Host) Corb.
2974946,native range,Europe,9ff7d317-609b-4c08-bd86-3bc404b77c42,141266707,Vicia dumetorum L.
2975097,native range,Eastern Asia,9ff7d317-609b-4c08-bd86-3bc404b77c42,141266713,Vicia noeana Reut. ex Boiss.
2975097,native range,Eastern Europe,9ff7d317-609b-4c08-bd86-3bc404b77c42,141266713,Vicia noeana Reut. ex Boiss.
2975135,native range,Africa,9ff7d317-609b-4c08-bd86-3bc404b77c42,141266642,Vicia serratifolia Jacq.
2975135,native range,Eastern Asia,9ff7d317-609b-4c08-bd86-3bc404b77c42,141266642,Vicia serratifolia Jacq.
2975135,native range,Eastern Europe,9ff7d317-609b-4c08-bd86-3bc404b77c42,141266642,Vicia serratifolia Jacq.
2975135,native range,Europe,9ff7d317-609b-4c08-bd86-3bc404b77c42,141266642,Vicia serratifolia Jacq.
2975187,native range,Eastern Asia,9ff7d317-609b-4c08-bd86-3bc404b77c42,141266702,Vicia cuspidata Boiss.
2975187,native range,Eastern Europe,9ff7d317-609b-4c08-bd86-3bc404b77c42,141266702,Vicia cuspidata Boiss.
2975187,native range,Europe,9ff7d317-609b-4c08-bd86-3bc404b77c42,141266702,Vicia cuspidata Boiss.
2975257,native range,Africa,9ff7d317-609b-4c08-bd86-3bc404b77c42,141266814,Vicia hybrida L.
2975257,native range,Eastern Asia,9ff7d317-609b-4c08-bd86-3bc404b77c42,141266814,Vicia hybrida L.
2975257,native range,Eastern Europe,9ff7d317-609b-4c08-bd86-3bc404b77c42,141266814,Vicia hybrida L.
2975257,native range,Europe,9ff7d317-609b-4c08-bd86-3bc404b77c42,141266814,Vicia hybrida L.
2975262,native range,Africa,9ff7d317-609b-4c08-bd86-3bc404b77c42,141266788,Vicia peregrina L.
2975262,native range,Eastern Asia,9ff7d317-609b-4c08-bd86-3bc404b77c42,141266788,Vicia peregrina L.
2975262,native range,Eastern Europe,9ff7d317-609b-4c08-bd86-3bc404b77c42,141266788,Vicia peregrina L.
2975262,native range,Europe,9ff7d317-609b-4c08-bd86-3bc404b77c42,141266788,Vicia peregrina L.
2975309,native range,Africa,9ff7d317-609b-4c08-bd86-3bc404b77c42,141266684,Vicia bithynica (L.) L.
2975309,native range,Eastern Asia,9ff7d317-609b-4c08-bd86-3bc404b77c42,141266684,Vicia bithynica (L.) L.
2975309,native range,Eastern Europe,9ff7d317-609b-4c08-bd86-3bc404b77c42,141266684,Vicia bithynica (L.) L.
2975309,native range,Europe,9ff7d317-609b-4c08-bd86-3bc404b77c42,141266684,Vicia bithynica (L.) L.
2975384,native range,Africa,9ff7d317-609b-4c08-bd86-3bc404b77c42,141266709,Vicia benghalensis L.
2975384,native range,Eastern Asia,9ff7d317-609b-4c08-bd86-3bc404b77c42,141266709,Vicia benghalensis L.
2975384,native range,Eastern Europe,9ff7d317-609b-4c08-bd86-3bc404b77c42,141266709,Vicia benghalensis L.
2975384,native range,Europe,9ff7d317-609b-4c08-bd86-3bc404b77c42,141266709,Vicia benghalensis L.
2975393,native range,Europe,9ff7d317-609b-4c08-bd86-3bc404b77c42,141266670,Vicia sicula (Rafin.) Guss.
2975416,native range,Africa,9ff7d317-609b-4c08-bd86-3bc404b77c42,141266746,Vicia monantha Retz.
2975416,native range,Eastern Asia,9ff7d317-609b-4c08-bd86-3bc404b77c42,141266746,Vicia monantha Retz.
2975416,native range,Eastern Europe,9ff7d317-609b-4c08-bd86-3bc404b77c42,141266746,Vicia monantha Retz.
2975416,native range,Europe,9ff7d317-609b-4c08-bd86-3bc404b77c42,141266746,Vicia monantha Retz.
2975667,native range,Eastern Asia,9ff7d317-609b-4c08-bd86-3bc404b77c42,141266721,Galega officinalis L.
2975667,native range,Eastern Europe,9ff7d317-609b-4c08-bd86-3bc404b77c42,141266721,Galega officinalis L.
2975667,native range,Europe,9ff7d317-609b-4c08-bd86-3bc404b77c42,141266721,Galega officinalis L.
2977222,native range,Africa,9ff7d317-609b-4c08-bd86-3bc404b77c42,141266688,Ononis alopecuroides L.
2977222,native range,Eastern Asia,9ff7d317-609b-4c08-bd86-3bc404b77c42,141266688,Ononis alopecuroides L.
2977222,native range,Eastern Europe,9ff7d317-609b-4c08-bd86-3bc404b77c42,141266688,Ononis alopecuroides L.
2977222,native range,Europe,9ff7d317-609b-4c08-bd86-3bc404b77c42,141266688,Ononis alopecuroides L.
2977234,native range,Africa,9ff7d317-609b-4c08-bd86-3bc404b77c42,141266741,Ononis natrix L.
2977234,native range,Eastern Asia,9ff7d317-609b-4c08-bd86-3bc404b77c42,141266741,Ononis natrix L.
2977234,native range,Eastern Europe,9ff7d317-609b-4c08-bd86-3bc404b77c42,141266741,Ononis natrix L.
2977234,native range,Europe,9ff7d317-609b-4c08-bd86-3bc404b77c42,141266741,Ononis natrix L.
2982380,native range,Eastern Asia,9ff7d317-609b-4c08-bd86-3bc404b77c42,141266663,Vigna radiata (L.) Wilczek
2982380,native range,Eastern Europe,9ff7d317-609b-4c08-bd86-3bc404b77c42,141266663,Vigna radiata (L.) Wilczek
2984366,native range,Europe,9ff7d317-609b-4c08-bd86-3bc404b77c42,141264881,Soleirolia soleirolii (Req.) Dandy
2984492,native range,Africa,9ff7d317-609b-4c08-bd86-3bc404b77c42,308609317,Celtis australis L.
2984492,native range,Eastern Asia,9ff7d317-609b-4c08-bd86-3bc404b77c42,308609317,Celtis australis L.
2984492,native range,Eastern Europe,9ff7d317-609b-4c08-bd86-3bc404b77c42,308609317,Celtis australis L.
2984492,native range,Europe,9ff7d317-609b-4c08-bd86-3bc404b77c42,308609317,Celtis australis L.
2984532,native range,Eastern Asia,9ff7d317-609b-4c08-bd86-3bc404b77c42,141264663,Zelkova serrata (Thunb.) Makino
2984532,native range,Eastern Europe,9ff7d317-609b-4c08-bd86-3bc404b77c42,141264663,Zelkova serrata (Thunb.) Makino
2984537,native range,Asia,9ff7d317-609b-4c08-bd86-3bc404b77c42,143605050,Humulus japonicus Sieb. et Zucc.
2984676,native range,Eastern Asia,9ff7d317-609b-4c08-bd86-3bc404b77c42,141264683,Pachysandra terminalis Siebold & Zucc.
2984676,native range,Eastern Europe,9ff7d317-609b-4c08-bd86-3bc404b77c42,141264683,Pachysandra terminalis Siebold & Zucc.
2985863,native range,Eastern Asia,9ff7d317-609b-4c08-bd86-3bc404b77c42,141265054,Sedum spectabile Boreau
2985863,native range,Eastern Europe,9ff7d317-609b-4c08-bd86-3bc404b77c42,141265054,Sedum spectabile Boreau
2985944,native range,Africa,9ff7d317-609b-4c08-bd86-3bc404b77c42,141265036,Kalanchoe blossfeldiana Poelln.
2985949,native range,Europe,9ff7d317-609b-4c08-bd86-3bc404b77c42,141265052,Sempervivum tectorum L.
2985965,native range,Eastern Asia,9ff7d317-609b-4c08-bd86-3bc404b77c42,141266828,Deutzia scabra Thunb.
2985965,native range,Eastern Europe,9ff7d317-609b-4c08-bd86-3bc404b77c42,141266828,Deutzia scabra Thunb.
2985994,native range,Eastern Asia,9ff7d317-609b-4c08-bd86-3bc404b77c42,141266823,Hydrangea macrophylla (Thunb.) Ser.
2985994,native range,Eastern Europe,9ff7d317-609b-4c08-bd86-3bc404b77c42,141266823,Hydrangea macrophylla (Thunb.) Ser.
2985995,native range,Eastern Asia,9ff7d317-609b-4c08-bd86-3bc404b77c42,141266824,Hydrangea paniculata Siebold
2985995,native range,Eastern Europe,9ff7d317-609b-4c08-bd86-3bc404b77c42,141266824,Hydrangea paniculata Siebold
2986022,native range,Northern America,9ff7d317-609b-4c08-bd86-3bc404b77c42,141266827,Philadelphus pubescens Loisel.
2986045,native range,Eastern Asia,9ff7d317-609b-4c08-bd86-3bc404b77c42,141266825,Philadelphus coronarius L.
2986045,native range,Eastern Europe,9ff7d317-609b-4c08-bd86-3bc404b77c42,141266825,Philadelphus coronarius L.
2986045,native range,Europe,9ff7d317-609b-4c08-bd86-3bc404b77c42,141266825,Philadelphus coronarius L.
2986129,native range,Eastern Asia,9ff7d317-609b-4c08-bd86-3bc404b77c42,141264870,Ribes spicatum E. Robson
2986129,native range,Eastern Europe,9ff7d317-609b-4c08-bd86-3bc404b77c42,141264870,Ribes spicatum E. Robson
2986129,native range,Europe,9ff7d317-609b-4c08-bd86-3bc404b77c42,141264870,Ribes spicatum E. Robson
2986130,native range,Northern America,9ff7d317-609b-4c08-bd86-3bc404b77c42,141264872,Ribes sanguineum Pursh
2986132,native range,Northern America,9ff7d317-609b-4c08-bd86-3bc404b77c42,141264868,Ribes divaricatum Douglas
2986184,native range,Africa,9ff7d317-609b-4c08-bd86-3bc404b77c42,141264869,Ribes alpinum L.
2986184,native range,Eastern Asia,9ff7d317-609b-4c08-bd86-3bc404b77c42,141264869,Ribes alpinum L.
2986184,native range,Eastern Europe,9ff7d317-609b-4c08-bd86-3bc404b77c42,141264869,Ribes alpinum L.
2986184,native range,Europe,9ff7d317-609b-4c08-bd86-3bc404b77c42,141264869,Ribes alpinum L.
2987948,native range,Eastern Asia,9ff7d317-609b-4c08-bd86-3bc404b77c42,141265377,Neillia tanakae Franch. & Savatier
2987948,native range,Eastern Europe,9ff7d317-609b-4c08-bd86-3bc404b77c42,141265377,Neillia tanakae Franch. & Savatier
2988188,native range,Eastern Asia,9ff7d317-609b-4c08-bd86-3bc404b77c42,141265378,Pyracantha coccinea Roem.
2988188,native range,Eastern Europe,9ff7d317-609b-4c08-bd86-3bc404b77c42,141265378,Pyracantha coccinea Roem.
2988188,native range,Europe,9ff7d317-609b-4c08-bd86-3bc404b77c42,141265378,Pyracantha coccinea Roem.
2988224,native range,Eastern Asia,9ff7d317-609b-4c08-bd86-3bc404b77c42,141265423,Pyracantha crenatoserrata (Hance) Rehder
2988224,native range,Eastern Europe,9ff7d317-609b-4c08-bd86-3bc404b77c42,141265423,Pyracantha crenatoserrata (Hance) Rehder
2988354,native range,Northern America,9ff7d317-609b-4c08-bd86-3bc404b77c42,141265446,Physocarpus opulifolius (L.) Maxim.
2989222,native range,Eastern Asia,9ff7d317-609b-4c08-bd86-3bc404b77c42,141265442,Rubus tricolor Focke
2989222,native range,Eastern Europe,9ff7d317-609b-4c08-bd86-3bc404b77c42,141265442,Rubus tricolor Focke
2992543,native range,Europe,9ff7d317-609b-4c08-bd86-3bc404b77c42,141265370,Rubus laciniatus Willd.
2993761,native range,Northern America,9ff7d317-609b-4c08-bd86-3bc404b77c42,141265466,Rubus spectabilis Pursh
2994120,native range,Eastern Asia,9ff7d317-609b-4c08-bd86-3bc404b77c42,141265451,Rubus cockburnianus Hemsl.
2994120,native range,Eastern Europe,9ff7d317-609b-4c08-bd86-3bc404b77c42,141265451,Rubus cockburnianus Hemsl.
2994229,native range,Northern America,9ff7d317-609b-4c08-bd86-3bc404b77c42,141265488,Rubus parviflorus Nutt.
2994912,native range,Northern America,9ff7d317-609b-4c08-bd86-3bc404b77c42,141265459,Rubus odoratus L.
2995149,native range,Eastern Asia,9ff7d317-609b-4c08-bd86-3bc404b77c42,141265367,Rubus phoenicolasius Maxim.
2995149,native range,Eastern Europe,9ff7d317-609b-4c08-bd86-3bc404b77c42,141265367,Rubus phoenicolasius Maxim.
2996525,native range,Eastern Asia,9ff7d317-609b-4c08-bd86-3bc404b77c42,141265439,Rubus armeniacus Focke
2996525,native range,Eastern Europe,9ff7d317-609b-4c08-bd86-3bc404b77c42,141265439,Rubus armeniacus Focke
2996525,native range,Europe,9ff7d317-609b-4c08-bd86-3bc404b77c42,141265439,Rubus armeniacus Focke
3000384,native range,Eastern Asia,9ff7d317-609b-4c08-bd86-3bc404b77c42,141265372,Photinia beauverdiana C.K. Schneider var. notabilis (C.K. Schneider) Rehd. & Wilson
3000384,native range,Eastern Europe,9ff7d317-609b-4c08-bd86-3bc404b77c42,141265372,Photinia beauverdiana C.K. Schneider var. notabilis (C.K. Schneider) Rehd. & Wilson
3000406,native range,Eastern Asia,9ff7d317-609b-4c08-bd86-3bc404b77c42,141265381,Stranvaesia davidiana Decaisne
3000406,native range,Eastern Europe,9ff7d317-609b-4c08-bd86-3bc404b77c42,141265381,Stranvaesia davidiana Decaisne
3000610,native range,Eastern Asia,9ff7d317-609b-4c08-bd86-3bc404b77c42,141265402,Chaenomeles japonica (Thundb.) Spach
3000610,native range,Eastern Europe,9ff7d317-609b-4c08-bd86-3bc404b77c42,141265402,Chaenomeles japonica (Thundb.) Spach
3001362,native range,Eastern Asia,9ff7d317-609b-4c08-bd86-3bc404b77c42,141265468,Malus baccata (L.) Borkh.
3001362,native range,Eastern Europe,9ff7d317-609b-4c08-bd86-3bc404b77c42,141265468,Malus baccata (L.) Borkh.
3001978,native range,Eastern Asia,9ff7d317-609b-4c08-bd86-3bc404b77c42,141265398,Agrimonia repens L.
3001978,native range,Eastern Europe,9ff7d317-609b-4c08-bd86-3bc404b77c42,141265398,Agrimonia repens L.
3002263,native range,Eastern Asia,9ff7d317-609b-4c08-bd86-3bc404b77c42,141265364,Rosa majalis J. Herrmann
3002263,native range,Eastern Europe,9ff7d317-609b-4c08-bd86-3bc404b77c42,141265364,Rosa majalis J. Herrmann
3002263,native range,Europe,9ff7d317-609b-4c08-bd86-3bc404b77c42,141265364,Rosa majalis J. Herrmann
3002372,native range,Northern America,9ff7d317-609b-4c08-bd86-3bc404b77c42,141265476,Rosa blanda Ait.
3003709,native range,Europe,9ff7d317-609b-4c08-bd86-3bc404b77c42,141265449,Rosa glauca Pourr.
3003979,native range,Asia,1738f272-6b5d-4f43-9a92-453a8c5ea50a,146042191,Rosa rugosa Thunb.
3003979,native range,Eastern Asia,9ff7d317-609b-4c08-bd86-3bc404b77c42,141265472,Rosa rugosa Thunb.
3003979,native range,Eastern Europe,9ff7d317-609b-4c08-bd86-3bc404b77c42,141265472,Rosa rugosa Thunb.
3006974,native range,Europe,9ff7d317-609b-4c08-bd86-3bc404b77c42,141265400,Rosa pendulina L.
3011247,native range,Northern America,9ff7d317-609b-4c08-bd86-3bc404b77c42,141265448,Rosa nitida Willd.
3012089,native range,Eastern Asia,9ff7d317-609b-4c08-bd86-3bc404b77c42,141265473,Sorbaria sorbifolia (L.) A. Braun
3012089,native range,Eastern Europe,9ff7d317-609b-4c08-bd86-3bc404b77c42,141265473,Sorbaria sorbifolia (L.) A. Braun
3012103,native range,Eastern Asia,9ff7d317-609b-4c08-bd86-3bc404b77c42,141265411,Sorbaria kirilowii (Regel) Maxim.
3012103,native range,Eastern Europe,9ff7d317-609b-4c08-bd86-3bc404b77c42,141265411,Sorbaria kirilowii (Regel) Maxim.
3012117,native range,Eastern Asia,9ff7d317-609b-4c08-bd86-3bc404b77c42,141265447,Sorbaria tomentosa (Lindl.) Rehd.
3012117,native range,Eastern Europe,9ff7d317-609b-4c08-bd86-3bc404b77c42,141265447,Sorbaria tomentosa (Lindl.) Rehd.
3013215,native range,Africa,9ff7d317-609b-4c08-bd86-3bc404b77c42,141265479,Sorbus domestica L.
3013215,native range,Eastern Asia,9ff7d317-609b-4c08-bd86-3bc404b77c42,141265479,Sorbus domestica L.
3013215,native range,Eastern Europe,9ff7d317-609b-4c08-bd86-3bc404b77c42,141265479,Sorbus domestica L.
3013215,native range,Europe,9ff7d317-609b-4c08-bd86-3bc404b77c42,141265479,Sorbus domestica L.
3015457,native range,Northern America,9ff7d317-609b-4c08-bd86-3bc404b77c42,141265376,Crataegus persimilis Sarg.
3020838,native range,Eastern Asia,9ff7d317-609b-4c08-bd86-3bc404b77c42,168400500,Prunus tomentosa Thunb.
3020838,native range,Eastern Europe,9ff7d317-609b-4c08-bd86-3bc404b77c42,168400500,Prunus tomentosa Thunb.
3020871,native range,Europe,9ff7d317-609b-4c08-bd86-3bc404b77c42,141265365,Prunus lusitanica L.
3021496,native range,Eastern Asia,9ff7d317-609b-4c08-bd86-3bc404b77c42,141265474,Prunus laurocerasus L.
3021496,native range,Eastern Europe,9ff7d317-609b-4c08-bd86-3bc404b77c42,141265474,Prunus laurocerasus L.
3021496,native range,Europe,9ff7d317-609b-4c08-bd86-3bc404b77c42,141265474,Prunus laurocerasus L.
3021730,native range,Eastern Asia,9ff7d317-609b-4c08-bd86-3bc404b77c42,141265421,Prunus cerasifera Ehrh.
3021730,native range,Eastern Europe,9ff7d317-609b-4c08-bd86-3bc404b77c42,141265421,Prunus cerasifera Ehrh.
3021730,native range,Europe,9ff7d317-609b-4c08-bd86-3bc404b77c42,141265421,Prunus cerasifera Ehrh.
3021850,native range,Northern America,9ff7d317-609b-4c08-bd86-3bc404b77c42,141265419,Prunus serotina Ehrh.
3021922,native range,Europe,9ff7d317-609b-4c08-bd86-3bc404b77c42,141265416,Prunus cerasus L.
3022668,native range,Northern America,9ff7d317-609b-4c08-bd86-3bc404b77c42,141265403,Prunus virginiana L.
3023671,native range,Eastern Asia,9ff7d317-609b-4c08-bd86-3bc404b77c42,141264691,Prunus domestica L. subsp. syriaca (Borkh.) Jancken ex Mansf.
3023671,native range,Eastern Europe,9ff7d317-609b-4c08-bd86-3bc404b77c42,141264691,Prunus domestica L. subsp. syriaca (Borkh.) Jancken ex Mansf.
3023903,native range,Northern America,9ff7d317-609b-4c08-bd86-3bc404b77c42,141265438,Amelanchier spicata (Lam.) K. Koch
3024109,native range,Northern America,9ff7d317-609b-4c08-bd86-3bc404b77c42,141265387,Amelanchier lamarckii F.G. Schroeder
3025605,native range,Eastern Asia,9ff7d317-609b-4c08-bd86-3bc404b77c42,141265368,Cotoneaster zabelii C.K. Schneider
3025605,native range,Eastern Europe,9ff7d317-609b-4c08-bd86-3bc404b77c42,141265368,Cotoneaster zabelii C.K. Schneider
3025617,native range,Asia,1738f272-6b5d-4f43-9a92-453a8c5ea50a,146042197,Cotoneaster horizontalis Decaisne
3025617,native range,Eastern Asia,9ff7d317-609b-4c08-bd86-3bc404b77c42,141265477,Cotoneaster horizontalis Decaisne
3025617,native range,Eastern Europe,9ff7d317-609b-4c08-bd86-3bc404b77c42,141265477,Cotoneaster horizontalis Decaisne
3025731,native range,Eastern Asia,9ff7d317-609b-4c08-bd86-3bc404b77c42,141265413,Cotoneaster moupinensis Franch.
3025731,native range,Eastern Europe,9ff7d317-609b-4c08-bd86-3bc404b77c42,141265413,Cotoneaster moupinensis Franch.
3025764,native range,Eastern Asia,9ff7d317-609b-4c08-bd86-3bc404b77c42,141265433,Cotoneaster nanshan M. Vilm. ex Mottet
3025764,native range,Eastern Europe,9ff7d317-609b-4c08-bd86-3bc404b77c42,141265433,Cotoneaster nanshan M. Vilm. ex Mottet
3025770,native range,Eastern Asia,9ff7d317-609b-4c08-bd86-3bc404b77c42,141265383,Cotoneaster lucidus Schltdl.
3025770,native range,Eastern Europe,9ff7d317-609b-4c08-bd86-3bc404b77c42,141265383,Cotoneaster lucidus Schltdl.
3025858,native range,Eastern Asia,9ff7d317-609b-4c08-bd86-3bc404b77c42,141265431,Cotoneaster ambiguus Rehd. & E.H. Wilson
3025858,native range,Eastern Europe,9ff7d317-609b-4c08-bd86-3bc404b77c42,141265431,Cotoneaster ambiguus Rehd. & E.H. Wilson
3025875,native range,Eastern Asia,9ff7d317-609b-4c08-bd86-3bc404b77c42,141265465,Cotoneaster conspicuus C. Marquand
3025875,native range,Eastern Europe,9ff7d317-609b-4c08-bd86-3bc404b77c42,141265465,Cotoneaster conspicuus C. Marquand
3025896,native range,Eastern Asia,9ff7d317-609b-4c08-bd86-3bc404b77c42,141265397,Cotoneaster dielsianus Pritzel
3025896,native range,Eastern Europe,9ff7d317-609b-4c08-bd86-3bc404b77c42,141265397,Cotoneaster dielsianus Pritzel
3025907,native range,Eastern Asia,9ff7d317-609b-4c08-bd86-3bc404b77c42,141265409,Cotoneaster qungbixiensis Fryer & B. Hylmö
3025907,native range,Eastern Europe,9ff7d317-609b-4c08-bd86-3bc404b77c42,141265409,Cotoneaster qungbixiensis Fryer & B. Hylmö
3025989,native range,Eastern Asia,9ff7d317-609b-4c08-bd86-3bc404b77c42,141265437,Cotoneaster ganghobaensis Fryer & B. Hylmö
3025989,native range,Eastern Europe,9ff7d317-609b-4c08-bd86-3bc404b77c42,141265437,Cotoneaster ganghobaensis Fryer & B. Hylmö
3026024,native range,Eastern Asia,9ff7d317-609b-4c08-bd86-3bc404b77c42,141265444,Cotoneaster ascendens Flinck & B. Hylmö
3026024,native range,Eastern Europe,9ff7d317-609b-4c08-bd86-3bc404b77c42,141265444,Cotoneaster ascendens Flinck & B. Hylmö
3026035,native range,Eastern Asia,9ff7d317-609b-4c08-bd86-3bc404b77c42,141265443,Cotoneaster coriaceus Franch. (incl. C. lacteus W.W. Smith)
3026035,native range,Eastern Europe,9ff7d317-609b-4c08-bd86-3bc404b77c42,141265443,Cotoneaster coriaceus Franch. (incl. C. lacteus W.W. Smith)
3026049,native range,Eastern Asia,9ff7d317-609b-4c08-bd86-3bc404b77c42,141265407,Cotoneaster dammeri C.K. Schneider
3026049,native range,Eastern Europe,9ff7d317-609b-4c08-bd86-3bc404b77c42,141265407,Cotoneaster dammeri C.K. Schneider
3026074,native range,Eastern Asia,9ff7d317-609b-4c08-bd86-3bc404b77c42,141265374,Cotoneaster salicifolius Franch.
3026074,native range,Eastern Europe,9ff7d317-609b-4c08-bd86-3bc404b77c42,141265374,Cotoneaster salicifolius Franch.
3026092,native range,Eastern Asia,9ff7d317-609b-4c08-bd86-3bc404b77c42,141265426,Cotoneaster hjelmqvistii Flinck & B. Hylmö
3026092,native range,Eastern Europe,9ff7d317-609b-4c08-bd86-3bc404b77c42,141265426,Cotoneaster hjelmqvistii Flinck & B. Hylmö
3026105,native range,Eastern Asia,9ff7d317-609b-4c08-bd86-3bc404b77c42,141265386,Cotoneaster integrifolius (Roxb.) G. Klotz
3026105,native range,Eastern Europe,9ff7d317-609b-4c08-bd86-3bc404b77c42,141265386,Cotoneaster integrifolius (Roxb.) G. Klotz
3026107,native range,Eastern Asia,9ff7d317-609b-4c08-bd86-3bc404b77c42,141265417,Cotoneaster simonsii Baker
3026107,native range,Eastern Europe,9ff7d317-609b-4c08-bd86-3bc404b77c42,141265417,Cotoneaster simonsii Baker
3026162,native range,Eastern Asia,9ff7d317-609b-4c08-bd86-3bc404b77c42,141265382,Cotoneaster mairei H. Léveillé
3026162,native range,Eastern Europe,9ff7d317-609b-4c08-bd86-3bc404b77c42,141265382,Cotoneaster mairei H. Léveillé
3026294,native range,Eastern Asia,9ff7d317-609b-4c08-bd86-3bc404b77c42,141265454,Cotoneaster bullatus Bois
3026294,native range,Eastern Europe,9ff7d317-609b-4c08-bd86-3bc404b77c42,141265454,Cotoneaster bullatus Bois
3026334,native range,Eastern Asia,9ff7d317-609b-4c08-bd86-3bc404b77c42,141265429,Cotoneaster divaricatus Rehd. & E.H. Wilson
3026334,native range,Eastern Europe,9ff7d317-609b-4c08-bd86-3bc404b77c42,141265429,Cotoneaster divaricatus Rehd. & E.H. Wilson
3026406,native range,Eastern Asia,9ff7d317-609b-4c08-bd86-3bc404b77c42,141265491,Spiraea chamaedryfolia L. subsp. ulmifolia (Scop.) J. Duvigneaud
3026406,native range,Eastern Europe,9ff7d317-609b-4c08-bd86-3bc404b77c42,141265491,Spiraea chamaedryfolia L. subsp. ulmifolia (Scop.) J. Duvigneaud
3026406,native range,Europe,9ff7d317-609b-4c08-bd86-3bc404b77c42,141265491,Spiraea chamaedryfolia L. subsp. ulmifolia (Scop.) J. Duvigneaud
3026431,native range,Eastern Asia,9ff7d317-609b-4c08-bd86-3bc404b77c42,141265425,Spiraea hypericifolia L.
3026431,native range,Eastern Europe,9ff7d317-609b-4c08-bd86-3bc404b77c42,141265425,Spiraea hypericifolia L.
3026431,native range,Europe,9ff7d317-609b-4c08-bd86-3bc404b77c42,141265425,Spiraea hypericifolia L.
3026585,native range,Northern America,9ff7d317-609b-4c08-bd86-3bc404b77c42,141265379,Spiraea alba Du Roi
3026819,native range,Northern America,9ff7d317-609b-4c08-bd86-3bc404b77c42,141265475,Spiraea tomentosa L.
3027138,native range,Eastern Asia,9ff7d317-609b-4c08-bd86-3bc404b77c42,141265415,Spiraea canescens D. Don
3027138,native range,Eastern Europe,9ff7d317-609b-4c08-bd86-3bc404b77c42,141265415,Spiraea canescens D. Don
3027159,native range,Northern America,9ff7d317-609b-4c08-bd86-3bc404b77c42,141265390,Spiraea douglasii Hook.
3027341,native range,Eastern Asia,9ff7d317-609b-4c08-bd86-3bc404b77c42,141265375,Spiraea nipponica Maxim.
3027341,native range,Eastern Europe,9ff7d317-609b-4c08-bd86-3bc404b77c42,141265375,Spiraea nipponica Maxim.
3027791,native range,Europe,9ff7d317-609b-4c08-bd86-3bc404b77c42,141265427,Alchemilla micans Buser
3028431,native range,Europe,9ff7d317-609b-4c08-bd86-3bc404b77c42,141265401,Alchemilla conjuncta Bab.
3028528,native range,Eastern Asia,9ff7d317-609b-4c08-bd86-3bc404b77c42,141265486,Alchemilla mollis (Buser) Rothm.
3028528,native range,Eastern Europe,9ff7d317-609b-4c08-bd86-3bc404b77c42,141265486,Alchemilla mollis (Buser) Rothm.
3028528,native range,Europe,9ff7d317-609b-4c08-bd86-3bc404b77c42,141265486,Alchemilla mollis (Buser) Rothm.
3028586,native range,Europe,9ff7d317-609b-4c08-bd86-3bc404b77c42,141265436,Alchemilla tytthantha Juzepcz.
3031774,native range,Eastern Asia,9ff7d317-609b-4c08-bd86-3bc404b77c42,141265396,Mespilus germanica L.
3031774,native range,Eastern Europe,9ff7d317-609b-4c08-bd86-3bc404b77c42,141265396,Mespilus germanica L.
3031774,native range,Europe,9ff7d317-609b-4c08-bd86-3bc404b77c42,141265396,Mespilus germanica L.
3032442,native range,Eastern Asia,9ff7d317-609b-4c08-bd86-3bc404b77c42,141265489,Rhodotypos scandens (Thunb.) Makino
3032442,native range,Eastern Europe,9ff7d317-609b-4c08-bd86-3bc404b77c42,141265489,Rhodotypos scandens (Thunb.) Makino
3032611,native range,Northern America,9ff7d317-609b-4c08-bd86-3bc404b77c42,141265017,Darmera peltata (Torrey ex Bentham) Voss
3032646,native range,Northern America,9ff7d317-609b-4c08-bd86-3bc404b77c42,141265013,Heuchera micrantha Lindl.
3032653,native range,Northern America,9ff7d317-609b-4c08-bd86-3bc404b77c42,141265016,Heuchera sanguinea Engelm.
3032698,native range,Northern America,9ff7d317-609b-4c08-bd86-3bc404b77c42,141265007,Tellima grandiflora (Pursh) Dougl. ex Lindl.
3032762,native range,Eastern Asia,9ff7d317-609b-4c08-bd86-3bc404b77c42,141265019,Saxifraga stolonifera Meerb.
3032762,native range,Eastern Europe,9ff7d317-609b-4c08-bd86-3bc404b77c42,141265019,Saxifraga stolonifera Meerb.
3033077,native range,Eastern Asia,9ff7d317-609b-4c08-bd86-3bc404b77c42,141264583,Aucuba japonica Thunb.
3033077,native range,Eastern Europe,9ff7d317-609b-4c08-bd86-3bc404b77c42,141264583,Aucuba japonica Thunb.
3033107,native range,Europe,9ff7d317-609b-4c08-bd86-3bc404b77c42,141266853,Helleborus niger L.
3033227,native range,Europe,9ff7d317-609b-4c08-bd86-3bc404b77c42,141266852,Eranthis hyemalis (L.) Salisb.
3033242,native range,Eastern Asia,9ff7d317-609b-4c08-bd86-3bc404b77c42,141266882,Anemone blanda Schott & Kotschy
3033242,native range,Eastern Europe,9ff7d317-609b-4c08-bd86-3bc404b77c42,141266882,Anemone blanda Schott & Kotschy
3033242,native range,Europe,9ff7d317-609b-4c08-bd86-3bc404b77c42,141266882,Anemone blanda Schott & Kotschy
3033261,native range,Africa,9ff7d317-609b-4c08-bd86-3bc404b77c42,141266881,Anemone coronaria L.
3033261,native range,Eastern Asia,9ff7d317-609b-4c08-bd86-3bc404b77c42,141266881,Anemone coronaria L.
3033261,native range,Eastern Europe,9ff7d317-609b-4c08-bd86-3bc404b77c42,141266881,Anemone coronaria L.
3033261,native range,Europe,9ff7d317-609b-4c08-bd86-3bc404b77c42,141266881,Anemone coronaria L.
3033289,native range,Eastern Asia,9ff7d317-609b-4c08-bd86-3bc404b77c42,141266857,Trollius europaeus L.
3033289,native range,Eastern Europe,9ff7d317-609b-4c08-bd86-3bc404b77c42,141266857,Trollius europaeus L.
3033289,native range,Europe,9ff7d317-609b-4c08-bd86-3bc404b77c42,141266857,Trollius europaeus L.
3033318,native range,Africa,9ff7d317-609b-4c08-bd86-3bc404b77c42,141266867,Ranunculus muricatus L.
3033318,native range,Eastern Asia,9ff7d317-609b-4c08-bd86-3bc404b77c42,141266867,Ranunculus muricatus L.
3033318,native range,Eastern Europe,9ff7d317-609b-4c08-bd86-3bc404b77c42,141266867,Ranunculus muricatus L.
3033318,native range,Europe,9ff7d317-609b-4c08-bd86-3bc404b77c42,141266867,Ranunculus muricatus L.
3033396,native range,Africa,9ff7d317-609b-4c08-bd86-3bc404b77c42,141266856,Ranunculus marginatus D' Urv.
3033396,native range,Eastern Asia,9ff7d317-609b-4c08-bd86-3bc404b77c42,141266856,Ranunculus marginatus D' Urv.
3033396,native range,Eastern Europe,9ff7d317-609b-4c08-bd86-3bc404b77c42,141266856,Ranunculus marginatus D' Urv.
3033396,native range,Europe,9ff7d317-609b-4c08-bd86-3bc404b77c42,141266856,Ranunculus marginatus D' Urv.
3033434,native range,Africa,9ff7d317-609b-4c08-bd86-3bc404b77c42,141266862,Ranunculus parviflorus L.
3033434,native range,Europe,9ff7d317-609b-4c08-bd86-3bc404b77c42,141266862,Ranunculus parviflorus L.
3033460,native range,Africa,9ff7d317-609b-4c08-bd86-3bc404b77c42,141266869,Ranunculus trilobus Desf.
3033460,native range,Europe,9ff7d317-609b-4c08-bd86-3bc404b77c42,141266869,Ranunculus trilobus Desf.
3033518,native range,Eastern Asia,9ff7d317-609b-4c08-bd86-3bc404b77c42,141266883,Clematis viticella L.
3033518,native range,Eastern Europe,9ff7d317-609b-4c08-bd86-3bc404b77c42,141266883,Clematis viticella L.
3033518,native range,Europe,9ff7d317-609b-4c08-bd86-3bc404b77c42,141266883,Clematis viticella L.
3033535,native range,Asia,9ff7d317-609b-4c08-bd86-3bc404b77c42,141266868,Clematis tangutica (Maxim.) Korsh.
3033543,native range,Eastern Asia,9ff7d317-609b-4c08-bd86-3bc404b77c42,141266876,Clematis recta L.
3033543,native range,Eastern Europe,9ff7d317-609b-4c08-bd86-3bc404b77c42,141266876,Clematis recta L.
3033543,native range,Europe,9ff7d317-609b-4c08-bd86-3bc404b77c42,141266876,Clematis recta L.
3033833,native range,Africa,9ff7d317-609b-4c08-bd86-3bc404b77c42,141266884,Delphinium ajacis L.
3033833,native range,Eastern Asia,9ff7d317-609b-4c08-bd86-3bc404b77c42,141266884,Delphinium ajacis L.
3033833,native range,Eastern Europe,9ff7d317-609b-4c08-bd86-3bc404b77c42,141266884,Delphinium ajacis L.
3033833,native range,Europe,9ff7d317-609b-4c08-bd86-3bc404b77c42,141266884,Delphinium ajacis L.
3033839,native range,Northern America,9ff7d317-609b-4c08-bd86-3bc404b77c42,308609294,Podophyllum peltatum L.
3033865,native range,Northern America,1738f272-6b5d-4f43-9a92-453a8c5ea50a,146042156,Mahonia aquifolium (Pursh) Nutt.
3033868,native range,Northern America,9ff7d317-609b-4c08-bd86-3bc404b77c42,141264921,Berberis aquifolium Pursh
3033888,native range,Eastern Asia,9ff7d317-609b-4c08-bd86-3bc404b77c42,141264916,Berberis bealei Fortune (incl. hybrids)
3033888,native range,Eastern Europe,9ff7d317-609b-4c08-bd86-3bc404b77c42,141264916,Berberis bealei Fortune (incl. hybrids)
3033896,native range,Eastern Asia,9ff7d317-609b-4c08-bd86-3bc404b77c42,141264922,Berberis thunbergii DC.
3033896,native range,Eastern Europe,9ff7d317-609b-4c08-bd86-3bc404b77c42,141264922,Berberis thunbergii DC.
3033905,native range,South America,9ff7d317-609b-4c08-bd86-3bc404b77c42,141264925,Berberis darwinii Hook.
3033965,native range,Asia,1738f272-6b5d-4f43-9a92-453a8c5ea50a,146042136,Akebia quinata (Houtt.) Decne.
3033965,native range,Eastern Asia,9ff7d317-609b-4c08-bd86-3bc404b77c42,141265057,Akebia quinata (Houtt.) Decaisne
3033965,native range,Eastern Europe,9ff7d317-609b-4c08-bd86-3bc404b77c42,141265057,Akebia quinata (Houtt.) Decaisne
3034015,native range,Africa,9ff7d317-609b-4c08-bd86-3bc404b77c42,141264706,Laurus nobilis L.
3034015,native range,Eastern Asia,9ff7d317-609b-4c08-bd86-3bc404b77c42,141264706,Laurus nobilis L.
3034015,native range,Eastern Europe,9ff7d317-609b-4c08-bd86-3bc404b77c42,141264706,Laurus nobilis L.
3034015,native range,Europe,9ff7d317-609b-4c08-bd86-3bc404b77c42,141264706,Laurus nobilis L.
3034046,native range,Northern America,9ff7d317-609b-4c08-bd86-3bc404b77c42,141264705,Persea americana Mill.
3034182,native range,Africa,9ff7d317-609b-4c08-bd86-3bc404b77c42,141266061,Ammi majus L.
3034182,native range,Eastern Asia,9ff7d317-609b-4c08-bd86-3bc404b77c42,141266061,Ammi majus L.
3034182,native range,Eastern Europe,9ff7d317-609b-4c08-bd86-3bc404b77c42,141266061,Ammi majus L.
3034182,native range,Europe,9ff7d317-609b-4c08-bd86-3bc404b77c42,141266061,Ammi majus L.
3034393,native range,Eastern Asia,9ff7d317-609b-4c08-bd86-3bc404b77c42,141266089,Eryngium planum L.
3034393,native range,Eastern Europe,9ff7d317-609b-4c08-bd86-3bc404b77c42,141266089,Eryngium planum L.
3034393,native range,Europe,9ff7d317-609b-4c08-bd86-3bc404b77c42,141266089,Eryngium planum L.
3034552,native range,Africa,9ff7d317-609b-4c08-bd86-3bc404b77c42,141266057,Bupleurum odontites L.
3034552,native range,Eastern Asia,9ff7d317-609b-4c08-bd86-3bc404b77c42,141266057,Bupleurum odontites L.
3034552,native range,Eastern Europe,9ff7d317-609b-4c08-bd86-3bc404b77c42,141266057,Bupleurum odontites L.
3034552,native range,Europe,9ff7d317-609b-4c08-bd86-3bc404b77c42,141266057,Bupleurum odontites L.
3034558,native range,Africa,9ff7d317-609b-4c08-bd86-3bc404b77c42,141266099,Bupleurum subovatum Link ex Spreng.
3034558,native range,Eastern Asia,9ff7d317-609b-4c08-bd86-3bc404b77c42,141266099,Bupleurum subovatum Link ex Spreng.
3034558,native range,Eastern Europe,9ff7d317-609b-4c08-bd86-3bc404b77c42,141266099,Bupleurum subovatum Link ex Spreng.
3034558,native range,Europe,9ff7d317-609b-4c08-bd86-3bc404b77c42,141266099,Bupleurum subovatum Link ex Spreng.
3034602,native range,Americas,9ff7d317-609b-4c08-bd86-3bc404b77c42,141264820,Hydrocotyle verticillata Thunb.
3034646,native range,Eastern Asia,9ff7d317-609b-4c08-bd86-3bc404b77c42,141266062,Anethum graveolens L.
3034646,native range,Eastern Europe,9ff7d317-609b-4c08-bd86-3bc404b77c42,141266062,Anethum graveolens L.
3034653,native range,Eastern Asia,9ff7d317-609b-4c08-bd86-3bc404b77c42,141266081,Chaerophyllum bulbosum L.
3034653,native range,Eastern Europe,9ff7d317-609b-4c08-bd86-3bc404b77c42,141266081,Chaerophyllum bulbosum L.
3034653,native range,Europe,9ff7d317-609b-4c08-bd86-3bc404b77c42,141266081,Chaerophyllum bulbosum L.
3034681,native range,Europe,9ff7d317-609b-4c08-bd86-3bc404b77c42,141266050,Myrrhis odorata (L.) Scop.
3034782,native range,Africa,9ff7d317-609b-4c08-bd86-3bc404b77c42,141266071,Smyrnium olusastrum L.
3034782,native range,Eastern Asia,9ff7d317-609b-4c08-bd86-3bc404b77c42,141266071,Smyrnium olusastrum L.
3034782,native range,Eastern Europe,9ff7d317-609b-4c08-bd86-3bc404b77c42,141266071,Smyrnium olusastrum L.
3034782,native range,Europe,9ff7d317-609b-4c08-bd86-3bc404b77c42,141266071,Smyrnium olusastrum L.
3034825,native range,Asia,1738f272-6b5d-4f43-9a92-453a8c5ea50a,146042195,Heracleum mantegazzianum Sommier & Levier
3034825,native range,Eastern Asia,9ff7d317-609b-4c08-bd86-3bc404b77c42,141266098,Heracleum mantegazzianum Somm. & Lev.
3034825,native range,Eastern Europe,9ff7d317-609b-4c08-bd86-3bc404b77c42,141266098,Heracleum mantegazzianum Somm. & Lev.
3034871,native range,Europe,9ff7d317-609b-4c08-bd86-3bc404b77c42,141266075,Coriandrum sativum L.
3034915,native range,Europe,9ff7d317-609b-4c08-bd86-3bc404b77c42,141266059,Astrantia major L.
3034922,native range,Africa,9ff7d317-609b-4c08-bd86-3bc404b77c42,141266077,Foeniculum vulgare Mill.
3034922,native range,Eastern Asia,9ff7d317-609b-4c08-bd86-3bc404b77c42,141266077,Foeniculum vulgare Mill.
3034922,native range,Eastern Europe,9ff7d317-609b-4c08-bd86-3bc404b77c42,141266077,Foeniculum vulgare Mill.
3034922,native range,Europe,9ff7d317-609b-4c08-bd86-3bc404b77c42,141266077,Foeniculum vulgare Mill.
3036033,native range,Eastern Asia,9ff7d317-609b-4c08-bd86-3bc404b77c42,141264822,Hedera colchica K. Koch
3036033,native range,Eastern Europe,9ff7d317-609b-4c08-bd86-3bc404b77c42,141264822,Hedera colchica K. Koch
3036033,native range,Europe,9ff7d317-609b-4c08-bd86-3bc404b77c42,141264822,Hedera colchica K. Koch
3036892,native range,Eastern Asia,9ff7d317-609b-4c08-bd86-3bc404b77c42,141264818,Aralia elata (Miq.) Seem.
3036892,native range,Eastern Europe,9ff7d317-609b-4c08-bd86-3bc404b77c42,141264818,Aralia elata (Miq.) Seem.
3036958,native range,Northern America,9ff7d317-609b-4c08-bd86-3bc404b77c42,141264825,Aralia racemosa L.
3037015,native range,Eastern Asia,9ff7d317-609b-4c08-bd86-3bc404b77c42,141264819,Aralia cordata Thunb.
3037015,native range,Eastern Europe,9ff7d317-609b-4c08-bd86-3bc404b77c42,141264819,Aralia cordata Thunb.
3039046,native range,Eastern Asia,9ff7d317-609b-4c08-bd86-3bc404b77c42,141264824,Fatsia japonica (Thunb.) Decaisne & Planch.
3039046,native range,Eastern Europe,9ff7d317-609b-4c08-bd86-3bc404b77c42,141264824,Fatsia japonica (Thunb.) Decaisne & Planch.
3039194,native range,Northern America,9ff7d317-609b-4c08-bd86-3bc404b77c42,141264745,Parthenocissus quinquefolia (L.) Planch.
3039203,native range,Northern America,9ff7d317-609b-4c08-bd86-3bc404b77c42,141264747,Parthenocissus inserta (A. Kerner) Fritsch
3039209,native range,Eastern Asia,9ff7d317-609b-4c08-bd86-3bc404b77c42,141264746,Parthenocissus tricuspidata (Siebold & Zucc.) Planch.
3039209,native range,Eastern Europe,9ff7d317-609b-4c08-bd86-3bc404b77c42,141264746,Parthenocissus tricuspidata (Siebold & Zucc.) Planch.
3039267,native range,Eastern Asia,9ff7d317-609b-4c08-bd86-3bc404b77c42,141264796,Elaeagnus umbellata Thunb.
3039267,native range,Eastern Europe,9ff7d317-609b-4c08-bd86-3bc404b77c42,141264796,Elaeagnus umbellata Thunb.
3039269,native range,Eastern Asia,9ff7d317-609b-4c08-bd86-3bc404b77c42,141264797,Elaeagnus angustifolia L.
3039269,native range,Eastern Europe,9ff7d317-609b-4c08-bd86-3bc404b77c42,141264797,Elaeagnus angustifolia L.
3039269,native range,Europe,9ff7d317-609b-4c08-bd86-3bc404b77c42,141264797,Elaeagnus angustifolia L.
3039270,native range,Eastern Asia,9ff7d317-609b-4c08-bd86-3bc404b77c42,141264798,Elaeagnus pungens Thunb.
3039270,native range,Eastern Europe,9ff7d317-609b-4c08-bd86-3bc404b77c42,141264798,Elaeagnus pungens Thunb.
3039272,native range,Eastern Asia,9ff7d317-609b-4c08-bd86-3bc404b77c42,141264799,Elaeagnus multiflora Thunb.
3039272,native range,Eastern Europe,9ff7d317-609b-4c08-bd86-3bc404b77c42,141264799,Elaeagnus multiflora Thunb.
3039418,native range,Africa,9ff7d317-609b-4c08-bd86-3bc404b77c42,141264996,Ziziphus lotus (L.) Lam.
3039418,native range,Eastern Asia,9ff7d317-609b-4c08-bd86-3bc404b77c42,141264996,Ziziphus lotus (L.) Lam.
3039418,native range,Eastern Europe,9ff7d317-609b-4c08-bd86-3bc404b77c42,141264996,Ziziphus lotus (L.) Lam.
3039418,native range,Europe,9ff7d317-609b-4c08-bd86-3bc404b77c42,141264996,Ziziphus lotus (L.) Lam.
3040184,native range,Northern America,9ff7d317-609b-4c08-bd86-3bc404b77c42,141266628,Populus balsamifera L.
3040185,native range,Europe,9ff7d317-609b-4c08-bd86-3bc404b77c42,141266635,Populus x canescens (Ait.) Smith
3040232,native range,Northern America,9ff7d317-609b-4c08-bd86-3bc404b77c42,141266639,Populus deltoides Bartr. ex Marshall
3040233,native range,Europe,9ff7d317-609b-4c08-bd86-3bc404b77c42,141266638,Populus alba L.
3040253,native range,Africa,9ff7d317-609b-4c08-bd86-3bc404b77c42,141264762,Reseda phyteuma L.
3040253,native range,Eastern Asia,9ff7d317-609b-4c08-bd86-3bc404b77c42,141264762,Reseda phyteuma L.
3040253,native range,Eastern Europe,9ff7d317-609b-4c08-bd86-3bc404b77c42,141264762,Reseda phyteuma L.
3040253,native range,Europe,9ff7d317-609b-4c08-bd86-3bc404b77c42,141264762,Reseda phyteuma L.
3040254,native range,Africa,9ff7d317-609b-4c08-bd86-3bc404b77c42,141264760,Reseda alba L.
3040254,native range,Eastern Asia,9ff7d317-609b-4c08-bd86-3bc404b77c42,141264760,Reseda alba L.
3040254,native range,Eastern Europe,9ff7d317-609b-4c08-bd86-3bc404b77c42,141264760,Reseda alba L.
3040254,native range,Europe,9ff7d317-609b-4c08-bd86-3bc404b77c42,141264760,Reseda alba L.
3040255,native range,Europe,9ff7d317-609b-4c08-bd86-3bc404b77c42,141264761,Reseda odorata L.
3040913,native range,Africa,9ff7d317-609b-4c08-bd86-3bc404b77c42,141266014,Conringia orientalis (L.) Dum.
3040913,native range,Eastern Asia,9ff7d317-609b-4c08-bd86-3bc404b77c42,141266014,Conringia orientalis (L.) Dum.
3040913,native range,Eastern Europe,9ff7d317-609b-4c08-bd86-3bc404b77c42,141266014,Conringia orientalis (L.) Dum.
3040913,native range,Europe,9ff7d317-609b-4c08-bd86-3bc404b77c42,141266014,Conringia orientalis (L.) Dum.
3040923,native range,Eastern Asia,9ff7d317-609b-4c08-bd86-3bc404b77c42,141265969,Conringia austriaca (Jacq.) Sweet
3040923,native range,Eastern Europe,9ff7d317-609b-4c08-bd86-3bc404b77c42,141265969,Conringia austriaca (Jacq.) Sweet
3040923,native range,Europe,9ff7d317-609b-4c08-bd86-3bc404b77c42,141265969,Conringia austriaca (Jacq.) Sweet
3040928,native range,Eastern Asia,9ff7d317-609b-4c08-bd86-3bc404b77c42,141265957,Conringia planisiliqua Fisch. & C.A. Mey.
3040928,native range,Eastern Europe,9ff7d317-609b-4c08-bd86-3bc404b77c42,141265957,Conringia planisiliqua Fisch. & C.A. Mey.
3040999,native range,Africa,9ff7d317-609b-4c08-bd86-3bc404b77c42,141265938,Raphanus raphanistrum L. subsp. landra (DC.) Bonnier & Layens
3040999,native range,Europe,9ff7d317-609b-4c08-bd86-3bc404b77c42,141265938,Raphanus raphanistrum L. subsp. landra (DC.) Bonnier & Layens
3041022,native range,Europe,9ff7d317-609b-4c08-bd86-3bc404b77c42,141265946,"Armoracia rusticana P. Gaertn., B. Mey. & Scherb."
3041109,native range,Africa,9ff7d317-609b-4c08-bd86-3bc404b77c42,141266016,Cordylocarpus muricatus Desf.
3042086,native range,Africa,9ff7d317-609b-4c08-bd86-3bc404b77c42,141265989,Pseudoturritis turrita (L.) Al-Shehbaz
3042086,native range,Eastern Asia,9ff7d317-609b-4c08-bd86-3bc404b77c42,141265989,Pseudoturritis turrita (L.) Al-Shehbaz
3042086,native range,Eastern Europe,9ff7d317-609b-4c08-bd86-3bc404b77c42,141265989,Pseudoturritis turrita (L.) Al-Shehbaz
3042086,native range,Europe,9ff7d317-609b-4c08-bd86-3bc404b77c42,141265989,Pseudoturritis turrita (L.) Al-Shehbaz
3042291,native range,Eastern Asia,9ff7d317-609b-4c08-bd86-3bc404b77c42,141265967,Hesperis matronalis L.
3042291,native range,Eastern Europe,9ff7d317-609b-4c08-bd86-3bc404b77c42,141265967,Hesperis matronalis L.
3042291,native range,Europe,9ff7d317-609b-4c08-bd86-3bc404b77c42,141265967,Hesperis matronalis L.
3042399,native range,Europe,9ff7d317-609b-4c08-bd86-3bc404b77c42,141265944,Camelina alyssum (Mill.) Thell.
3042416,native range,Africa,9ff7d317-609b-4c08-bd86-3bc404b77c42,141265941,Camelina microcarpa Andrz. ex DC.
3042416,native range,Eastern Asia,9ff7d317-609b-4c08-bd86-3bc404b77c42,141265941,Camelina microcarpa Andrz. ex DC.
3042416,native range,Eastern Europe,9ff7d317-609b-4c08-bd86-3bc404b77c42,141265941,Camelina microcarpa Andrz. ex DC.
3042416,native range,Europe,9ff7d317-609b-4c08-bd86-3bc404b77c42,141265941,Camelina microcarpa Andrz. ex DC.
3042439,native range,Eastern Asia,9ff7d317-609b-4c08-bd86-3bc404b77c42,141266006,Camelina rumelica Velen.
3042439,native range,Eastern Europe,9ff7d317-609b-4c08-bd86-3bc404b77c42,141266006,Camelina rumelica Velen.
3042439,native range,Europe,9ff7d317-609b-4c08-bd86-3bc404b77c42,141266006,Camelina rumelica Velen.
3042624,native range,Africa,9ff7d317-609b-4c08-bd86-3bc404b77c42,141266045,Brassica tournefortii Gouan
3042624,native range,Eastern Asia,9ff7d317-609b-4c08-bd86-3bc404b77c42,141266045,Brassica tournefortii Gouan
3042624,native range,Eastern Europe,9ff7d317-609b-4c08-bd86-3bc404b77c42,141266045,Brassica tournefortii Gouan
3042624,native range,Europe,9ff7d317-609b-4c08-bd86-3bc404b77c42,141266045,Brassica tournefortii Gouan
3042636,native range,Europe,9ff7d317-609b-4c08-bd86-3bc404b77c42,141266027,Brassica napus L.
3042751,native range,Africa,9ff7d317-609b-4c08-bd86-3bc404b77c42,141265951,Brassica juncea (L.) Czern.
3042751,native range,Asia,9ff7d317-609b-4c08-bd86-3bc404b77c42,141265951,Brassica juncea (L.) Czern.
3042799,native range,Africa,9ff7d317-609b-4c08-bd86-3bc404b77c42,141265994,Brassica barrelieri (L.) Janka
3042799,native range,Europe,9ff7d317-609b-4c08-bd86-3bc404b77c42,141265994,Brassica barrelieri (L.) Janka
3042845,native range,Europe,9ff7d317-609b-4c08-bd86-3bc404b77c42,141266046,Brassica oleracea L.
3042889,native range,Eastern Asia,9ff7d317-609b-4c08-bd86-3bc404b77c42,141266047,Brassica elongata Ehrh. subsp. integrifolia (Boiss.) Breistr.
3042889,native range,Eastern Europe,9ff7d317-609b-4c08-bd86-3bc404b77c42,141266047,Brassica elongata Ehrh. subsp. integrifolia (Boiss.) Breistr.
3042889,native range,Europe,9ff7d317-609b-4c08-bd86-3bc404b77c42,141266047,Brassica elongata Ehrh. subsp. integrifolia (Boiss.) Breistr.
3042925,native range,Africa,9ff7d317-609b-4c08-bd86-3bc404b77c42,141265982,Brassica carinata A. Braun
3044133,native range,Northern America,9ff7d317-609b-4c08-bd86-3bc404b77c42,141266023,Descurainia pinnata (Walter) Britton
3044201,native range,Northern America,9ff7d317-609b-4c08-bd86-3bc404b77c42,141265962,Descurainia incisa (Engelm. ex A. Gray) Britton
3044349,native range,Eastern Asia,9ff7d317-609b-4c08-bd86-3bc404b77c42,141265981,Chorispora tenella (Pallas) DC.
3044349,native range,Eastern Europe,9ff7d317-609b-4c08-bd86-3bc404b77c42,141265981,Chorispora tenella (Pallas) DC.
3044349,native range,Europe,9ff7d317-609b-4c08-bd86-3bc404b77c42,141265981,Chorispora tenella (Pallas) DC.
3044912,native range,Europe,9ff7d317-609b-4c08-bd86-3bc404b77c42,141265966,Alyssum montanum L.
3045006,native range,Eastern Asia,9ff7d317-609b-4c08-bd86-3bc404b77c42,141265942,Alyssum hirsutum Bieb.
3045006,native range,Eastern Europe,9ff7d317-609b-4c08-bd86-3bc404b77c42,141265942,Alyssum hirsutum Bieb.
3045006,native range,Europe,9ff7d317-609b-4c08-bd86-3bc404b77c42,141265942,Alyssum hirsutum Bieb.
3045042,native range,Africa,9ff7d317-609b-4c08-bd86-3bc404b77c42,141265934,Alyssum simplex Rudolphi
3045042,native range,Eastern Asia,9ff7d317-609b-4c08-bd86-3bc404b77c42,141265934,Alyssum simplex Rudolphi
3045042,native range,Eastern Europe,9ff7d317-609b-4c08-bd86-3bc404b77c42,141265934,Alyssum simplex Rudolphi
3045042,native range,Europe,9ff7d317-609b-4c08-bd86-3bc404b77c42,141265934,Alyssum simplex Rudolphi
3045082,native range,Eastern Asia,9ff7d317-609b-4c08-bd86-3bc404b77c42,141266015,Alyssum desertorum Stapf
3045082,native range,Eastern Europe,9ff7d317-609b-4c08-bd86-3bc404b77c42,141266015,Alyssum desertorum Stapf
3045082,native range,Europe,9ff7d317-609b-4c08-bd86-3bc404b77c42,141266015,Alyssum desertorum Stapf
3045193,native range,Eastern Asia,9ff7d317-609b-4c08-bd86-3bc404b77c42,141265961,Alyssum strigosum Banks & Sol.
3045193,native range,Eastern Europe,9ff7d317-609b-4c08-bd86-3bc404b77c42,141265961,Alyssum strigosum Banks & Sol.
3045193,native range,Europe,9ff7d317-609b-4c08-bd86-3bc404b77c42,141265961,Alyssum strigosum Banks & Sol.
3045473,native range,Europe,9ff7d317-609b-4c08-bd86-3bc404b77c42,141265937,Noccaea brachypetala (Jord.) F.K. Mey.
3045803,native range,Africa,9ff7d317-609b-4c08-bd86-3bc404b77c42,168400509,Cardamine graeca L.
3045803,native range,Eastern Asia,9ff7d317-609b-4c08-bd86-3bc404b77c42,168400509,Cardamine graeca L.
3045803,native range,Eastern Europe,9ff7d317-609b-4c08-bd86-3bc404b77c42,168400509,Cardamine graeca L.
3045803,native range,Europe,9ff7d317-609b-4c08-bd86-3bc404b77c42,168400509,Cardamine graeca L.
3046015,native range,Australia and New Zealand,9ff7d317-609b-4c08-bd86-3bc404b77c42,141265983,Cardamine corymbosa Hook. f.
3046092,native range,Europe,9ff7d317-609b-4c08-bd86-3bc404b77c42,141265928,Cardamine parviflora L.
3046736,native range,Eastern Asia,9ff7d317-609b-4c08-bd86-3bc404b77c42,141265943,Sisymbrium altissimum L.
3046736,native range,Eastern Europe,9ff7d317-609b-4c08-bd86-3bc404b77c42,141265943,Sisymbrium altissimum L.
3046736,native range,Europe,9ff7d317-609b-4c08-bd86-3bc404b77c42,141265943,Sisymbrium altissimum L.
3046744,native range,Eastern Asia,9ff7d317-609b-4c08-bd86-3bc404b77c42,141265956,Sisymbrium volgense Bieb. ex E. Fourn.
3046744,native range,Eastern Europe,9ff7d317-609b-4c08-bd86-3bc404b77c42,141265956,Sisymbrium volgense Bieb. ex E. Fourn.
3046765,native range,Africa,9ff7d317-609b-4c08-bd86-3bc404b77c42,141266007,Sisymbrium erysimoides Desf.
3046765,native range,Eastern Asia,9ff7d317-609b-4c08-bd86-3bc404b77c42,141266007,Sisymbrium erysimoides Desf.
3046765,native range,Eastern Europe,9ff7d317-609b-4c08-bd86-3bc404b77c42,141266007,Sisymbrium erysimoides Desf.
3046765,native range,Europe,9ff7d317-609b-4c08-bd86-3bc404b77c42,141266007,Sisymbrium erysimoides Desf.
3046778,native range,Eastern Asia,9ff7d317-609b-4c08-bd86-3bc404b77c42,141266025,Sisymbrium septulatum DC.
3046778,native range,Eastern Europe,9ff7d317-609b-4c08-bd86-3bc404b77c42,141266025,Sisymbrium septulatum DC.
3046812,native range,Africa,9ff7d317-609b-4c08-bd86-3bc404b77c42,141265975,Sisymbrium orientale L.
3046812,native range,Eastern Asia,9ff7d317-609b-4c08-bd86-3bc404b77c42,141265975,Sisymbrium orientale L.
3046812,native range,Eastern Europe,9ff7d317-609b-4c08-bd86-3bc404b77c42,141265975,Sisymbrium orientale L.
3046812,native range,Europe,9ff7d317-609b-4c08-bd86-3bc404b77c42,141265975,Sisymbrium orientale L.
3046839,native range,Africa,9ff7d317-609b-4c08-bd86-3bc404b77c42,141266004,Sisymbrium runcinatum Lag. ex DC.
3046839,native range,Europe,9ff7d317-609b-4c08-bd86-3bc404b77c42,141266004,Sisymbrium runcinatum Lag. ex DC.
3046850,native range,Europe,9ff7d317-609b-4c08-bd86-3bc404b77c42,141265940,Sisymbrium strictissimum L.
3046851,native range,Africa,9ff7d317-609b-4c08-bd86-3bc404b77c42,141265996,Sisymbrium irio L.
3046851,native range,Eastern Asia,9ff7d317-609b-4c08-bd86-3bc404b77c42,141265996,Sisymbrium irio L.
3046851,native range,Eastern Europe,9ff7d317-609b-4c08-bd86-3bc404b77c42,141265996,Sisymbrium irio L.
3046851,native range,Europe,9ff7d317-609b-4c08-bd86-3bc404b77c42,141265996,Sisymbrium irio L.
3046875,native range,Eastern Asia,9ff7d317-609b-4c08-bd86-3bc404b77c42,141266043,Sisymbrium loeselii L.
3046875,native range,Eastern Europe,9ff7d317-609b-4c08-bd86-3bc404b77c42,141266043,Sisymbrium loeselii L.
3046875,native range,Europe,9ff7d317-609b-4c08-bd86-3bc404b77c42,141266043,Sisymbrium loeselii L.
3046929,native range,Europe,9ff7d317-609b-4c08-bd86-3bc404b77c42,141265947,Sisymbrium austriacum Jacq. subsp. chrysanthum (Jord.) Rouy & Fouc.
3047147,native range,Africa,9ff7d317-609b-4c08-bd86-3bc404b77c42,141266034,Neslia paniculata (L.) Desv. subsp. thracia (Velen.) Bornm.
3047147,native range,Eastern Asia,9ff7d317-609b-4c08-bd86-3bc404b77c42,141266034,Neslia paniculata (L.) Desv. subsp. thracia (Velen.) Bornm.
3047147,native range,Eastern Europe,9ff7d317-609b-4c08-bd86-3bc404b77c42,141266034,Neslia paniculata (L.) Desv. subsp. thracia (Velen.) Bornm.
3047147,native range,Europe,9ff7d317-609b-4c08-bd86-3bc404b77c42,141266034,Neslia paniculata (L.) Desv. subsp. thracia (Velen.) Bornm.
3047621,native range,Africa,9ff7d317-609b-4c08-bd86-3bc404b77c42,141265987,Sinapis alba L.
3047621,native range,Eastern Asia,9ff7d317-609b-4c08-bd86-3bc404b77c42,141265987,Sinapis alba L.
3047621,native range,Eastern Europe,9ff7d317-609b-4c08-bd86-3bc404b77c42,141265987,Sinapis alba L.
3047621,native range,Europe,9ff7d317-609b-4c08-bd86-3bc404b77c42,141265987,Sinapis alba L.
3047633,native range,Africa,9ff7d317-609b-4c08-bd86-3bc404b77c42,141265945,Sinapis dissecta Lag.
3047633,native range,Europe,9ff7d317-609b-4c08-bd86-3bc404b77c42,141265945,Sinapis dissecta Lag.
3047811,native range,Eastern Asia,9ff7d317-609b-4c08-bd86-3bc404b77c42,141265954,Myagrum perfoliatum L.
3047811,native range,Eastern Europe,9ff7d317-609b-4c08-bd86-3bc404b77c42,141265954,Myagrum perfoliatum L.
3047811,native range,Europe,9ff7d317-609b-4c08-bd86-3bc404b77c42,141265954,Myagrum perfoliatum L.
3048073,native range,Europe,9ff7d317-609b-4c08-bd86-3bc404b77c42,141266031,Erysimum ruscinonense Jord.
3048166,native range,Eastern Asia,9ff7d317-609b-4c08-bd86-3bc404b77c42,141266039,Erysimum repandum L.
3048166,native range,Eastern Europe,9ff7d317-609b-4c08-bd86-3bc404b77c42,141266039,Erysimum repandum L.
3048166,native range,Europe,9ff7d317-609b-4c08-bd86-3bc404b77c42,141266039,Erysimum repandum L.
3048203,native range,Europe,9ff7d317-609b-4c08-bd86-3bc404b77c42,141265995,Erysimum cheiri (L.) Crantz
3048288,native range,Asia,9ff7d317-609b-4c08-bd86-3bc404b77c42,141266026,Erysimum diffusum Ehrh.
3048288,native range,Europe,9ff7d317-609b-4c08-bd86-3bc404b77c42,141266026,Erysimum diffusum Ehrh.
3049314,native range,Eastern Asia,9ff7d317-609b-4c08-bd86-3bc404b77c42,141265997,Euclidium syriacum (L.) R. Brown
3049314,native range,Eastern Europe,9ff7d317-609b-4c08-bd86-3bc404b77c42,141265997,Euclidium syriacum (L.) R. Brown
3050357,native range,Africa,9ff7d317-609b-4c08-bd86-3bc404b77c42,141266011,Bunias erucago L.
3050357,native range,Eastern Asia,9ff7d317-609b-4c08-bd86-3bc404b77c42,141266011,Bunias erucago L.
3050357,native range,Eastern Europe,9ff7d317-609b-4c08-bd86-3bc404b77c42,141266011,Bunias erucago L.
3050357,native range,Europe,9ff7d317-609b-4c08-bd86-3bc404b77c42,141266011,Bunias erucago L.
3050364,native range,Asia,1738f272-6b5d-4f43-9a92-453a8c5ea50a,146042145,Bunias orientalis
3050364,native range,Eastern Asia,9ff7d317-609b-4c08-bd86-3bc404b77c42,141265977,Bunias orientalis L.
3050364,native range,Eastern Europe,9ff7d317-609b-4c08-bd86-3bc404b77c42,141265977,Bunias orientalis L.
3050364,native range,Europe,9ff7d317-609b-4c08-bd86-3bc404b77c42,141265977,Bunias orientalis L.
3050595,native range,Africa,9ff7d317-609b-4c08-bd86-3bc404b77c42,141265939,Erucastrum incanum (L.) Koch
3050595,native range,Eastern Asia,9ff7d317-609b-4c08-bd86-3bc404b77c42,141265939,Erucastrum incanum (L.) Koch
3050595,native range,Eastern Europe,9ff7d317-609b-4c08-bd86-3bc404b77c42,141265939,Erucastrum incanum (L.) Koch
3050595,native range,Europe,9ff7d317-609b-4c08-bd86-3bc404b77c42,141265939,Erucastrum incanum (L.) Koch
3052450,native range,Europe,9ff7d317-609b-4c08-bd86-3bc404b77c42,141266019,Arabidopsis halleri (L.) O’Kane & Al-Shehbaz
3053399,native range,Europe,9ff7d317-609b-4c08-bd86-3bc404b77c42,141265931,Rorippa stylosa (Pers.) Mansf. & Rothm.
3053406,native range,Eastern Asia,9ff7d317-609b-4c08-bd86-3bc404b77c42,141265970,Rorippa austriaca (Crantz) Besser
3053406,native range,Eastern Europe,9ff7d317-609b-4c08-bd86-3bc404b77c42,141265970,Rorippa austriaca (Crantz) Besser
3053406,native range,Europe,9ff7d317-609b-4c08-bd86-3bc404b77c42,141265970,Rorippa austriaca (Crantz) Besser
3053522,native range,Eastern Asia,9ff7d317-609b-4c08-bd86-3bc404b77c42,141266029,Berteroa incana (L.) DC.
3053522,native range,Eastern Europe,9ff7d317-609b-4c08-bd86-3bc404b77c42,141266029,Berteroa incana (L.) DC.
3053522,native range,Europe,9ff7d317-609b-4c08-bd86-3bc404b77c42,141266029,Berteroa incana (L.) DC.
3053950,native range,Africa,9ff7d317-609b-4c08-bd86-3bc404b77c42,141266032,Enarthrocarpus lyratus (Forssk.) DC.
3053950,native range,Eastern Asia,9ff7d317-609b-4c08-bd86-3bc404b77c42,141266032,Enarthrocarpus lyratus (Forssk.) DC.
3053950,native range,Eastern Europe,9ff7d317-609b-4c08-bd86-3bc404b77c42,141266032,Enarthrocarpus lyratus (Forssk.) DC.
3053950,native range,Europe,9ff7d317-609b-4c08-bd86-3bc404b77c42,141266032,Enarthrocarpus lyratus (Forssk.) DC.
3054110,native range,Europe,9ff7d317-609b-4c08-bd86-3bc404b77c42,141266013,Aubrieta columnae Guss.
3054117,native range,Eastern Asia,9ff7d317-609b-4c08-bd86-3bc404b77c42,141266048,Aubrieta deltoidea (L.) DC.
3054117,native range,Eastern Europe,9ff7d317-609b-4c08-bd86-3bc404b77c42,141266048,Aubrieta deltoidea (L.) DC.
3054117,native range,Europe,9ff7d317-609b-4c08-bd86-3bc404b77c42,141266048,Aubrieta deltoidea (L.) DC.
3054352,native range,Northern America,9ff7d317-609b-4c08-bd86-3bc404b77c42,141264848,Juglans cinerea L.
3054357,native range,Northern America,9ff7d317-609b-4c08-bd86-3bc404b77c42,141264846,Juglans nigra L.
3054368,native range,Eastern Asia,9ff7d317-609b-4c08-bd86-3bc404b77c42,141264847,Juglans regia L.
3054368,native range,Eastern Europe,9ff7d317-609b-4c08-bd86-3bc404b77c42,141264847,Juglans regia L.
3054368,native range,Europe,9ff7d317-609b-4c08-bd86-3bc404b77c42,141264847,Juglans regia L.
3056259,native range,Africa,9ff7d317-609b-4c08-bd86-3bc404b77c42,141267044,Acalypha indica L.
3056259,native range,Southern Asia,9ff7d317-609b-4c08-bd86-3bc404b77c42,141267044,Acalypha indica L.
3060710,native range,South America,9ff7d317-609b-4c08-bd86-3bc404b77c42,141267034,Manihot grahamii Hook.
3064056,native range,Eastern Asia,9ff7d317-609b-4c08-bd86-3bc404b77c42,141267041,Euphorbia palustris L.
3064056,native range,Eastern Europe,9ff7d317-609b-4c08-bd86-3bc404b77c42,141267041,Euphorbia palustris L.
3064056,native range,Europe,9ff7d317-609b-4c08-bd86-3bc404b77c42,141267041,Euphorbia palustris L.
3064221,native range,South America,9ff7d317-609b-4c08-bd86-3bc404b77c42,141267024,Euphorbia serpens Kunth subsp. fissistipula (Thell.) Verloove & Lambinon
3064282,native range,Eastern Asia,9ff7d317-609b-4c08-bd86-3bc404b77c42,141267035,Euphorbia esula L. subsp. tommasiniana (Bertol.) Kuzmanov
3064282,native range,Eastern Europe,9ff7d317-609b-4c08-bd86-3bc404b77c42,141267035,Euphorbia esula L. subsp. tommasiniana (Bertol.) Kuzmanov
3064282,native range,Europe,9ff7d317-609b-4c08-bd86-3bc404b77c42,141267035,Euphorbia esula L. subsp. tommasiniana (Bertol.) Kuzmanov
3064495,native range,Americas,9ff7d317-609b-4c08-bd86-3bc404b77c42,141267045,Euphorbia heterophylla L.
3064669,native range,Eastern Asia,9ff7d317-609b-4c08-bd86-3bc404b77c42,141267039,Euphorbia myrsinites L.
3064669,native range,Eastern Europe,9ff7d317-609b-4c08-bd86-3bc404b77c42,141267039,Euphorbia myrsinites L.
3064669,native range,Europe,9ff7d317-609b-4c08-bd86-3bc404b77c42,141267039,Euphorbia myrsinites L.
3065244,native range,Eastern Asia,9ff7d317-609b-4c08-bd86-3bc404b77c42,141267046,Euphorbia amygdaloides L. subsp. robbiae (Turrill) Stace
3065244,native range,Eastern Europe,9ff7d317-609b-4c08-bd86-3bc404b77c42,141267046,Euphorbia amygdaloides L. subsp. robbiae (Turrill) Stace
3065883,native range,Americas,9ff7d317-609b-4c08-bd86-3bc404b77c42,141267026,Euphorbia glyptosperma Engelm.
3066112,native range,Europe,9ff7d317-609b-4c08-bd86-3bc404b77c42,141267049,Euphorbia epithymoides L.
3066179,native range,Eastern Asia,9ff7d317-609b-4c08-bd86-3bc404b77c42,141267040,Euphorbia seguieriana Neck.
3066179,native range,Eastern Europe,9ff7d317-609b-4c08-bd86-3bc404b77c42,141267040,Euphorbia seguieriana Neck.
3066179,native range,Europe,9ff7d317-609b-4c08-bd86-3bc404b77c42,141267040,Euphorbia seguieriana Neck.
3066321,native range,Americas,9ff7d317-609b-4c08-bd86-3bc404b77c42,141267047,Euphorbia glomerifera (Millsp.) L.C. Wheeler
3066482,native range,Africa,9ff7d317-609b-4c08-bd86-3bc404b77c42,141267029,Euphorbia peplis L.
3066482,native range,Eastern Asia,9ff7d317-609b-4c08-bd86-3bc404b77c42,141267029,Euphorbia peplis L.
3066482,native range,Eastern Europe,9ff7d317-609b-4c08-bd86-3bc404b77c42,141267029,Euphorbia peplis L.
3066482,native range,Europe,9ff7d317-609b-4c08-bd86-3bc404b77c42,141267029,Euphorbia peplis L.
3066965,native range,Africa,9ff7d317-609b-4c08-bd86-3bc404b77c42,141267033,Euphorbia lathyris L.
3066965,native range,Eastern Asia,9ff7d317-609b-4c08-bd86-3bc404b77c42,141267033,Euphorbia lathyris L.
3066965,native range,Eastern Europe,9ff7d317-609b-4c08-bd86-3bc404b77c42,141267033,Euphorbia lathyris L.
3066965,native range,Europe,9ff7d317-609b-4c08-bd86-3bc404b77c42,141267033,Euphorbia lathyris L.
3066993,native range,Northern America,9ff7d317-609b-4c08-bd86-3bc404b77c42,141267048,Euphorbia dentata Michaux
3067054,native range,Asia,9ff7d317-609b-4c08-bd86-3bc404b77c42,141267043,Euphorbia humifusa Willd.
3067119,native range,Northern America,9ff7d317-609b-4c08-bd86-3bc404b77c42,141267030,Euphorbia maculata L.
3067353,native range,Africa,9ff7d317-609b-4c08-bd86-3bc404b77c42,141267032,Euphorbia characias L.
3067353,native range,Eastern Asia,9ff7d317-609b-4c08-bd86-3bc404b77c42,141267032,Euphorbia characias L.
3067353,native range,Eastern Europe,9ff7d317-609b-4c08-bd86-3bc404b77c42,141267032,Euphorbia characias L.
3067353,native range,Europe,9ff7d317-609b-4c08-bd86-3bc404b77c42,141267032,Euphorbia characias L.
3067869,native range,Africa,9ff7d317-609b-4c08-bd86-3bc404b77c42,141267042,Euphorbia chamaesyce L.
3067869,native range,Eastern Asia,9ff7d317-609b-4c08-bd86-3bc404b77c42,141267042,Euphorbia chamaesyce L.
3067869,native range,Eastern Europe,9ff7d317-609b-4c08-bd86-3bc404b77c42,141267042,Euphorbia chamaesyce L.
3067869,native range,Europe,9ff7d317-609b-4c08-bd86-3bc404b77c42,141267042,Euphorbia chamaesyce L.
3067891,native range,Americas,9ff7d317-609b-4c08-bd86-3bc404b77c42,141267025,Euphorbia prostrata Ait.
3069053,native range,Europe,9ff7d317-609b-4c08-bd86-3bc404b77c42,141267031,Euphorbia brittingeri Opiz ex Samp.
3069300,native range,Northern America,9ff7d317-609b-4c08-bd86-3bc404b77c42,141267028,Euphorbia vermiculata Raf.
3069460,native range,Europe,9ff7d317-609b-4c08-bd86-3bc404b77c42,141267027,Euphorbia oblongata Griseb.
3070346,native range,Americas,9ff7d317-609b-4c08-bd86-3bc404b77c42,141267036,Euphorbia nutans Lag.
3079631,native range,Africa,9ff7d317-609b-4c08-bd86-3bc404b77c42,141264616,Andrachne telephioides L.
3079631,native range,Eastern Asia,9ff7d317-609b-4c08-bd86-3bc404b77c42,141264616,Andrachne telephioides L.
3079631,native range,Eastern Europe,9ff7d317-609b-4c08-bd86-3bc404b77c42,141264616,Andrachne telephioides L.
3079631,native range,Europe,9ff7d317-609b-4c08-bd86-3bc404b77c42,141264616,Andrachne telephioides L.
3082244,native range,Northern America,9ff7d317-609b-4c08-bd86-3bc404b77c42,141264766,Cornus sericea L.
3082270,native range,Eastern Asia,9ff7d317-609b-4c08-bd86-3bc404b77c42,308609261,Cornus canadensis L.
3082270,native range,Eastern Europe,9ff7d317-609b-4c08-bd86-3bc404b77c42,308609261,Cornus canadensis L.
3082270,native range,Northern America,9ff7d317-609b-4c08-bd86-3bc404b77c42,308609261,Cornus canadensis L.
3082279,native range,Eastern Asia,9ff7d317-609b-4c08-bd86-3bc404b77c42,308609250,Ceratostigma plumbaginoides Bunge
3082279,native range,Eastern Europe,9ff7d317-609b-4c08-bd86-3bc404b77c42,308609250,Ceratostigma plumbaginoides Bunge
3082297,native range,Africa,9ff7d317-609b-4c08-bd86-3bc404b77c42,141264630,Limonium sinuatum (L.) Mill.
3082297,native range,Eastern Asia,9ff7d317-609b-4c08-bd86-3bc404b77c42,141264630,Limonium sinuatum (L.) Mill.
3082297,native range,Eastern Europe,9ff7d317-609b-4c08-bd86-3bc404b77c42,141264630,Limonium sinuatum (L.) Mill.
3082297,native range,Europe,9ff7d317-609b-4c08-bd86-3bc404b77c42,141264630,Limonium sinuatum (L.) Mill.
3083486,native range,Eastern Asia,9ff7d317-609b-4c08-bd86-3bc404b77c42,141264737,Paeonia lactiflora Pallas
3083486,native range,Eastern Europe,9ff7d317-609b-4c08-bd86-3bc404b77c42,141264737,Paeonia lactiflora Pallas
3083488,native range,Europe,9ff7d317-609b-4c08-bd86-3bc404b77c42,141264738,Paeonia officinalis L.
3083603,native range,Eastern Asia,9ff7d317-609b-4c08-bd86-3bc404b77c42,141266204,Polycnemum arvense L.
3083603,native range,Eastern Europe,9ff7d317-609b-4c08-bd86-3bc404b77c42,141266204,Polycnemum arvense L.
3083603,native range,Europe,9ff7d317-609b-4c08-bd86-3bc404b77c42,141266204,Polycnemum arvense L.
3083647,native range,Europe,9ff7d317-609b-4c08-bd86-3bc404b77c42,141266161,Spinacia oleracea L.
3083657,native range,Africa,9ff7d317-609b-4c08-bd86-3bc404b77c42,141266105,Atriplex oblongifolia Waldst. & Kit.
3083657,native range,Eastern Asia,9ff7d317-609b-4c08-bd86-3bc404b77c42,141266105,Atriplex oblongifolia Waldst. & Kit.
3083657,native range,Eastern Europe,9ff7d317-609b-4c08-bd86-3bc404b77c42,141266105,Atriplex oblongifolia Waldst. & Kit.
3083657,native range,Europe,9ff7d317-609b-4c08-bd86-3bc404b77c42,141266105,Atriplex oblongifolia Waldst. & Kit.
3083659,native range,Australia and New Zealand,9ff7d317-609b-4c08-bd86-3bc404b77c42,141266139,Atriplex eardleyae Aell.
3083667,native range,Australia and New Zealand,9ff7d317-609b-4c08-bd86-3bc404b77c42,141266186,Atriplex semibaccata R. Brown
3083680,native range,Eastern Asia,9ff7d317-609b-4c08-bd86-3bc404b77c42,141266188,Atriplex micrantha Ledeb.
3083680,native range,Eastern Europe,9ff7d317-609b-4c08-bd86-3bc404b77c42,141266188,Atriplex micrantha Ledeb.
3083702,native range,Eastern Asia,9ff7d317-609b-4c08-bd86-3bc404b77c42,141266103,Atriplex tatarica L.
3083702,native range,Eastern Europe,9ff7d317-609b-4c08-bd86-3bc404b77c42,141266103,Atriplex tatarica L.
3083702,native range,Europe,9ff7d317-609b-4c08-bd86-3bc404b77c42,141266103,Atriplex tatarica L.
3083718,native range,Africa,9ff7d317-609b-4c08-bd86-3bc404b77c42,141266127,Atriplex halimus L.
3083718,native range,Eastern Asia,9ff7d317-609b-4c08-bd86-3bc404b77c42,141266127,Atriplex halimus L.
3083718,native range,Eastern Europe,9ff7d317-609b-4c08-bd86-3bc404b77c42,141266127,Atriplex halimus L.
3083718,native range,Europe,9ff7d317-609b-4c08-bd86-3bc404b77c42,141266127,Atriplex halimus L.
3083745,native range,Africa,9ff7d317-609b-4c08-bd86-3bc404b77c42,141266164,Atriplex rosea L.
3083745,native range,Eastern Asia,9ff7d317-609b-4c08-bd86-3bc404b77c42,141266164,Atriplex rosea L.
3083745,native range,Eastern Europe,9ff7d317-609b-4c08-bd86-3bc404b77c42,141266164,Atriplex rosea L.
3083745,native range,Europe,9ff7d317-609b-4c08-bd86-3bc404b77c42,141266164,Atriplex rosea L.
3083746,native range,Australia and New Zealand,9ff7d317-609b-4c08-bd86-3bc404b77c42,141266203,Atriplex holocarpa F. Muell.
3083761,native range,Eastern Asia,9ff7d317-609b-4c08-bd86-3bc404b77c42,141266122,Atriplex hortensis L.
3083761,native range,Eastern Europe,9ff7d317-609b-4c08-bd86-3bc404b77c42,141266122,Atriplex hortensis L.
3083763,native range,Eastern Asia,9ff7d317-609b-4c08-bd86-3bc404b77c42,141266107,Atriplex sibirica L.
3083763,native range,Eastern Europe,9ff7d317-609b-4c08-bd86-3bc404b77c42,141266107,Atriplex sibirica L.
3083771,native range,Australia and New Zealand,9ff7d317-609b-4c08-bd86-3bc404b77c42,141266153,Atriplex suberecta Verdoorn
3083773,native range,Australia and New Zealand,9ff7d317-609b-4c08-bd86-3bc404b77c42,141266133,Atriplex muelleri Benth.
3083888,native range,Eastern Asia,9ff7d317-609b-4c08-bd86-3bc404b77c42,141266197,Teloxys aristata (L.) Moq.
3083888,native range,Eastern Europe,9ff7d317-609b-4c08-bd86-3bc404b77c42,141266197,Teloxys aristata (L.) Moq.
3083888,native range,Europe,9ff7d317-609b-4c08-bd86-3bc404b77c42,141266197,Teloxys aristata (L.) Moq.
3083903,native range,Africa,9ff7d317-609b-4c08-bd86-3bc404b77c42,141266198,Chenopodium opulifolium Schrad. ex Koch & Ziz
3083903,native range,Eastern Asia,9ff7d317-609b-4c08-bd86-3bc404b77c42,141266198,Chenopodium opulifolium Schrad. ex Koch & Ziz
3083903,native range,Eastern Europe,9ff7d317-609b-4c08-bd86-3bc404b77c42,141266198,Chenopodium opulifolium Schrad. ex Koch & Ziz
3083903,native range,Europe,9ff7d317-609b-4c08-bd86-3bc404b77c42,141266198,Chenopodium opulifolium Schrad. ex Koch & Ziz
3083905,native range,Eastern Asia,9ff7d317-609b-4c08-bd86-3bc404b77c42,141266145,Chenopodium suecicum J. Murr
3083905,native range,Eastern Europe,9ff7d317-609b-4c08-bd86-3bc404b77c42,141266145,Chenopodium suecicum J. Murr
3083905,native range,Europe,9ff7d317-609b-4c08-bd86-3bc404b77c42,141266145,Chenopodium suecicum J. Murr
3083920,native range,Northern America,9ff7d317-609b-4c08-bd86-3bc404b77c42,141266126,Chenopodium berlandieri Moq.
3083921,native range,Northern America,9ff7d317-609b-4c08-bd86-3bc404b77c42,141266116,Chenopodium pratericola Rydberg s.l.
3083934,native range,South America,9ff7d317-609b-4c08-bd86-3bc404b77c42,141266167,Chenopodium hircinum Schrad.
3083935,native range,South America,9ff7d317-609b-4c08-bd86-3bc404b77c42,141266150,Chenopodium quinoa Willd.
3083975,native range,Eastern Asia,9ff7d317-609b-4c08-bd86-3bc404b77c42,141266151,Corispermum pallasii Steven
3083975,native range,Eastern Europe,9ff7d317-609b-4c08-bd86-3bc404b77c42,141266151,Corispermum pallasii Steven
3084015,native range,Northern America,9ff7d317-609b-4c08-bd86-3bc404b77c42,141264734,Phytolacca americana L.
3084022,native range,Asia,1738f272-6b5d-4f43-9a92-453a8c5ea50a,146042139,Phytolacca acinosa Roxb.
3084022,native range,Eastern Asia,9ff7d317-609b-4c08-bd86-3bc404b77c42,141264735,Phytolacca acinosa Roxb. s.l.
3084022,native range,Eastern Europe,9ff7d317-609b-4c08-bd86-3bc404b77c42,141264735,Phytolacca acinosa Roxb. s.l.
3084611,native range,South America,9ff7d317-609b-4c08-bd86-3bc404b77c42,141264715,Mollugo verticillata L.
3084616,native range,Africa,9ff7d317-609b-4c08-bd86-3bc404b77c42,141264714,Glinus lotoides L.
3084616,native range,Asia,9ff7d317-609b-4c08-bd86-3bc404b77c42,141264714,Glinus lotoides L.
3084616,native range,Europe,9ff7d317-609b-4c08-bd86-3bc404b77c42,141264714,Glinus lotoides L.
3084693,native range,Americas,9ff7d317-609b-4c08-bd86-3bc404b77c42,141266891,Calandrinia elegans Spach
3084700,native range,South America,9ff7d317-609b-4c08-bd86-3bc404b77c42,141264805,Portulaca grandiflora Hook.
3084742,native range,Northern America,9ff7d317-609b-4c08-bd86-3bc404b77c42,141266892,Claytonia sibirica L.
3084748,native range,Northern America,9ff7d317-609b-4c08-bd86-3bc404b77c42,141266889,Claytonia perfoliata Donn ex Willd.
3084837,native range,Africa,9ff7d317-609b-4c08-bd86-3bc404b77c42,141266318,Mesembryanthemum nodiflorum L.
3084837,native range,Eastern Asia,9ff7d317-609b-4c08-bd86-3bc404b77c42,141266318,Mesembryanthemum nodiflorum L.
3084837,native range,Eastern Europe,9ff7d317-609b-4c08-bd86-3bc404b77c42,141266318,Mesembryanthemum nodiflorum L.
3084837,native range,Europe,9ff7d317-609b-4c08-bd86-3bc404b77c42,141266318,Mesembryanthemum nodiflorum L.
3084839,native range,Africa,9ff7d317-609b-4c08-bd86-3bc404b77c42,141266315,Mesembryanthemum crystallinum L.
3084842,native range,Africa,1738f272-6b5d-4f43-9a92-453a8c5ea50a,146042217,Carpobrotus edulis (Linnaeus) Brown
3084872,native range,Africa,9ff7d317-609b-4c08-bd86-3bc404b77c42,168400520,Drosanthemum floribundum (Haworth) Schwantes
3084922,native range,South America,9ff7d317-609b-4c08-bd86-3bc404b77c42,141266205,Alternanthera paronychioides A. St. Hil.
3084939,native range,Africa,9ff7d317-609b-4c08-bd86-3bc404b77c42,141266152,Alternanthera nodiflora R. Brown
3084939,native range,Australia and New Zealand,9ff7d317-609b-4c08-bd86-3bc404b77c42,141266152,Alternanthera nodiflora R. Brown
3084939,native range,Southern Asia,9ff7d317-609b-4c08-bd86-3bc404b77c42,141266152,Alternanthera nodiflora R. Brown
3084949,native range,South America,9ff7d317-609b-4c08-bd86-3bc404b77c42,141266169,"Alternanthera pungens Humb., Bonpl. & Kunth"
3084958,native range,South America,9ff7d317-609b-4c08-bd86-3bc404b77c42,141266196,"Alternanthera caracasana Humb., Bonpl. & Kunth"
3085346,native range,Asia,9ff7d317-609b-4c08-bd86-3bc404b77c42,141267188,Lepyrodiclis holosteoides (C.A. Mey.) Fenzl ex Fisch. & C.A. Mey.
3085357,native range,Europe,9ff7d317-609b-4c08-bd86-3bc404b77c42,141267213,Saponaria ocymoides L.
3085360,native range,Eastern Asia,9ff7d317-609b-4c08-bd86-3bc404b77c42,141267195,Saponaria officinalis L.
3085360,native range,Eastern Europe,9ff7d317-609b-4c08-bd86-3bc404b77c42,141267195,Saponaria officinalis L.
3085360,native range,Europe,9ff7d317-609b-4c08-bd86-3bc404b77c42,141267195,Saponaria officinalis L.
3085366,native range,Eastern Asia,9ff7d317-609b-4c08-bd86-3bc404b77c42,141267206,Agrostemma gracile Boiss.
3085366,native range,Eastern Europe,9ff7d317-609b-4c08-bd86-3bc404b77c42,141267206,Agrostemma gracile Boiss.
3085366,native range,Europe,9ff7d317-609b-4c08-bd86-3bc404b77c42,141267206,Agrostemma gracile Boiss.
3085381,native range,Africa,9ff7d317-609b-4c08-bd86-3bc404b77c42,141267177,Polycarpon tetraphyllum (L.) L.
3085381,native range,Eastern Asia,9ff7d317-609b-4c08-bd86-3bc404b77c42,141267177,Polycarpon tetraphyllum (L.) L.
3085381,native range,Eastern Europe,9ff7d317-609b-4c08-bd86-3bc404b77c42,141267177,Polycarpon tetraphyllum (L.) L.
3085381,native range,Europe,9ff7d317-609b-4c08-bd86-3bc404b77c42,141267177,Polycarpon tetraphyllum (L.) L.
3085389,native range,Eastern Asia,9ff7d317-609b-4c08-bd86-3bc404b77c42,148437473,Sagina japonica (Sw.) Ohwi
3085389,native range,Eastern Europe,9ff7d317-609b-4c08-bd86-3bc404b77c42,148437473,Sagina japonica (Sw.) Ohwi
3085412,native range,Europe,9ff7d317-609b-4c08-bd86-3bc404b77c42,141267201,Dianthus plumarius L.
3085420,native range,Africa,9ff7d317-609b-4c08-bd86-3bc404b77c42,141267203,Dianthus caryophyllus L.
3085420,native range,Eastern Asia,9ff7d317-609b-4c08-bd86-3bc404b77c42,141267203,Dianthus caryophyllus L.
3085420,native range,Eastern Europe,9ff7d317-609b-4c08-bd86-3bc404b77c42,141267203,Dianthus caryophyllus L.
3085420,native range,Europe,9ff7d317-609b-4c08-bd86-3bc404b77c42,141267203,Dianthus caryophyllus L.
3085421,native range,Europe,9ff7d317-609b-4c08-bd86-3bc404b77c42,141267200,Dianthus barbatus L.
3085435,native range,Africa,9ff7d317-609b-4c08-bd86-3bc404b77c42,141267202,Cerastium dichotomum L.
3085435,native range,Eastern Asia,9ff7d317-609b-4c08-bd86-3bc404b77c42,141267202,Cerastium dichotomum L.
3085435,native range,Eastern Europe,9ff7d317-609b-4c08-bd86-3bc404b77c42,141267202,Cerastium dichotomum L.
3085435,native range,Europe,9ff7d317-609b-4c08-bd86-3bc404b77c42,141267202,Cerastium dichotomum L.
3085438,native range,Europe,9ff7d317-609b-4c08-bd86-3bc404b77c42,141267214,Cerastium tomentosum L.
3085622,native range,Africa,9ff7d317-609b-4c08-bd86-3bc404b77c42,141267221,Petrorhagia nanteuilii (Burnat) P.W. Ball & Heywood
3085622,native range,Europe,9ff7d317-609b-4c08-bd86-3bc404b77c42,141267221,Petrorhagia nanteuilii (Burnat) P.W. Ball & Heywood
3085623,native range,Eastern Asia,9ff7d317-609b-4c08-bd86-3bc404b77c42,141267217,Petrorhagia saxifraga (L.) Link
3085623,native range,Eastern Europe,9ff7d317-609b-4c08-bd86-3bc404b77c42,141267217,Petrorhagia saxifraga (L.) Link
3085623,native range,Europe,9ff7d317-609b-4c08-bd86-3bc404b77c42,141267217,Petrorhagia saxifraga (L.) Link
3086240,native range,Americas,9ff7d317-609b-4c08-bd86-3bc404b77c42,141265031,Mirabilis jalapa L.
3086784,native range,South America,9ff7d317-609b-4c08-bd86-3bc404b77c42,141265236,Parthenium hysterophorus L.
3088282,native range,Africa,9ff7d317-609b-4c08-bd86-3bc404b77c42,141265204,Petasites pyrenaicus (L.) G. López
3088282,native range,Europe,9ff7d317-609b-4c08-bd86-3bc404b77c42,141265204,Petasites pyrenaicus (L.) G. López
3088310,native range,Eastern Asia,9ff7d317-609b-4c08-bd86-3bc404b77c42,141265163,Petasites japonicus (Siebold & Zucc.) Maxim.
3088310,native range,Eastern Europe,9ff7d317-609b-4c08-bd86-3bc404b77c42,141265163,Petasites japonicus (Siebold & Zucc.) Maxim.
3088405,native range,Europe,9ff7d317-609b-4c08-bd86-3bc404b77c42,141265096,Leucanthemella serotina (L.) Tzvelev
3088481,native range,South America,9ff7d317-609b-4c08-bd86-3bc404b77c42,141265349,Tagetes minuta L.
3088488,native range,Americas,9ff7d317-609b-4c08-bd86-3bc404b77c42,141265127,Tagetes patula L.
3088652,native range,Africa,9ff7d317-609b-4c08-bd86-3bc404b77c42,141265232,"Guizotia scabra (Vis,) Chiov. subsp. schimperi (Sch. Bip.) J. Baagøe"
3089140,native range,South America,9ff7d317-609b-4c08-bd86-3bc404b77c42,141265253,Xanthium ambrosioides Hook. & Arnott
3089146,native range,Americas,9ff7d317-609b-4c08-bd86-3bc404b77c42,141265106,Xanthium orientale L. s.l.
3089150,native range,South America,9ff7d317-609b-4c08-bd86-3bc404b77c42,141265242,Xanthium spinosum L.
3089154,native range,Americas,9ff7d317-609b-4c08-bd86-3bc404b77c42,141265062,Xanthium strumarium L.
3090783,native range,Eastern Asia,9ff7d317-609b-4c08-bd86-3bc404b77c42,141265197,Prenanthes purpurea L.
3090783,native range,Eastern Europe,9ff7d317-609b-4c08-bd86-3bc404b77c42,141265197,Prenanthes purpurea L.
3090783,native range,Europe,9ff7d317-609b-4c08-bd86-3bc404b77c42,141265197,Prenanthes purpurea L.
3092576,native range,Northern America,9ff7d317-609b-4c08-bd86-3bc404b77c42,141265065,Silphium perfoliatum L.
3092604,native range,Africa,9ff7d317-609b-4c08-bd86-3bc404b77c42,141265348,Leysera tenella DC.
3092691,native range,Americas,9ff7d317-609b-4c08-bd86-3bc404b77c42,141265297,Soliva pterosperma (Juss.) Less.
3092782,native range,Northern America,9ff7d317-609b-4c08-bd86-3bc404b77c42,141265279,Euthamia graminifolia (L.) Nutt.
3092946,native range,Eastern Asia,9ff7d317-609b-4c08-bd86-3bc404b77c42,141265159,Callistephus chinensis (L.) Nees
3092946,native range,Eastern Europe,9ff7d317-609b-4c08-bd86-3bc404b77c42,141265159,Callistephus chinensis (L.) Nees
3093891,native range,South America,9ff7d317-609b-4c08-bd86-3bc404b77c42,141265309,Hypochaeris microcephala (Schultz-Bip.) Cabrera
3094253,native range,Americas,9ff7d317-609b-4c08-bd86-3bc404b77c42,141265084,Symphyotrichum subulatum (Michaux) Nesom
3094899,native range,Africa,9ff7d317-609b-4c08-bd86-3bc404b77c42,141265264,Onopordum macracanthum Schousb.
3094899,native range,Europe,9ff7d317-609b-4c08-bd86-3bc404b77c42,141265264,Onopordum macracanthum Schousb.
3094939,native range,Eastern Asia,9ff7d317-609b-4c08-bd86-3bc404b77c42,141265260,Onopordum tauricum Willd.
3094939,native range,Eastern Europe,9ff7d317-609b-4c08-bd86-3bc404b77c42,141265260,Onopordum tauricum Willd.
3094939,native range,Europe,9ff7d317-609b-4c08-bd86-3bc404b77c42,141265260,Onopordum tauricum Willd.
3096529,native range,Africa,9ff7d317-609b-4c08-bd86-3bc404b77c42,141265189,Mauranthemum paludosum (Poir.) Vogt & Oberpr.
3096529,native range,Europe,9ff7d317-609b-4c08-bd86-3bc404b77c42,141265189,Mauranthemum paludosum (Poir.) Vogt & Oberpr.
3097496,native range,Australia and New Zealand,9ff7d317-609b-4c08-bd86-3bc404b77c42,308609297,Leptinella dispersa (D.G.Lloyd) D.G.Lloyd & C.J.Webb
3098176,native range,Australia and New Zealand,9ff7d317-609b-4c08-bd86-3bc404b77c42,141265109,Calotis hispidula F. Muell.
3098183,native range,Australia and New Zealand,9ff7d317-609b-4c08-bd86-3bc404b77c42,141265169,Calotis lappulacea Benth.
3098186,native range,Australia and New Zealand,9ff7d317-609b-4c08-bd86-3bc404b77c42,141265323,Calotis cuneifolia R.Brown
3098912,native range,Northern America,9ff7d317-609b-4c08-bd86-3bc404b77c42,141265308,Cosmos bipinnatus Cav.
3098951,native range,South America,9ff7d317-609b-4c08-bd86-3bc404b77c42,141265174,Cosmos sulphureus Cav.
3100375,native range,South America,9ff7d317-609b-4c08-bd86-3bc404b77c42,141265082,Acanthospermum hispidum DC.
3100968,native range,Africa,9ff7d317-609b-4c08-bd86-3bc404b77c42,141265304,Pseudognaphalium undulatum (L.) Hilliard & Burtt
3101184,native range,Africa,9ff7d317-609b-4c08-bd86-3bc404b77c42,141265311,Dittrichia viscosa (L.) Greuter
3101184,native range,Eastern Asia,9ff7d317-609b-4c08-bd86-3bc404b77c42,141265311,Dittrichia viscosa (L.) Greuter
3101184,native range,Eastern Europe,9ff7d317-609b-4c08-bd86-3bc404b77c42,141265311,Dittrichia viscosa (L.) Greuter
3101184,native range,Europe,9ff7d317-609b-4c08-bd86-3bc404b77c42,141265311,Dittrichia viscosa (L.) Greuter
3101193,native range,Africa,9ff7d317-609b-4c08-bd86-3bc404b77c42,141265156,Dittrichia graveolens (L.) Greuter
3101193,native range,Eastern Asia,9ff7d317-609b-4c08-bd86-3bc404b77c42,141265156,Dittrichia graveolens (L.) Greuter
3101193,native range,Eastern Europe,9ff7d317-609b-4c08-bd86-3bc404b77c42,141265156,Dittrichia graveolens (L.) Greuter
3101193,native range,Europe,9ff7d317-609b-4c08-bd86-3bc404b77c42,141265156,Dittrichia graveolens (L.) Greuter
3102823,native range,Eastern Asia,9ff7d317-609b-4c08-bd86-3bc404b77c42,141265289,Anthemis ruthenica Bieb.
3102823,native range,Eastern Europe,9ff7d317-609b-4c08-bd86-3bc404b77c42,141265289,Anthemis ruthenica Bieb.
3102823,native range,Europe,9ff7d317-609b-4c08-bd86-3bc404b77c42,141265289,Anthemis ruthenica Bieb.
3102871,native range,Australia and New Zealand,9ff7d317-609b-4c08-bd86-3bc404b77c42,141265191,Xerochrysum bracteatum (Vent.) Tzvelev
3103082,native range,Americas,9ff7d317-609b-4c08-bd86-3bc404b77c42,141265231,Gamochaeta pensylvanica (Willd.) Cabrera
3103180,native range,Americas,9ff7d317-609b-4c08-bd86-3bc404b77c42,141265165,Gamochaeta antillana (Urban) Anderberg
3103791,native range,Eastern Asia,9ff7d317-609b-4c08-bd86-3bc404b77c42,141265115,Matricaria discoidea DC.
3103791,native range,Eastern Europe,9ff7d317-609b-4c08-bd86-3bc404b77c42,141265115,Matricaria discoidea DC.
3103791,native range,Northern America,9ff7d317-609b-4c08-bd86-3bc404b77c42,141265115,Matricaria discoidea DC.
3104078,native range,Africa,9ff7d317-609b-4c08-bd86-3bc404b77c42,141265325,Heteranthemis viscidehirta Schott
3104078,native range,Eastern Asia,9ff7d317-609b-4c08-bd86-3bc404b77c42,141265325,Heteranthemis viscidehirta Schott
3104078,native range,Eastern Europe,9ff7d317-609b-4c08-bd86-3bc404b77c42,141265325,Heteranthemis viscidehirta Schott
3104078,native range,Europe,9ff7d317-609b-4c08-bd86-3bc404b77c42,141265325,Heteranthemis viscidehirta Schott
3104150,native range,Eastern Asia,9ff7d317-609b-4c08-bd86-3bc404b77c42,141265176,Tripleurospermum decipiens (Fisch. & C.A. Mey.) Bornmuel.
3104150,native range,Eastern Europe,9ff7d317-609b-4c08-bd86-3bc404b77c42,141265176,Tripleurospermum decipiens (Fisch. & C.A. Mey.) Bornmuel.
3104314,native range,Northern America,9ff7d317-609b-4c08-bd86-3bc404b77c42,141265146,Liatris spicata (L.) Willd.
3104491,native range,Africa,9ff7d317-609b-4c08-bd86-3bc404b77c42,141265119,Argyranthemum frutescens (L.) Sch. Bip.
3105508,native range,Africa,9ff7d317-609b-4c08-bd86-3bc404b77c42,168400492,Andryala integrifolia L.
3105508,native range,Eastern Asia,9ff7d317-609b-4c08-bd86-3bc404b77c42,168400492,Andryala integrifolia L.
3105508,native range,Eastern Europe,9ff7d317-609b-4c08-bd86-3bc404b77c42,168400492,Andryala integrifolia L.
3105508,native range,Europe,9ff7d317-609b-4c08-bd86-3bc404b77c42,168400492,Andryala integrifolia L.
3105768,native range,Africa,9ff7d317-609b-4c08-bd86-3bc404b77c42,141265088,Sonchus tenerrimus L.
3105768,native range,Eastern Asia,9ff7d317-609b-4c08-bd86-3bc404b77c42,141265088,Sonchus tenerrimus L.
3105768,native range,Eastern Europe,9ff7d317-609b-4c08-bd86-3bc404b77c42,141265088,Sonchus tenerrimus L.
3105768,native range,Europe,9ff7d317-609b-4c08-bd86-3bc404b77c42,141265088,Sonchus tenerrimus L.
3107177,native range,Africa,9ff7d317-609b-4c08-bd86-3bc404b77c42,141265068,Senecio pterophorus DC.
3107661,native range,Australia and New Zealand,9ff7d317-609b-4c08-bd86-3bc404b77c42,141265192,Senecio quadridentatus Labill.
3107896,native range,Africa,9ff7d317-609b-4c08-bd86-3bc404b77c42,141265250,Senecio gallicus Chaix
3107896,native range,Eastern Asia,9ff7d317-609b-4c08-bd86-3bc404b77c42,141265250,Senecio gallicus Chaix
3107896,native range,Eastern Europe,9ff7d317-609b-4c08-bd86-3bc404b77c42,141265250,Senecio gallicus Chaix
3107896,native range,Europe,9ff7d317-609b-4c08-bd86-3bc404b77c42,141265250,Senecio gallicus Chaix
3108121,native range,Australia and New Zealand,9ff7d317-609b-4c08-bd86-3bc404b77c42,141265217,Senecio glossanthus (Sonder) Belcher
3109086,native range,Africa,9ff7d317-609b-4c08-bd86-3bc404b77c42,141265122,Senecio inaequidens DC.
3109117,native range,Europe,9ff7d317-609b-4c08-bd86-3bc404b77c42,141265168,Senecio squalidus L.
3110041,native range,Northern America,9ff7d317-609b-4c08-bd86-3bc404b77c42,141265188,Amphiachyris dracunculoides (DC.) Nutt.
3110293,native range,South America,9ff7d317-609b-4c08-bd86-3bc404b77c42,141265141,Facelis retusa (Lam.) Schultz-Bip.
3110588,native range,Northern America,9ff7d317-609b-4c08-bd86-3bc404b77c42,141265177,Ambrosia trifida L.
3110686,native range,Northern America,9ff7d317-609b-4c08-bd86-3bc404b77c42,141265137,Ambrosia psilostachya DC.
3110767,native range,Africa,9ff7d317-609b-4c08-bd86-3bc404b77c42,141265094,Cladanthus mixtus (L.) Chevall.
3110767,native range,Eastern Asia,9ff7d317-609b-4c08-bd86-3bc404b77c42,141265094,Cladanthus mixtus (L.) Chevall.
3110767,native range,Eastern Europe,9ff7d317-609b-4c08-bd86-3bc404b77c42,141265094,Cladanthus mixtus (L.) Chevall.
3110767,native range,Europe,9ff7d317-609b-4c08-bd86-3bc404b77c42,141265094,Cladanthus mixtus (L.) Chevall.
3110905,native range,Eastern Asia,9ff7d317-609b-4c08-bd86-3bc404b77c42,141265153,Scorzonera hispanica L.
3110905,native range,Eastern Europe,9ff7d317-609b-4c08-bd86-3bc404b77c42,141265153,Scorzonera hispanica L.
3110905,native range,Europe,9ff7d317-609b-4c08-bd86-3bc404b77c42,141265153,Scorzonera hispanica L.
3111758,native range,Americas,9ff7d317-609b-4c08-bd86-3bc404b77c42,141265069,Zinnia violacea Cav.
3112098,native range,Africa,9ff7d317-609b-4c08-bd86-3bc404b77c42,141265298,Cotula turbinata L.
3112110,native range,Africa,9ff7d317-609b-4c08-bd86-3bc404b77c42,141265105,Cotula coronopifolia L.
3112110,native range,Australia and New Zealand,9ff7d317-609b-4c08-bd86-3bc404b77c42,141265105,Cotula coronopifolia L.
3112123,native range,Africa,9ff7d317-609b-4c08-bd86-3bc404b77c42,141265128,Cotula anthemoides L.
3112123,native range,Australia and New Zealand,9ff7d317-609b-4c08-bd86-3bc404b77c42,141265128,Cotula anthemoides L.
3112361,native range,Africa,9ff7d317-609b-4c08-bd86-3bc404b77c42,141265207,Cynara scolymus L.
3112361,native range,Europe,9ff7d317-609b-4c08-bd86-3bc404b77c42,141265207,Cynara scolymus L.
3112364,native range,Africa,9ff7d317-609b-4c08-bd86-3bc404b77c42,141265142,Cynara cardunculus L.
3112364,native range,Europe,9ff7d317-609b-4c08-bd86-3bc404b77c42,141265142,Cynara cardunculus L.
3113637,native range,Europe,9ff7d317-609b-4c08-bd86-3bc404b77c42,141265211,Cirsium rivulare (Jacq.) All.
3113745,native range,Eastern Asia,9ff7d317-609b-4c08-bd86-3bc404b77c42,141265234,Cirsium heterophyllum (L.) Hill
3113745,native range,Eastern Europe,9ff7d317-609b-4c08-bd86-3bc404b77c42,141265234,Cirsium heterophyllum (L.) Hill
3113745,native range,Europe,9ff7d317-609b-4c08-bd86-3bc404b77c42,141265234,Cirsium heterophyllum (L.) Hill
3113852,native range,Africa,9ff7d317-609b-4c08-bd86-3bc404b77c42,141265061,Gutenbergia rueppellii Schultz-Bip.
3114225,native range,Northern America,9ff7d317-609b-4c08-bd86-3bc404b77c42,141265121,Rudbeckia hirta L.
3114229,native range,Northern America,9ff7d317-609b-4c08-bd86-3bc404b77c42,141265318,Rudbeckia laciniata L.
3114343,native range,Africa,9ff7d317-609b-4c08-bd86-3bc404b77c42,141265102,Athanasia trifurcata L.
3114643,native range,Eastern Asia,9ff7d317-609b-4c08-bd86-3bc404b77c42,141265268,Carduus acanthoides L.
3114643,native range,Eastern Europe,9ff7d317-609b-4c08-bd86-3bc404b77c42,141265268,Carduus acanthoides L.
3114643,native range,Europe,9ff7d317-609b-4c08-bd86-3bc404b77c42,141265268,Carduus acanthoides L.
3114667,native range,Africa,9ff7d317-609b-4c08-bd86-3bc404b77c42,141265152,Carduus pycnocephalus L.
3114667,native range,Eastern Asia,9ff7d317-609b-4c08-bd86-3bc404b77c42,141265152,Carduus pycnocephalus L.
3114667,native range,Eastern Europe,9ff7d317-609b-4c08-bd86-3bc404b77c42,141265152,Carduus pycnocephalus L.
3114667,native range,Europe,9ff7d317-609b-4c08-bd86-3bc404b77c42,141265152,Carduus pycnocephalus L.
3114679,native range,Eastern Asia,9ff7d317-609b-4c08-bd86-3bc404b77c42,141265150,Carduus hamulosus Ehrh.
3114679,native range,Eastern Europe,9ff7d317-609b-4c08-bd86-3bc404b77c42,141265150,Carduus hamulosus Ehrh.
3114679,native range,Europe,9ff7d317-609b-4c08-bd86-3bc404b77c42,141265150,Carduus hamulosus Ehrh.
3114986,native range,Africa,9ff7d317-609b-4c08-bd86-3bc404b77c42,141265144,Arctotheca calendula (L.) Levyns
3115131,native range,Eastern Asia,9ff7d317-609b-4c08-bd86-3bc404b77c42,141265314,Sinacalia tangutica (Maxim.) R. Nordenstam
3115131,native range,Eastern Europe,9ff7d317-609b-4c08-bd86-3bc404b77c42,141265314,Sinacalia tangutica (Maxim.) R. Nordenstam
3115828,native range,Africa,9ff7d317-609b-4c08-bd86-3bc404b77c42,168400493,Filago congesta DC.
3115828,native range,Europe,9ff7d317-609b-4c08-bd86-3bc404b77c42,168400493,Filago congesta DC.
3117449,native range,Northern America,9ff7d317-609b-4c08-bd86-3bc404b77c42,141265116,Erigeron annuus (L.) Desf. s.l.
3118216,native range,Europe,9ff7d317-609b-4c08-bd86-3bc404b77c42,141265344,Tanacetum corymbosum (L.) Schultz-Bip.
3118254,native range,Eastern Asia,9ff7d317-609b-4c08-bd86-3bc404b77c42,141265305,Tanacetum balsamita L.
3118254,native range,Eastern Europe,9ff7d317-609b-4c08-bd86-3bc404b77c42,141265305,Tanacetum balsamita L.
3118430,native range,Eastern Asia,9ff7d317-609b-4c08-bd86-3bc404b77c42,141265280,Tanacetum parthenium (L.) Schultz-Bip.
3118430,native range,Eastern Europe,9ff7d317-609b-4c08-bd86-3bc404b77c42,141265280,Tanacetum parthenium (L.) Schultz-Bip.
3118430,native range,Europe,9ff7d317-609b-4c08-bd86-3bc404b77c42,141265280,Tanacetum parthenium (L.) Schultz-Bip.
3118526,native range,Eastern Asia,9ff7d317-609b-4c08-bd86-3bc404b77c42,141265331,Tanacetum macrophyllum (Waldst. & Kit.) Schultz-Bip.
3118526,native range,Eastern Europe,9ff7d317-609b-4c08-bd86-3bc404b77c42,141265331,Tanacetum macrophyllum (Waldst. & Kit.) Schultz-Bip.
3118526,native range,Europe,9ff7d317-609b-4c08-bd86-3bc404b77c42,141265331,Tanacetum macrophyllum (Waldst. & Kit.) Schultz-Bip.
3119175,native range,Northern America,9ff7d317-609b-4c08-bd86-3bc404b77c42,141265287,Helianthus tuberosus L.
3119181,native range,Northern America,9ff7d317-609b-4c08-bd86-3bc404b77c42,141265213,Helianthus laetiflorus Pers.
3119185,native range,Northern America,9ff7d317-609b-4c08-bd86-3bc404b77c42,141265302,Helianthus decapetalus L.
3119191,native range,Northern America,9ff7d317-609b-4c08-bd86-3bc404b77c42,141265291,Helianthus debilis Nutt.
3119206,native range,Northern America,9ff7d317-609b-4c08-bd86-3bc404b77c42,168400494,Helianthus maximilianii Schrad.
3119219,native range,Northern America,9ff7d317-609b-4c08-bd86-3bc404b77c42,141265073,Helianthus salicifolius A. Dietrich
3119225,native range,Northern America,9ff7d317-609b-4c08-bd86-3bc404b77c42,141265126,Helianthus petiolaris Nutt.
3119285,native range,Northern America,9ff7d317-609b-4c08-bd86-3bc404b77c42,141265111,Erigeron philadelphicus L.
3120024,native range,Eastern Asia,9ff7d317-609b-4c08-bd86-3bc404b77c42,141265288,Achillea nobilis L.
3120024,native range,Eastern Europe,9ff7d317-609b-4c08-bd86-3bc404b77c42,141265288,Achillea nobilis L.
3120024,native range,Europe,9ff7d317-609b-4c08-bd86-3bc404b77c42,141265288,Achillea nobilis L.
3120066,native range,Eastern Asia,9ff7d317-609b-4c08-bd86-3bc404b77c42,141265343,Achillea setacea Waldst. & Kit.
3120066,native range,Eastern Europe,9ff7d317-609b-4c08-bd86-3bc404b77c42,141265343,Achillea setacea Waldst. & Kit.
3120066,native range,Europe,9ff7d317-609b-4c08-bd86-3bc404b77c42,141265343,Achillea setacea Waldst. & Kit.
3120284,native range,Eastern Asia,9ff7d317-609b-4c08-bd86-3bc404b77c42,141265313,Achillea filipendulina Lam.
3120284,native range,Eastern Europe,9ff7d317-609b-4c08-bd86-3bc404b77c42,141265313,Achillea filipendulina Lam.
3120391,native range,Africa,9ff7d317-609b-4c08-bd86-3bc404b77c42,141265123,Achillea ageratum L.
3120391,native range,Europe,9ff7d317-609b-4c08-bd86-3bc404b77c42,141265123,Achillea ageratum L.
3120692,native range,Europe,9ff7d317-609b-4c08-bd86-3bc404b77c42,141265090,Artemisia campestris L. subsp. maritima Arcang.
3120713,native range,Eastern Asia,9ff7d317-609b-4c08-bd86-3bc404b77c42,141265239,Artemisia scoparia Waldst. & Kit.
3120713,native range,Eastern Europe,9ff7d317-609b-4c08-bd86-3bc404b77c42,141265239,Artemisia scoparia Waldst. & Kit.
3120713,native range,Europe,9ff7d317-609b-4c08-bd86-3bc404b77c42,141265239,Artemisia scoparia Waldst. & Kit.
3120950,native range,Northern America,9ff7d317-609b-4c08-bd86-3bc404b77c42,141265200,Artemisia ludoviciana Nutt.
3121226,native range,Eastern Asia,9ff7d317-609b-4c08-bd86-3bc404b77c42,141265215,Artemisia biennis Willd.
3121226,native range,Eastern Europe,9ff7d317-609b-4c08-bd86-3bc404b77c42,141265215,Artemisia biennis Willd.
3121226,native range,Northern America,9ff7d317-609b-4c08-bd86-3bc404b77c42,141265215,Artemisia biennis Willd.
3121258,native range,Eastern Asia,9ff7d317-609b-4c08-bd86-3bc404b77c42,141265282,Artemisia princeps Pamp.
3121258,native range,Eastern Europe,9ff7d317-609b-4c08-bd86-3bc404b77c42,141265282,Artemisia princeps Pamp.
3121562,native range,Eastern Asia,9ff7d317-609b-4c08-bd86-3bc404b77c42,168400495,Artemisia sieversiana Ehrh. ex Willd.
3121562,native range,Eastern Europe,9ff7d317-609b-4c08-bd86-3bc404b77c42,168400495,Artemisia sieversiana Ehrh. ex Willd.
3121562,native range,Europe,9ff7d317-609b-4c08-bd86-3bc404b77c42,168400495,Artemisia sieversiana Ehrh. ex Willd.
3121581,native range,Eastern Asia,9ff7d317-609b-4c08-bd86-3bc404b77c42,141265324,Artemisia dracunculus L.
3121581,native range,Eastern Europe,9ff7d317-609b-4c08-bd86-3bc404b77c42,141265324,Artemisia dracunculus L.
3121581,native range,Europe,9ff7d317-609b-4c08-bd86-3bc404b77c42,141265324,Artemisia dracunculus L.
3121581,native range,Northern America,9ff7d317-609b-4c08-bd86-3bc404b77c42,141265324,Artemisia dracunculus L.
3121668,native range,Europe,9ff7d317-609b-4c08-bd86-3bc404b77c42,141265190,Artemisia austriaca Jacq.
3122190,native range,Asia,9ff7d317-609b-4c08-bd86-3bc404b77c42,141265330,Amberboa moschata (L.) DC.
3122190,native range,Europe,9ff7d317-609b-4c08-bd86-3bc404b77c42,141265330,Amberboa moschata (L.) DC.
3122323,native range,Africa,9ff7d317-609b-4c08-bd86-3bc404b77c42,141265143,Notobasis syriaca (L.) Cass.
3122323,native range,Eastern Asia,9ff7d317-609b-4c08-bd86-3bc404b77c42,141265143,Notobasis syriaca (L.) Cass.
3122323,native range,Eastern Europe,9ff7d317-609b-4c08-bd86-3bc404b77c42,141265143,Notobasis syriaca (L.) Cass.
3122323,native range,Europe,9ff7d317-609b-4c08-bd86-3bc404b77c42,141265143,Notobasis syriaca (L.) Cass.
3122924,native range,Europe,9ff7d317-609b-4c08-bd86-3bc404b77c42,141265173,Pilosella aurantiaca (L.) F.W. Schultz & Schultz-Bip.
3123262,native range,Europe,9ff7d317-609b-4c08-bd86-3bc404b77c42,141265259,Pilosella flagellaris (Willd. ex Schlecht.) P.D. Sell & C. West
3123663,native range,Eastern Asia,9ff7d317-609b-4c08-bd86-3bc404b77c42,141265091,Pilosella caespitosa (Dum.) P.D. Sell & C. West
3123663,native range,Eastern Europe,9ff7d317-609b-4c08-bd86-3bc404b77c42,141265091,Pilosella caespitosa (Dum.) P.D. Sell & C. West
3123663,native range,Europe,9ff7d317-609b-4c08-bd86-3bc404b77c42,141265091,Pilosella caespitosa (Dum.) P.D. Sell & C. West
3125765,native range,Australia and New Zealand,9ff7d317-609b-4c08-bd86-3bc404b77c42,141265208,Stuartina muelleri Sond.
3125901,native range,Africa,9ff7d317-609b-4c08-bd86-3bc404b77c42,141265195,Sigesbeckia orientalis L.
3125901,native range,Asia,9ff7d317-609b-4c08-bd86-3bc404b77c42,141265195,Sigesbeckia orientalis L.
3125933,native range,Africa,9ff7d317-609b-4c08-bd86-3bc404b77c42,141265170,Santolina chamaecyparissus L.
3125933,native range,Eastern Asia,9ff7d317-609b-4c08-bd86-3bc404b77c42,141265170,Santolina chamaecyparissus L.
3125933,native range,Eastern Europe,9ff7d317-609b-4c08-bd86-3bc404b77c42,141265170,Santolina chamaecyparissus L.
3125933,native range,Europe,9ff7d317-609b-4c08-bd86-3bc404b77c42,141265170,Santolina chamaecyparissus L.
3125944,native range,Europe,9ff7d317-609b-4c08-bd86-3bc404b77c42,141265275,Santolina rosmarinifolia L.
3126046,native range,South America,9ff7d317-609b-4c08-bd86-3bc404b77c42,141265067,Erigeron pampeanus Parodi
3127613,native range,Europe,9ff7d317-609b-4c08-bd86-3bc404b77c42,141265356,Centaurea paniculata L.
3127691,native range,Africa,9ff7d317-609b-4c08-bd86-3bc404b77c42,141265201,Centaurea benedicta (L.) L.
3127691,native range,Eastern Asia,9ff7d317-609b-4c08-bd86-3bc404b77c42,141265201,Centaurea benedicta (L.) L.
3127691,native range,Eastern Europe,9ff7d317-609b-4c08-bd86-3bc404b77c42,141265201,Centaurea benedicta (L.) L.
3127691,native range,Europe,9ff7d317-609b-4c08-bd86-3bc404b77c42,141265201,Centaurea benedicta (L.) L.
3127727,native range,Europe,9ff7d317-609b-4c08-bd86-3bc404b77c42,141265179,Centaurea stoebe L.
3127837,native range,Eastern Asia,9ff7d317-609b-4c08-bd86-3bc404b77c42,141265320,Centaurea hyalolepis Boiss.
3127837,native range,Eastern Europe,9ff7d317-609b-4c08-bd86-3bc404b77c42,141265320,Centaurea hyalolepis Boiss.
3127837,native range,Europe,9ff7d317-609b-4c08-bd86-3bc404b77c42,141265320,Centaurea hyalolepis Boiss.
3128007,native range,Eastern Asia,9ff7d317-609b-4c08-bd86-3bc404b77c42,141265120,Centaurea orientalis L.
3128007,native range,Eastern Europe,9ff7d317-609b-4c08-bd86-3bc404b77c42,141265120,Centaurea orientalis L.
3128007,native range,Europe,9ff7d317-609b-4c08-bd86-3bc404b77c42,141265120,Centaurea orientalis L.
3128091,native range,Africa,9ff7d317-609b-4c08-bd86-3bc404b77c42,141265093,Centaurea melitensis L.
3128091,native range,Eastern Asia,9ff7d317-609b-4c08-bd86-3bc404b77c42,141265093,Centaurea melitensis L.
3128091,native range,Eastern Europe,9ff7d317-609b-4c08-bd86-3bc404b77c42,141265093,Centaurea melitensis L.
3128091,native range,Europe,9ff7d317-609b-4c08-bd86-3bc404b77c42,141265093,Centaurea melitensis L.
3128166,native range,Europe,9ff7d317-609b-4c08-bd86-3bc404b77c42,141265328,Centaurea aspera L.
3128228,native range,Europe,9ff7d317-609b-4c08-bd86-3bc404b77c42,141265336,Centaurea nigrescens Willd.
3128279,native range,Europe,9ff7d317-609b-4c08-bd86-3bc404b77c42,141265224,Centaurea calocephala Willd.
3128437,native range,Europe,9ff7d317-609b-4c08-bd86-3bc404b77c42,141265283,Centaurea glaberrima Tausch
3128601,native range,Africa,9ff7d317-609b-4c08-bd86-3bc404b77c42,308609299,Centaurea napifolia L.
3128601,native range,Europe,9ff7d317-609b-4c08-bd86-3bc404b77c42,308609299,Centaurea napifolia L.
3128725,native range,Eastern Asia,9ff7d317-609b-4c08-bd86-3bc404b77c42,308609300,Centaurea x varnensis Velen.
3128725,native range,Eastern Europe,9ff7d317-609b-4c08-bd86-3bc404b77c42,308609300,Centaurea x varnensis Velen.
3128725,native range,Europe,9ff7d317-609b-4c08-bd86-3bc404b77c42,308609300,Centaurea x varnensis Velen.
3128962,native range,Eastern Asia,9ff7d317-609b-4c08-bd86-3bc404b77c42,141265205,Centaurea diffusa Lam.
3128962,native range,Eastern Europe,9ff7d317-609b-4c08-bd86-3bc404b77c42,141265205,Centaurea diffusa Lam.
3128962,native range,Europe,9ff7d317-609b-4c08-bd86-3bc404b77c42,141265205,Centaurea diffusa Lam.
3129010,native range,Africa,9ff7d317-609b-4c08-bd86-3bc404b77c42,141265131,Centaurea diluta Ait.
3129010,native range,Europe,9ff7d317-609b-4c08-bd86-3bc404b77c42,141265131,Centaurea diluta Ait.
3129064,native range,Eastern Asia,9ff7d317-609b-4c08-bd86-3bc404b77c42,141265078,Centaurea macrocephala Willd.
3129064,native range,Eastern Europe,9ff7d317-609b-4c08-bd86-3bc404b77c42,141265078,Centaurea macrocephala Willd.
3129663,native range,Northern America,9ff7d317-609b-4c08-bd86-3bc404b77c42,141265164,Baccharis halimifolia L.
3131367,native range,Africa,9ff7d317-609b-4c08-bd86-3bc404b77c42,141265310,Helichrysum petiolare Hilliard & B.L. Burtt
3131614,native range,Europe,9ff7d317-609b-4c08-bd86-3bc404b77c42,141265140,Helichrysum italicum (Roth) G. Don
3132570,native range,South America,9ff7d317-609b-4c08-bd86-3bc404b77c42,141265103,Galinsoga parviflora Cav.
3133702,native range,Europe,9ff7d317-609b-4c08-bd86-3bc404b77c42,141265294,Adenostyles alliariae (Gouan) A. Kerner
3133887,native range,Northern America,9ff7d317-609b-4c08-bd86-3bc404b77c42,141265162,Coreopsis verticillata L.
3133938,native range,Northern America,9ff7d317-609b-4c08-bd86-3bc404b77c42,141265214,Coreopsis lanceolata L.
3133950,native range,Northern America,9ff7d317-609b-4c08-bd86-3bc404b77c42,141265210,Coreopsis tinctoria Nutt.
3134867,native range,Africa,9ff7d317-609b-4c08-bd86-3bc404b77c42,141265252,Catananche caerulea L.
3134867,native range,Europe,9ff7d317-609b-4c08-bd86-3bc404b77c42,141265252,Catananche caerulea L.
3136929,native range,Eastern Asia,9ff7d317-609b-4c08-bd86-3bc404b77c42,141265223,Anaphalis triplinervis (Sims.) C.B. Clarke
3136929,native range,Eastern Europe,9ff7d317-609b-4c08-bd86-3bc404b77c42,141265223,Anaphalis triplinervis (Sims.) C.B. Clarke
3137579,native range,Africa,9ff7d317-609b-4c08-bd86-3bc404b77c42,141265306,Galactites elegans (All.) Nyman ex Soldano
3137579,native range,Eastern Asia,9ff7d317-609b-4c08-bd86-3bc404b77c42,141265306,Galactites elegans (All.) Nyman ex Soldano
3137579,native range,Eastern Europe,9ff7d317-609b-4c08-bd86-3bc404b77c42,141265306,Galactites elegans (All.) Nyman ex Soldano
3137579,native range,Europe,9ff7d317-609b-4c08-bd86-3bc404b77c42,141265306,Galactites elegans (All.) Nyman ex Soldano
3137629,native range,Australia and New Zealand,9ff7d317-609b-4c08-bd86-3bc404b77c42,141265198,Helipterum floribundum DC.
3137686,native range,Australia and New Zealand,9ff7d317-609b-4c08-bd86-3bc404b77c42,141265338,Helipterum strictum (Lindl.) Benth.
3137829,native range,Eastern Asia,9ff7d317-609b-4c08-bd86-3bc404b77c42,141265064,Psephellus dealbatus (Willd.) K. Koch
3137829,native range,Eastern Europe,9ff7d317-609b-4c08-bd86-3bc404b77c42,141265064,Psephellus dealbatus (Willd.) K. Koch
3138192,native range,Northern America,9ff7d317-609b-4c08-bd86-3bc404b77c42,141265316,Eutrochium purpureum (L.) E.E. Lamont
3138195,native range,Northern America,9ff7d317-609b-4c08-bd86-3bc404b77c42,141265171,Eutrochium maculatum (L.) E.E. Lamont
3138230,native range,Africa,9ff7d317-609b-4c08-bd86-3bc404b77c42,141265357,Carthamus lanatus L.
3138230,native range,Eastern Asia,9ff7d317-609b-4c08-bd86-3bc404b77c42,141265357,Carthamus lanatus L.
3138230,native range,Eastern Europe,9ff7d317-609b-4c08-bd86-3bc404b77c42,141265357,Carthamus lanatus L.
3138230,native range,Europe,9ff7d317-609b-4c08-bd86-3bc404b77c42,141265357,Carthamus lanatus L.
3138953,native range,Americas,9ff7d317-609b-4c08-bd86-3bc404b77c42,141265183,"Melampodium perfoliatum (Cav.) Humb., Bonpl. & Kunth"
3139003,native range,Americas,9ff7d317-609b-4c08-bd86-3bc404b77c42,141265175,Melampodium montanum Benth.
3140436,native range,Eastern Asia,9ff7d317-609b-4c08-bd86-3bc404b77c42,141265238,Cicerbita macrophylla (Willd.) Wallr. subsp. macrophylla
3140436,native range,Eastern Europe,9ff7d317-609b-4c08-bd86-3bc404b77c42,141265238,Cicerbita macrophylla (Willd.) Wallr. subsp. macrophylla
3140436,native range,Europe,9ff7d317-609b-4c08-bd86-3bc404b77c42,141265238,Cicerbita macrophylla (Willd.) Wallr. subsp. macrophylla
3140910,native range,Americas,9ff7d317-609b-4c08-bd86-3bc404b77c42,141265261,Madia sativa Molina
3141046,native range,Northern America,9ff7d317-609b-4c08-bd86-3bc404b77c42,141265075,Hemizonia pungens (Hook. & Arnott) Torr. & A. Gray
3141571,native range,Africa,9ff7d317-609b-4c08-bd86-3bc404b77c42,141265361,Mantisalca salmantica (L.) Briq. & Cavill.
3141571,native range,Europe,9ff7d317-609b-4c08-bd86-3bc404b77c42,141265361,Mantisalca salmantica (L.) Briq. & Cavill.
3141890,native range,Northern America,9ff7d317-609b-4c08-bd86-3bc404b77c42,141265086,Cyclachaena xanthiifolia (Nutt.) Fresen.
3143034,native range,Europe,9ff7d317-609b-4c08-bd86-3bc404b77c42,141265334,Doronicum columnae Ten.
3145214,native range,Africa,9ff7d317-609b-4c08-bd86-3bc404b77c42,141265202,Silybum marianum (L.) Gaertn.
3145214,native range,Eastern Asia,9ff7d317-609b-4c08-bd86-3bc404b77c42,141265202,Silybum marianum (L.) Gaertn.
3145214,native range,Eastern Europe,9ff7d317-609b-4c08-bd86-3bc404b77c42,141265202,Silybum marianum (L.) Gaertn.
3145214,native range,Europe,9ff7d317-609b-4c08-bd86-3bc404b77c42,141265202,Silybum marianum (L.) Gaertn.
3145375,native range,Northern America,9ff7d317-609b-4c08-bd86-3bc404b77c42,141265071,Hemizonia fasciculata Torr. & A. Gray
3146219,native range,Northern America,9ff7d317-609b-4c08-bd86-3bc404b77c42,141265346,Grindelia squarrosa (Pursh) Dun.
3146683,native range,South America,9ff7d317-609b-4c08-bd86-3bc404b77c42,141265271,Erigeron sumatrensis Retz.
3146717,native range,South America,9ff7d317-609b-4c08-bd86-3bc404b77c42,141265130,Erigeron bonariensis L.
3146791,native range,Northern America,9ff7d317-609b-4c08-bd86-3bc404b77c42,141265233,Erigeron canadensis L.
3147018,native range,South America,9ff7d317-609b-4c08-bd86-3bc404b77c42,141265285,Erigeron floribundus (Kunth) Schultz-Bip.
3147146,native range,Northern America,9ff7d317-609b-4c08-bd86-3bc404b77c42,141265149,Erigeron speciosus (Lindl.) DC.
3147168,native range,Northern America,9ff7d317-609b-4c08-bd86-3bc404b77c42,141265277,Erigeron karvinskianus DC.
3147815,native range,Northern America,9ff7d317-609b-4c08-bd86-3bc404b77c42,141265295,Verbesina alternifolia (L.) Britton
3147913,native range,Northern America,9ff7d317-609b-4c08-bd86-3bc404b77c42,141265101,Verbesina encelioides (Cav.) Benth. & Hook. f. ex A. Gray
3148340,native range,Eastern Asia,9ff7d317-609b-4c08-bd86-3bc404b77c42,141265340,Inula helenium L.
3148340,native range,Eastern Europe,9ff7d317-609b-4c08-bd86-3bc404b77c42,141265340,Inula helenium L.
3148340,native range,Europe,9ff7d317-609b-4c08-bd86-3bc404b77c42,141265340,Inula helenium L.
3148548,native range,Africa,9ff7d317-609b-4c08-bd86-3bc404b77c42,141265178,Anacyclus valentinus L.
3148548,native range,Europe,9ff7d317-609b-4c08-bd86-3bc404b77c42,141265178,Anacyclus valentinus L.
3148560,native range,Africa,9ff7d317-609b-4c08-bd86-3bc404b77c42,141265229,Anacyclus radiatus Loisel.
3148560,native range,Eastern Asia,9ff7d317-609b-4c08-bd86-3bc404b77c42,141265229,Anacyclus radiatus Loisel.
3148560,native range,Eastern Europe,9ff7d317-609b-4c08-bd86-3bc404b77c42,141265229,Anacyclus radiatus Loisel.
3148560,native range,Europe,9ff7d317-609b-4c08-bd86-3bc404b77c42,141265229,Anacyclus radiatus Loisel.
3148589,native range,Africa,9ff7d317-609b-4c08-bd86-3bc404b77c42,141265273,Anacyclus clavatus (Desf.) Pers.
3148589,native range,Eastern Asia,9ff7d317-609b-4c08-bd86-3bc404b77c42,141265273,Anacyclus clavatus (Desf.) Pers.
3148589,native range,Eastern Europe,9ff7d317-609b-4c08-bd86-3bc404b77c42,141265273,Anacyclus clavatus (Desf.) Pers.
3148589,native range,Europe,9ff7d317-609b-4c08-bd86-3bc404b77c42,141265273,Anacyclus clavatus (Desf.) Pers.
3151558,native range,Northern America,9ff7d317-609b-4c08-bd86-3bc404b77c42,141265221,Symphyotrichum novi-belgii (L.) Nesom
3151618,native range,Northern America,9ff7d317-609b-4c08-bd86-3bc404b77c42,141265354,Symphyotrichum novae-angliae (L.) Nesom
3151666,native range,Northern America,9ff7d317-609b-4c08-bd86-3bc404b77c42,141265066,Symphyotrichum racemosum (S. Elliott) Nesom
3151692,native range,Northern America,9ff7d317-609b-4c08-bd86-3bc404b77c42,141265166,Symphyotrichum ciliatum (Ledeb.) Nesom
3151755,native range,Northern America,9ff7d317-609b-4c08-bd86-3bc404b77c42,141265303,Symphyotrichum pilosum (Willd.) Nesom
3152264,native range,South America,9ff7d317-609b-4c08-bd86-3bc404b77c42,141266473,Malvastrum americanum (L.) Torr.
3152268,native range,South America,9ff7d317-609b-4c08-bd86-3bc404b77c42,141266484,Malvastrum coromandelianum (L.) Garcke
3152367,native range,Africa,9ff7d317-609b-4c08-bd86-3bc404b77c42,141266483,Malva nicaeensis All.
3152367,native range,Eastern Asia,9ff7d317-609b-4c08-bd86-3bc404b77c42,141266483,Malva nicaeensis All.
3152367,native range,Eastern Europe,9ff7d317-609b-4c08-bd86-3bc404b77c42,141266483,Malva nicaeensis All.
3152367,native range,Europe,9ff7d317-609b-4c08-bd86-3bc404b77c42,141266483,Malva nicaeensis All.
3152372,native range,Africa,9ff7d317-609b-4c08-bd86-3bc404b77c42,141266499,Malva pusilla Smith
3152372,native range,Eastern Asia,9ff7d317-609b-4c08-bd86-3bc404b77c42,141266499,Malva pusilla Smith
3152372,native range,Eastern Europe,9ff7d317-609b-4c08-bd86-3bc404b77c42,141266499,Malva pusilla Smith
3152372,native range,Europe,9ff7d317-609b-4c08-bd86-3bc404b77c42,141266499,Malva pusilla Smith
3152377,native range,Eastern Asia,9ff7d317-609b-4c08-bd86-3bc404b77c42,141266479,Malva verticillata L.
3152377,native range,Eastern Europe,9ff7d317-609b-4c08-bd86-3bc404b77c42,141266479,Malva verticillata L.
3152378,native range,Africa,9ff7d317-609b-4c08-bd86-3bc404b77c42,141266485,Malva parviflora L.
3152378,native range,Eastern Asia,9ff7d317-609b-4c08-bd86-3bc404b77c42,141266485,Malva parviflora L.
3152378,native range,Eastern Europe,9ff7d317-609b-4c08-bd86-3bc404b77c42,141266485,Malva parviflora L.
3152378,native range,Europe,9ff7d317-609b-4c08-bd86-3bc404b77c42,141266485,Malva parviflora L.
3152493,native range,Americas,9ff7d317-609b-4c08-bd86-3bc404b77c42,141266491,Anoda cristata (L.) Schlecht.
3152521,native range,Eastern Asia,9ff7d317-609b-4c08-bd86-3bc404b77c42,141266476,Malva setigera F.K. Schimp. & Spenn.
3152521,native range,Eastern Europe,9ff7d317-609b-4c08-bd86-3bc404b77c42,141266476,Malva setigera F.K. Schimp. & Spenn.
3152521,native range,Europe,9ff7d317-609b-4c08-bd86-3bc404b77c42,141266476,Malva setigera F.K. Schimp. & Spenn.
3152560,native range,Africa,9ff7d317-609b-4c08-bd86-3bc404b77c42,141266481,Hibiscus trionum L.
3152560,native range,Eastern Asia,9ff7d317-609b-4c08-bd86-3bc404b77c42,141266481,Hibiscus trionum L.
3152560,native range,Eastern Europe,9ff7d317-609b-4c08-bd86-3bc404b77c42,141266481,Hibiscus trionum L.
3152560,native range,Europe,9ff7d317-609b-4c08-bd86-3bc404b77c42,141266481,Hibiscus trionum L.
3152583,native range,Asia,9ff7d317-609b-4c08-bd86-3bc404b77c42,141266486,Hibiscus syriacus L.
3152614,native range,Eastern Asia,9ff7d317-609b-4c08-bd86-3bc404b77c42,141266482,Abutilon theophrasti Med.
3152614,native range,Eastern Europe,9ff7d317-609b-4c08-bd86-3bc404b77c42,141266482,Abutilon theophrasti Med.
3152614,native range,Europe,9ff7d317-609b-4c08-bd86-3bc404b77c42,141266482,Abutilon theophrasti Med.
3152723,native range,Northern America,9ff7d317-609b-4c08-bd86-3bc404b77c42,141266472,Sidalcea candida A. Gray
3152816,native range,Eastern Asia,9ff7d317-609b-4c08-bd86-3bc404b77c42,141264841,Platanus orientalis L.
3152816,native range,Eastern Europe,9ff7d317-609b-4c08-bd86-3bc404b77c42,141264841,Platanus orientalis L.
3152816,native range,Europe,9ff7d317-609b-4c08-bd86-3bc404b77c42,141264841,Platanus orientalis L.
3152824,native range,Northern America,9ff7d317-609b-4c08-bd86-3bc404b77c42,141264627,Liquidambar styraciflua L.
3152861,native range,Northern America,9ff7d317-609b-4c08-bd86-3bc404b77c42,141264942,Liriodendron tulipifera L.
3164340,native range,Eastern Asia,9ff7d317-609b-4c08-bd86-3bc404b77c42,141265540,Platycodon grandiflorus (Jacq.) DC.
3164340,native range,Eastern Europe,9ff7d317-609b-4c08-bd86-3bc404b77c42,141265540,Platycodon grandiflorus (Jacq.) DC.
3167003,native range,Northern America,9ff7d317-609b-4c08-bd86-3bc404b77c42,148437426,Triodanis perfoliata (L.) Nieuwl.
3169120,native range,Eastern Asia,9ff7d317-609b-4c08-bd86-3bc404b77c42,141264861,Euonymus alatus (Thunb.) Siebold
3169120,native range,Eastern Europe,9ff7d317-609b-4c08-bd86-3bc404b77c42,141264861,Euonymus alatus (Thunb.) Siebold
3169137,native range,Eastern Asia,9ff7d317-609b-4c08-bd86-3bc404b77c42,141264862,Euonymus hederaceus Champ. ex Benth.
3169137,native range,Eastern Europe,9ff7d317-609b-4c08-bd86-3bc404b77c42,141264862,Euonymus hederaceus Champ. ex Benth.
3169169,native range,Eastern Asia,9ff7d317-609b-4c08-bd86-3bc404b77c42,141264863,Celastrus orbiculatus Thunb.
3169169,native range,Eastern Europe,9ff7d317-609b-4c08-bd86-3bc404b77c42,141264863,Celastrus orbiculatus Thunb.
3169329,native range,Africa,9ff7d317-609b-4c08-bd86-3bc404b77c42,141264904,Androsace maxima L.
3169329,native range,Eastern Asia,9ff7d317-609b-4c08-bd86-3bc404b77c42,141264904,Androsace maxima L.
3169329,native range,Eastern Europe,9ff7d317-609b-4c08-bd86-3bc404b77c42,141264904,Androsace maxima L.
3169329,native range,Europe,9ff7d317-609b-4c08-bd86-3bc404b77c42,141264904,Androsace maxima L.
3169340,native range,Eastern Asia,9ff7d317-609b-4c08-bd86-3bc404b77c42,141264899,Lysimachia punctata L.
3169340,native range,Eastern Europe,9ff7d317-609b-4c08-bd86-3bc404b77c42,141264899,Lysimachia punctata L.
3169340,native range,Europe,9ff7d317-609b-4c08-bd86-3bc404b77c42,141264899,Lysimachia punctata L.
3169391,native range,Northern America,9ff7d317-609b-4c08-bd86-3bc404b77c42,141264905,Lysimachia ciliata L.
3169708,native range,Africa,9ff7d317-609b-4c08-bd86-3bc404b77c42,141264649,Vinca major L.
3169708,native range,Eastern Asia,9ff7d317-609b-4c08-bd86-3bc404b77c42,141264649,Vinca major L.
3169708,native range,Eastern Europe,9ff7d317-609b-4c08-bd86-3bc404b77c42,141264649,Vinca major L.
3169708,native range,Europe,9ff7d317-609b-4c08-bd86-3bc404b77c42,141264649,Vinca major L.
3170040,native range,Europe,9ff7d317-609b-4c08-bd86-3bc404b77c42,141264741,Gentiana lutea L.
3170247,native range,Northern America,9ff7d317-609b-4c08-bd86-3bc404b77c42,141264646,Asclepias syriaca L.
3170266,native range,Northern America,9ff7d317-609b-4c08-bd86-3bc404b77c42,141264648,Asclepias incarnata L.
3170823,native range,Eastern Asia,9ff7d317-609b-4c08-bd86-3bc404b77c42,141264829,Paulownia tomentosa (Thunb.) Steud.
3170823,native range,Eastern Europe,9ff7d317-609b-4c08-bd86-3bc404b77c42,141264829,Paulownia tomentosa (Thunb.) Steud.
3170862,native range,Africa,9ff7d317-609b-4c08-bd86-3bc404b77c42,168400543,Scrophularia peregrina L.
3170862,native range,Eastern Asia,9ff7d317-609b-4c08-bd86-3bc404b77c42,168400543,Scrophularia peregrina L.
3170862,native range,Eastern Europe,9ff7d317-609b-4c08-bd86-3bc404b77c42,168400543,Scrophularia peregrina L.
3170862,native range,Europe,9ff7d317-609b-4c08-bd86-3bc404b77c42,168400543,Scrophularia peregrina L.
3170873,native range,Africa,9ff7d317-609b-4c08-bd86-3bc404b77c42,168400542,Scrophularia canina L.
3170873,native range,Eastern Asia,9ff7d317-609b-4c08-bd86-3bc404b77c42,168400542,Scrophularia canina L.
3170873,native range,Eastern Europe,9ff7d317-609b-4c08-bd86-3bc404b77c42,168400542,Scrophularia canina L.
3170873,native range,Europe,9ff7d317-609b-4c08-bd86-3bc404b77c42,168400542,Scrophularia canina L.
3170878,native range,Northern America,9ff7d317-609b-4c08-bd86-3bc404b77c42,141266835,Scrophularia lanceolata Pursh
3171302,native range,Europe,9ff7d317-609b-4c08-bd86-3bc404b77c42,141264875,Mazus reptans N.E. Brown
3171304,native range,Eastern Asia,9ff7d317-609b-4c08-bd86-3bc404b77c42,141264876,Mazus pumilus (Burm. f.) Steenis
3171304,native range,Eastern Europe,9ff7d317-609b-4c08-bd86-3bc404b77c42,141264876,Mazus pumilus (Burm. f.) Steenis
3171888,native range,Northern America,9ff7d317-609b-4c08-bd86-3bc404b77c42,141264601,Lindernia dubia (L.) Pennell
3171946,native range,Africa,9ff7d317-609b-4c08-bd86-3bc404b77c42,141266830,Verbascum sinuatum L.
3171946,native range,Eastern Asia,9ff7d317-609b-4c08-bd86-3bc404b77c42,141266830,Verbascum sinuatum L.
3171946,native range,Eastern Europe,9ff7d317-609b-4c08-bd86-3bc404b77c42,141266830,Verbascum sinuatum L.
3171946,native range,Europe,9ff7d317-609b-4c08-bd86-3bc404b77c42,141266830,Verbascum sinuatum L.
3171948,native range,Eastern Asia,9ff7d317-609b-4c08-bd86-3bc404b77c42,141266838,Verbascum phlomoides L.
3171948,native range,Eastern Europe,9ff7d317-609b-4c08-bd86-3bc404b77c42,141266838,Verbascum phlomoides L.
3171948,native range,Europe,9ff7d317-609b-4c08-bd86-3bc404b77c42,141266838,Verbascum phlomoides L.
3171951,native range,Eastern Asia,9ff7d317-609b-4c08-bd86-3bc404b77c42,141266833,Verbascum phoeniceum L.
3171951,native range,Eastern Europe,9ff7d317-609b-4c08-bd86-3bc404b77c42,141266833,Verbascum phoeniceum L.
3171951,native range,Europe,9ff7d317-609b-4c08-bd86-3bc404b77c42,141266833,Verbascum phoeniceum L.
3171952,native range,Eastern Asia,9ff7d317-609b-4c08-bd86-3bc404b77c42,141266842,Verbascum speciosum Schrad.
3171952,native range,Eastern Europe,9ff7d317-609b-4c08-bd86-3bc404b77c42,141266842,Verbascum speciosum Schrad.
3171952,native range,Europe,9ff7d317-609b-4c08-bd86-3bc404b77c42,141266842,Verbascum speciosum Schrad.
3171954,native range,Europe,9ff7d317-609b-4c08-bd86-3bc404b77c42,141266837,Verbascum virgatum Stokes
3172001,native range,Africa,9ff7d317-609b-4c08-bd86-3bc404b77c42,141265522,Antirrhinum majus L.
3172001,native range,Europe,9ff7d317-609b-4c08-bd86-3bc404b77c42,141265522,Antirrhinum majus L.
3172059,native range,Eastern Asia,9ff7d317-609b-4c08-bd86-3bc404b77c42,141265518,Veronica spicata L.
3172059,native range,Eastern Europe,9ff7d317-609b-4c08-bd86-3bc404b77c42,141265518,Veronica spicata L.
3172059,native range,Europe,9ff7d317-609b-4c08-bd86-3bc404b77c42,141265518,Veronica spicata L.
3172066,native range,Asia,9ff7d317-609b-4c08-bd86-3bc404b77c42,141265503,Veronica campylopoda Boiss.
3172068,native range,Africa,9ff7d317-609b-4c08-bd86-3bc404b77c42,141265533,Veronica cymbalaria Bodard
3172068,native range,Eastern Asia,9ff7d317-609b-4c08-bd86-3bc404b77c42,141265533,Veronica cymbalaria Bodard
3172068,native range,Eastern Europe,9ff7d317-609b-4c08-bd86-3bc404b77c42,141265533,Veronica cymbalaria Bodard
3172068,native range,Europe,9ff7d317-609b-4c08-bd86-3bc404b77c42,141265533,Veronica cymbalaria Bodard
3172077,native range,Eastern Asia,9ff7d317-609b-4c08-bd86-3bc404b77c42,141265506,Veronica persica Poiret
3172077,native range,Eastern Europe,9ff7d317-609b-4c08-bd86-3bc404b77c42,141265506,Veronica persica Poiret
3172099,native range,Europe,9ff7d317-609b-4c08-bd86-3bc404b77c42,141265523,Veronica austriaca Jacq.
3172100,native range,Eastern Asia,9ff7d317-609b-4c08-bd86-3bc404b77c42,141265509,Veronica filiformis Smith
3172100,native range,Eastern Europe,9ff7d317-609b-4c08-bd86-3bc404b77c42,141265509,Veronica filiformis Smith
3172104,native range,Americas,9ff7d317-609b-4c08-bd86-3bc404b77c42,141265516,Veronica peregrina L.
3172118,native range,Eastern Asia,9ff7d317-609b-4c08-bd86-3bc404b77c42,141265532,Veronica longifolia L.
3172118,native range,Eastern Europe,9ff7d317-609b-4c08-bd86-3bc404b77c42,141265532,Veronica longifolia L.
3172118,native range,Europe,9ff7d317-609b-4c08-bd86-3bc404b77c42,141265532,Veronica longifolia L.
3172127,native range,Americas,9ff7d317-609b-4c08-bd86-3bc404b77c42,141267051,"Calceolaria chelidonioides Humb., Bonpl. & Kunth"
3172206,native range,Northern America,9ff7d317-609b-4c08-bd86-3bc404b77c42,141265526,Veronicastrum virginicum (L.) Farw.
3172266,native range,Eastern Asia,9ff7d317-609b-4c08-bd86-3bc404b77c42,141266899,Jasminum nudiflorum Lindl.
3172266,native range,Eastern Europe,9ff7d317-609b-4c08-bd86-3bc404b77c42,141266899,Jasminum nudiflorum Lindl.
3172291,native range,Eastern Asia,9ff7d317-609b-4c08-bd86-3bc404b77c42,141266906,Ligustrum ovalifolium Hassk.
3172291,native range,Eastern Europe,9ff7d317-609b-4c08-bd86-3bc404b77c42,141266906,Ligustrum ovalifolium Hassk.
3172294,native range,Eastern Asia,9ff7d317-609b-4c08-bd86-3bc404b77c42,141266898,Ligustrum sinense Lour.
3172294,native range,Eastern Europe,9ff7d317-609b-4c08-bd86-3bc404b77c42,141266898,Ligustrum sinense Lour.
3172343,native range,Northern America,9ff7d317-609b-4c08-bd86-3bc404b77c42,141266897,Fraxinus latifolia Benth.
3172347,native range,Eastern Asia,9ff7d317-609b-4c08-bd86-3bc404b77c42,141266903,Fraxinus ornus L.
3172347,native range,Eastern Europe,9ff7d317-609b-4c08-bd86-3bc404b77c42,141266903,Fraxinus ornus L.
3172347,native range,Europe,9ff7d317-609b-4c08-bd86-3bc404b77c42,141266903,Fraxinus ornus L.
3172348,native range,Northern America,9ff7d317-609b-4c08-bd86-3bc404b77c42,141266900,Fraxinus pennsylvanica Marshall
3172549,native range,Northern America,9ff7d317-609b-4c08-bd86-3bc404b77c42,143605003,Campsis radicans (L.) Seem. (incl. C. x tagliabuana (Vis.) Rehd.)
3172613,native range,Eastern Asia,9ff7d317-609b-4c08-bd86-3bc404b77c42,141264661,Catalpa ovata G. Don
3172613,native range,Eastern Europe,9ff7d317-609b-4c08-bd86-3bc404b77c42,141264661,Catalpa ovata G. Don
3172615,native range,Northern America,9ff7d317-609b-4c08-bd86-3bc404b77c42,141264659,Catalpa bignonioides Walter
3172647,native range,South America,9ff7d317-609b-4c08-bd86-3bc404b77c42,141264838,Ibicella lutea (Lindl.) Van Eselt.
3173338,native range,Asia,1738f272-6b5d-4f43-9a92-453a8c5ea50a,146042170,Buddleja davidii Franch.
3173338,native range,Eastern Asia,9ff7d317-609b-4c08-bd86-3bc404b77c42,141266848,Buddleja davidii Franch.
3173338,native range,Eastern Europe,9ff7d317-609b-4c08-bd86-3bc404b77c42,141266848,Buddleja davidii Franch.
3188711,native range,Northern America,9ff7d317-609b-4c08-bd86-3bc404b77c42,141264723,Ammannia coccinea Rottb.
3188735,native range,Europe,9ff7d317-609b-4c08-bd86-3bc404b77c42,141264722,Lythrum virgatum L.
3188757,native range,Africa,9ff7d317-609b-4c08-bd86-3bc404b77c42,141264725,Trapa natans L.
3188757,native range,Asia,9ff7d317-609b-4c08-bd86-3bc404b77c42,141264725,Trapa natans L.
3188757,native range,Europe,9ff7d317-609b-4c08-bd86-3bc404b77c42,141264725,Trapa natans L.
3188829,native range,Americas,9ff7d317-609b-4c08-bd86-3bc404b77c42,141266540,"Oenothera elata Humb., Bonpl. & Kunth"
3188830,native range,South America,9ff7d317-609b-4c08-bd86-3bc404b77c42,141266548,Oenothera stricta Ledeb. ex Link
3188838,native range,Northern America,9ff7d317-609b-4c08-bd86-3bc404b77c42,141266507,Oenothera perennis L.
3188847,native range,South America,9ff7d317-609b-4c08-bd86-3bc404b77c42,141266550,Oenothera affinis Cambess. ex A. St. Hil.
3188859,native range,Northern America,9ff7d317-609b-4c08-bd86-3bc404b77c42,141266518,Oenothera speciosa Nutt.
3188867,native range,Americas,9ff7d317-609b-4c08-bd86-3bc404b77c42,141266513,Oenothera laciniata Hill
3188875,native range,Americas,9ff7d317-609b-4c08-bd86-3bc404b77c42,141266512,Oenothera rosea L'Her. ex Ait.
3188884,native range,Northern America,9ff7d317-609b-4c08-bd86-3bc404b77c42,141266524,Oenothera oakesiana (A. Gray) Robbins ex S. Watson & Coult.
3188894,native range,Northern America,9ff7d317-609b-4c08-bd86-3bc404b77c42,141266510,Oenothera glazioviana Micheli
3188924,native range,Eastern Asia,9ff7d317-609b-4c08-bd86-3bc404b77c42,141266522,Oenothera biennis L.
3188924,native range,Eastern Europe,9ff7d317-609b-4c08-bd86-3bc404b77c42,141266522,Oenothera biennis L.
3188924,native range,Europe,9ff7d317-609b-4c08-bd86-3bc404b77c42,141266522,Oenothera biennis L.
3188924,native range,Northern America,9ff7d317-609b-4c08-bd86-3bc404b77c42,141266515,Oenothera victorini R.R. Gates & Catcheside
3189073,native range,Northern America,9ff7d317-609b-4c08-bd86-3bc404b77c42,141266538,Epilobium brachycarpum C. Presl
3189497,native range,Eastern Asia,9ff7d317-609b-4c08-bd86-3bc404b77c42,141267170,Hypericum calycinum L.
3189497,native range,Eastern Europe,9ff7d317-609b-4c08-bd86-3bc404b77c42,141267170,Hypericum calycinum L.
3189497,native range,Europe,9ff7d317-609b-4c08-bd86-3bc404b77c42,141267170,Hypericum calycinum L.
3189723,native range,Africa,9ff7d317-609b-4c08-bd86-3bc404b77c42,141265511,Plantago ovata Forssk.
3189723,native range,Eastern Asia,9ff7d317-609b-4c08-bd86-3bc404b77c42,141265511,Plantago ovata Forssk.
3189723,native range,Eastern Europe,9ff7d317-609b-4c08-bd86-3bc404b77c42,141265511,Plantago ovata Forssk.
3189723,native range,Europe,9ff7d317-609b-4c08-bd86-3bc404b77c42,141265511,Plantago ovata Forssk.
3189760,native range,Americas,9ff7d317-609b-4c08-bd86-3bc404b77c42,141265528,Plantago heterophylla Nutt.
3189762,native range,Africa,9ff7d317-609b-4c08-bd86-3bc404b77c42,141265524,Plantago arenaria Waldst. & Kit.
3189762,native range,Eastern Asia,9ff7d317-609b-4c08-bd86-3bc404b77c42,141265524,Plantago arenaria Waldst. & Kit.
3189762,native range,Eastern Europe,9ff7d317-609b-4c08-bd86-3bc404b77c42,141265524,Plantago arenaria Waldst. & Kit.
3189762,native range,Europe,9ff7d317-609b-4c08-bd86-3bc404b77c42,141265524,Plantago arenaria Waldst. & Kit.
3189807,native range,Northern America,9ff7d317-609b-4c08-bd86-3bc404b77c42,141266289,Aesculus pavia L. (incl. var. discolor (Pursh) Torr. & A. Gray)
3189815,native range,Europe,9ff7d317-609b-4c08-bd86-3bc404b77c42,141266297,Aesculus hippocastanum L.
3189828,native range,Northern America,9ff7d317-609b-4c08-bd86-3bc404b77c42,141266291,Aesculus parviflora Walter
3189836,native range,Northern America,9ff7d317-609b-4c08-bd86-3bc404b77c42,163968260,Acer pensylvanicum L.
3189837,native range,Northern America,9ff7d317-609b-4c08-bd86-3bc404b77c42,141266285,Acer saccharinum L.
3189866,native range,Northern America,9ff7d317-609b-4c08-bd86-3bc404b77c42,141266298,Acer negundo L.
3189866,native range,South America,1738f272-6b5d-4f43-9a92-453a8c5ea50a,146042200,Acer negundo
3189882,native range,Eastern Asia,9ff7d317-609b-4c08-bd86-3bc404b77c42,141266283,Acer palmatum Thunb.
3189882,native range,Eastern Europe,9ff7d317-609b-4c08-bd86-3bc404b77c42,141266283,Acer palmatum Thunb.
3189883,native range,Northern America,9ff7d317-609b-4c08-bd86-3bc404b77c42,141266296,Acer rubrum L.
3189935,native range,South America,9ff7d317-609b-4c08-bd86-3bc404b77c42,141266293,Cardiospermum grandiflorum Swartz
3189939,native range,South America,9ff7d317-609b-4c08-bd86-3bc404b77c42,141266294,Cardiospermum halicacabum L.
3190382,native range,Europe,9ff7d317-609b-4c08-bd86-3bc404b77c42,141264607,Ruta graveolens L.
3190411,native range,Northern America,9ff7d317-609b-4c08-bd86-3bc404b77c42,141264610,Ptelea trifoliata L.
3190522,native range,Europe,9ff7d317-609b-4c08-bd86-3bc404b77c42,141266311,Cotinus coggygria Scop.
3190538,native range,Northern America,9ff7d317-609b-4c08-bd86-3bc404b77c42,141266310,Rhus typhina L.
3190653,native range,Asia,1738f272-6b5d-4f43-9a92-453a8c5ea50a,146042193,Ailanthus altissima (Mill.)
3190653,native range,Australia and New Zealand,1738f272-6b5d-4f43-9a92-453a8c5ea50a,146042193,Ailanthus altissima (Mill.)
3190653,native range,Eastern Asia,9ff7d317-609b-4c08-bd86-3bc404b77c42,141264976,Ailanthus altissima (Mill.) Swingle
3190653,native range,Eastern Europe,9ff7d317-609b-4c08-bd86-3bc404b77c42,141264976,Ailanthus altissima (Mill.) Swingle
3190845,native range,Northern America,9ff7d317-609b-4c08-bd86-3bc404b77c42,141264911,Drosera linearis Goldie
3202936,native range,Northern America,1f3505cd-5d98-4e23-bd3b-ffe59d05d7c2,164300676,Aphanomyces astaci Schikora
3266899,native range,Northern America,a12e2bf8-13ce-4d0b-b2d4-b1cd20450a63,180661185,"Lampropeltis (Fitzinger, 1843)"
3266899,native range,South America,a12e2bf8-13ce-4d0b-b2d4-b1cd20450a63,180661185,"Lampropeltis (Fitzinger, 1843)"
3593900,native range,Africa,9ff7d317-609b-4c08-bd86-3bc404b77c42,141267178,Herniaria cinerea DC.
3593900,native range,Eastern Asia,9ff7d317-609b-4c08-bd86-3bc404b77c42,141267178,Herniaria cinerea DC.
3593900,native range,Eastern Europe,9ff7d317-609b-4c08-bd86-3bc404b77c42,141267178,Herniaria cinerea DC.
3593900,native range,Europe,9ff7d317-609b-4c08-bd86-3bc404b77c42,141267178,Herniaria cinerea DC.
3596131,native range,Europe,9ff7d317-609b-4c08-bd86-3bc404b77c42,141264703,Halimium alyssoides (Lam.) K. Koch
3602069,native range,Eastern Asia,9ff7d317-609b-4c08-bd86-3bc404b77c42,141267119,Papaver somniferum L. subsp. somniferum
3602069,native range,Eastern Europe,9ff7d317-609b-4c08-bd86-3bc404b77c42,141267119,Papaver somniferum L. subsp. somniferum
3602227,native range,Eastern Asia,9ff7d317-609b-4c08-bd86-3bc404b77c42,141267117,Papaver somniferum L. subsp. setigerum (DC.) Arcang.
3602227,native range,Eastern Europe,9ff7d317-609b-4c08-bd86-3bc404b77c42,141267117,Papaver somniferum L. subsp. setigerum (DC.) Arcang.
3602683,native range,Europe,9ff7d317-609b-4c08-bd86-3bc404b77c42,141267111,Meconopsis cambrica (L.) Vig.
3610757,native range,Americas,9ff7d317-609b-4c08-bd86-3bc404b77c42,141264945,Cuscuta campestris Yunck.
3631129,native range,Eastern Asia,9ff7d317-609b-4c08-bd86-3bc404b77c42,141266086,Eryngium giganteum Bieb.
3631129,native range,Eastern Europe,9ff7d317-609b-4c08-bd86-3bc404b77c42,141266086,Eryngium giganteum Bieb.
3633319,native range,Eastern Asia,9ff7d317-609b-4c08-bd86-3bc404b77c42,141266096,Tordylium maximum L.
3633319,native range,Eastern Europe,9ff7d317-609b-4c08-bd86-3bc404b77c42,141266096,Tordylium maximum L.
3633319,native range,Europe,9ff7d317-609b-4c08-bd86-3bc404b77c42,141266096,Tordylium maximum L.
3637112,native range,Eastern Asia,9ff7d317-609b-4c08-bd86-3bc404b77c42,141266095,Scandix iberica Bieb.
3637112,native range,Eastern Europe,9ff7d317-609b-4c08-bd86-3bc404b77c42,141266095,Scandix iberica Bieb.
3637507,native range,Eastern Asia,9ff7d317-609b-4c08-bd86-3bc404b77c42,141266074,Scandix balansae Reut. ex Boiss.
3637507,native range,Eastern Europe,9ff7d317-609b-4c08-bd86-3bc404b77c42,141266074,Scandix balansae Reut. ex Boiss.
3638303,native range,Africa,9ff7d317-609b-4c08-bd86-3bc404b77c42,141266097,Orlaya platycarpos Koch
3638303,native range,Eastern Asia,9ff7d317-609b-4c08-bd86-3bc404b77c42,141266097,Orlaya platycarpos Koch
3638303,native range,Eastern Europe,9ff7d317-609b-4c08-bd86-3bc404b77c42,141266097,Orlaya platycarpos Koch
3638303,native range,Europe,9ff7d317-609b-4c08-bd86-3bc404b77c42,141266097,Orlaya platycarpos Koch
3638793,native range,Africa,9ff7d317-609b-4c08-bd86-3bc404b77c42,141266053,Bupleurum fruticosum L.
3638793,native range,Eastern Asia,9ff7d317-609b-4c08-bd86-3bc404b77c42,141266053,Bupleurum fruticosum L.
3638793,native range,Eastern Europe,9ff7d317-609b-4c08-bd86-3bc404b77c42,141266053,Bupleurum fruticosum L.
3638793,native range,Europe,9ff7d317-609b-4c08-bd86-3bc404b77c42,141266053,Bupleurum fruticosum L.
3639326,native range,Eastern Asia,9ff7d317-609b-4c08-bd86-3bc404b77c42,141266100,Bupleurum croceum Fenzl
3639326,native range,Eastern Europe,9ff7d317-609b-4c08-bd86-3bc404b77c42,141266100,Bupleurum croceum Fenzl
3641853,native range,Africa,9ff7d317-609b-4c08-bd86-3bc404b77c42,141266051,Daucus durieua Lange
3641853,native range,Eastern Asia,9ff7d317-609b-4c08-bd86-3bc404b77c42,141266051,Daucus durieua Lange
3641853,native range,Eastern Europe,9ff7d317-609b-4c08-bd86-3bc404b77c42,141266051,Daucus durieua Lange
3641853,native range,Europe,9ff7d317-609b-4c08-bd86-3bc404b77c42,141266051,Daucus durieua Lange
3642339,native range,Eastern Asia,9ff7d317-609b-4c08-bd86-3bc404b77c42,141266069,Chaerophyllum byzantinum Boiss.
3642339,native range,Eastern Europe,9ff7d317-609b-4c08-bd86-3bc404b77c42,141266069,Chaerophyllum byzantinum Boiss.
3642531,native range,Eastern Asia,9ff7d317-609b-4c08-bd86-3bc404b77c42,141266055,Chaerophyllum aureum L.
3642531,native range,Eastern Europe,9ff7d317-609b-4c08-bd86-3bc404b77c42,141266055,Chaerophyllum aureum L.
3642531,native range,Europe,9ff7d317-609b-4c08-bd86-3bc404b77c42,141266055,Chaerophyllum aureum L.
3646556,native range,Eastern Asia,9ff7d317-609b-4c08-bd86-3bc404b77c42,141264772,Pterostyrax hispidus Siebold & Zucc.
3646556,native range,Eastern Europe,9ff7d317-609b-4c08-bd86-3bc404b77c42,141264772,Pterostyrax hispidus Siebold & Zucc.
3663237,native range,Eastern Asia,9ff7d317-609b-4c08-bd86-3bc404b77c42,141264765,Cornus sanguinea L. subsp. australis (C.A. Mey.) Jáv. ex Soó in Soó & Jáv.
3663237,native range,Eastern Europe,9ff7d317-609b-4c08-bd86-3bc404b77c42,141264765,Cornus sanguinea L. subsp. australis (C.A. Mey.) Jáv. ex Soó in Soó & Jáv.
3663237,native range,Europe,9ff7d317-609b-4c08-bd86-3bc404b77c42,141264765,Cornus sanguinea L. subsp. australis (C.A. Mey.) Jáv. ex Soó in Soó & Jáv.
3663772,native range,Europe,9ff7d317-609b-4c08-bd86-3bc404b77c42,141266539,Oenothera moravica V. Jehlík & Rostański
3664287,native range,Europe,9ff7d317-609b-4c08-bd86-3bc404b77c42,141266508,Oenothera casimiri Rostański
3664589,native range,Northern America,9ff7d317-609b-4c08-bd86-3bc404b77c42,141266552,Oenothera lindheimeri (Engelmann & A. Gray) W.L. Wagner & Hoch
3666059,native range,Northern America,9ff7d317-609b-4c08-bd86-3bc404b77c42,141266519,Oenothera rubricalyx R.R. Gates
3666422,native range,Eastern Asia,9ff7d317-609b-4c08-bd86-3bc404b77c42,141266535,Chamaenerion dodonaei (Vill.) Schur
3666422,native range,Eastern Europe,9ff7d317-609b-4c08-bd86-3bc404b77c42,141266535,Chamaenerion dodonaei (Vill.) Schur
3666422,native range,Europe,9ff7d317-609b-4c08-bd86-3bc404b77c42,141266535,Chamaenerion dodonaei (Vill.) Schur
3666776,native range,Northern America,9ff7d317-609b-4c08-bd86-3bc404b77c42,163968272,Oenothera ersteinensis R. Linder & R. Jean
3667007,native range,Europe,9ff7d317-609b-4c08-bd86-3bc404b77c42,163968273,Oenothera drawertii Renner ex Rostański
3667238,native range,Europe,9ff7d317-609b-4c08-bd86-3bc404b77c42,141266529,Oenothera paradoxa Hudziok
3667406,native range,Northern America,9ff7d317-609b-4c08-bd86-3bc404b77c42,141266520,Oenothera curtiflora W.L. Wagner & Hoch
3667628,native range,Europe,9ff7d317-609b-4c08-bd86-3bc404b77c42,141266556,Oenothera nuda Renner ex Rostański
3678256,native range,Eastern Asia,9ff7d317-609b-4c08-bd86-3bc404b77c42,141264962,Cuscuta lupuliformis Krock.
3678256,native range,Eastern Europe,9ff7d317-609b-4c08-bd86-3bc404b77c42,141264962,Cuscuta lupuliformis Krock.
3678256,native range,Europe,9ff7d317-609b-4c08-bd86-3bc404b77c42,141264962,Cuscuta lupuliformis Krock.
3678949,native range,Eastern Asia,9ff7d317-609b-4c08-bd86-3bc404b77c42,141264958,Convolvulus dubius J. Gilbert
3678949,native range,Eastern Europe,9ff7d317-609b-4c08-bd86-3bc404b77c42,141264958,Convolvulus dubius J. Gilbert
3686235,native range,Eastern Asia,9ff7d317-609b-4c08-bd86-3bc404b77c42,141264732,Staphylea pinnata L.
3686235,native range,Eastern Europe,9ff7d317-609b-4c08-bd86-3bc404b77c42,141264732,Staphylea pinnata L.
3686235,native range,Europe,9ff7d317-609b-4c08-bd86-3bc404b77c42,141264732,Staphylea pinnata L.
3690997,native range,Eastern Asia,9ff7d317-609b-4c08-bd86-3bc404b77c42,148437430,Cardamine occulta Hornem.
3690997,native range,Eastern Europe,9ff7d317-609b-4c08-bd86-3bc404b77c42,148437430,Cardamine occulta Hornem.
3693541,native range,Eastern Asia,9ff7d317-609b-4c08-bd86-3bc404b77c42,141266012,Alyssum murale Waldst. & Kit.
3693541,native range,Eastern Europe,9ff7d317-609b-4c08-bd86-3bc404b77c42,141266012,Alyssum murale Waldst. & Kit.
3693541,native range,Europe,9ff7d317-609b-4c08-bd86-3bc404b77c42,141266012,Alyssum murale Waldst. & Kit.
3725805,native range,Africa,9ff7d317-609b-4c08-bd86-3bc404b77c42,141266841,Hebenstretia integrifolia L.
3728894,native range,Africa,9ff7d317-609b-4c08-bd86-3bc404b77c42,141266612,Phelipanche ramosa (L.) Pomel
3728894,native range,Eastern Asia,9ff7d317-609b-4c08-bd86-3bc404b77c42,141266612,Phelipanche ramosa (L.) Pomel
3728894,native range,Eastern Europe,9ff7d317-609b-4c08-bd86-3bc404b77c42,141266612,Phelipanche ramosa (L.) Pomel
3728894,native range,Europe,9ff7d317-609b-4c08-bd86-3bc404b77c42,141266612,Phelipanche ramosa (L.) Pomel
3729273,native range,Europe,9ff7d317-609b-4c08-bd86-3bc404b77c42,141265536,Asarina procumbens Miller
3732995,native range,Eastern Asia,9ff7d317-609b-4c08-bd86-3bc404b77c42,141265498,Veronica ceratocarpa C.A. Mey.
3732995,native range,Eastern Europe,9ff7d317-609b-4c08-bd86-3bc404b77c42,141265498,Veronica ceratocarpa C.A. Mey.
3738796,native range,Africa,9ff7d317-609b-4c08-bd86-3bc404b77c42,141265508,Misopates calycinum Rothm.
3738796,native range,Europe,9ff7d317-609b-4c08-bd86-3bc404b77c42,141265508,Misopates calycinum Rothm.
3741432,native range,Europe,9ff7d317-609b-4c08-bd86-3bc404b77c42,141266831,Verbascum banaticum Schrad.
3741446,native range,Europe,9ff7d317-609b-4c08-bd86-3bc404b77c42,141265507,Erinus alpinus L.
3746867,native range,Africa,9ff7d317-609b-4c08-bd86-3bc404b77c42,141266300,Cheilanthes viridis (Forssk.) Prantl var. macrophylla (Kunze) Sim
3753098,native range,Africa,9ff7d317-609b-4c08-bd86-3bc404b77c42,141265006,Saxifraga cymbalaria L.
3753098,native range,Eastern Asia,9ff7d317-609b-4c08-bd86-3bc404b77c42,141265006,Saxifraga cymbalaria L.
3753098,native range,Eastern Europe,9ff7d317-609b-4c08-bd86-3bc404b77c42,141265006,Saxifraga cymbalaria L.
3753098,native range,Europe,9ff7d317-609b-4c08-bd86-3bc404b77c42,141265006,Saxifraga cymbalaria L.
3754587,native range,Eastern Asia,9ff7d317-609b-4c08-bd86-3bc404b77c42,141265009,Rodgersia podophylla A. Gray
3754587,native range,Eastern Europe,9ff7d317-609b-4c08-bd86-3bc404b77c42,141265009,Rodgersia podophylla A. Gray
3754587,native range,Europe,9ff7d317-609b-4c08-bd86-3bc404b77c42,141265009,Rodgersia podophylla A. Gray
3755928,native range,Northern America,9ff7d317-609b-4c08-bd86-3bc404b77c42,141266190,Chenopodium missouriense Aell.
3756077,native range,Southern Asia,9ff7d317-609b-4c08-bd86-3bc404b77c42,141266141,Chenopodium giganteum D. Don
3757050,native range,Northern America,9ff7d317-609b-4c08-bd86-3bc404b77c42,141266187,Chenopodium bushianum Aell.
3757189,native range,Australia and New Zealand,9ff7d317-609b-4c08-bd86-3bc404b77c42,141266174,Chenopodium auricomiforme J. Murr & Thell.
3757457,native range,Australia and New Zealand,9ff7d317-609b-4c08-bd86-3bc404b77c42,141266191,Einadia polygonoides (J. Murr) Wilson
3759032,native range,Eastern Asia,9ff7d317-609b-4c08-bd86-3bc404b77c42,141266134,Corispermum gmelinii Bunge
3759032,native range,Eastern Europe,9ff7d317-609b-4c08-bd86-3bc404b77c42,141266134,Corispermum gmelinii Bunge
3760099,native range,Eastern Asia,9ff7d317-609b-4c08-bd86-3bc404b77c42,141266200,Atriplex sagittata Borkh.
3760099,native range,Eastern Europe,9ff7d317-609b-4c08-bd86-3bc404b77c42,141266200,Atriplex sagittata Borkh.
3760099,native range,Europe,9ff7d317-609b-4c08-bd86-3bc404b77c42,141266200,Atriplex sagittata Borkh.
3767816,native range,Eastern Asia,9ff7d317-609b-4c08-bd86-3bc404b77c42,141266288,Acer japonicum Thunb.
3767816,native range,Eastern Europe,9ff7d317-609b-4c08-bd86-3bc404b77c42,141266288,Acer japonicum Thunb.
3768287,native range,Eastern Asia,9ff7d317-609b-4c08-bd86-3bc404b77c42,141266287,Acer cissifolium (Siebold & Zucc.) K. Koch
3768287,native range,Eastern Europe,9ff7d317-609b-4c08-bd86-3bc404b77c42,141266287,Acer cissifolium (Siebold & Zucc.) K. Koch
3798835,native range,Australia and New Zealand,9ff7d317-609b-4c08-bd86-3bc404b77c42,141266928,Nicotiana velutina H. Wheeler
3802956,native range,Africa,9ff7d317-609b-4c08-bd86-3bc404b77c42,141266958,Solanum villosum Mill. subsp. villosum
3802956,native range,Eastern Asia,9ff7d317-609b-4c08-bd86-3bc404b77c42,141266958,Solanum villosum Mill. subsp. villosum
3802956,native range,Eastern Europe,9ff7d317-609b-4c08-bd86-3bc404b77c42,141266958,Solanum villosum Mill. subsp. villosum
3802956,native range,Europe,9ff7d317-609b-4c08-bd86-3bc404b77c42,141266958,Solanum villosum Mill. subsp. villosum
3814157,native range,Africa,9ff7d317-609b-4c08-bd86-3bc404b77c42,141267184,Silene coeli-rosa (L.) Godr.
3814157,native range,Eastern Asia,9ff7d317-609b-4c08-bd86-3bc404b77c42,141267184,Silene coeli-rosa (L.) Godr.
3814157,native range,Eastern Europe,9ff7d317-609b-4c08-bd86-3bc404b77c42,141267184,Silene coeli-rosa (L.) Godr.
3814157,native range,Europe,9ff7d317-609b-4c08-bd86-3bc404b77c42,141267184,Silene coeli-rosa (L.) Godr.
3826756,native range,Africa,9ff7d317-609b-4c08-bd86-3bc404b77c42,141266465,Erodium moschatum (L.) L' Hérit. var. cicutarioides Delile
3826756,native range,Eastern Asia,9ff7d317-609b-4c08-bd86-3bc404b77c42,141266465,Erodium moschatum (L.) L' Hérit. var. cicutarioides Delile
3826756,native range,Eastern Europe,9ff7d317-609b-4c08-bd86-3bc404b77c42,141266465,Erodium moschatum (L.) L' Hérit. var. cicutarioides Delile
3826756,native range,Europe,9ff7d317-609b-4c08-bd86-3bc404b77c42,141266465,Erodium moschatum (L.) L' Hérit. var. cicutarioides Delile
3826854,native range,Europe,9ff7d317-609b-4c08-bd86-3bc404b77c42,141266443,Erodium manescavi Coss.
3827967,native range,Africa,9ff7d317-609b-4c08-bd86-3bc404b77c42,141266449,Monsonia brevirostrata R. Knuth
3827975,native range,Africa,9ff7d317-609b-4c08-bd86-3bc404b77c42,141266442,Pelargonium candicans Spreng.
3827980,native range,Australia and New Zealand,9ff7d317-609b-4c08-bd86-3bc404b77c42,141266445,Erodium crinitum Carol.
3828217,native range,Africa,9ff7d317-609b-4c08-bd86-3bc404b77c42,141266461,Erodium chium (L.) Willd.
3828217,native range,Eastern Asia,9ff7d317-609b-4c08-bd86-3bc404b77c42,141266461,Erodium chium (L.) Willd.
3828217,native range,Eastern Europe,9ff7d317-609b-4c08-bd86-3bc404b77c42,141266461,Erodium chium (L.) Willd.
3828217,native range,Europe,9ff7d317-609b-4c08-bd86-3bc404b77c42,141266461,Erodium chium (L.) Willd.
3828342,native range,Australia and New Zealand,9ff7d317-609b-4c08-bd86-3bc404b77c42,141266468,Erodium cygnorum Nees subsp. glandulosum Carol.
3829143,native range,Eastern Asia,9ff7d317-609b-4c08-bd86-3bc404b77c42,141266466,Erodium stephanianum Willd.
3829143,native range,Eastern Europe,9ff7d317-609b-4c08-bd86-3bc404b77c42,141266466,Erodium stephanianum Willd.
3853033,native range,Eastern Asia,9ff7d317-609b-4c08-bd86-3bc404b77c42,141265452,Neillia incisa (Thunb.) S.H. Oh
3853033,native range,Eastern Europe,9ff7d317-609b-4c08-bd86-3bc404b77c42,141265452,Neillia incisa (Thunb.) S.H. Oh
3856436,native range,Eastern Asia,9ff7d317-609b-4c08-bd86-3bc404b77c42,141266435,Viburnum davidii Franch.
3856436,native range,Eastern Europe,9ff7d317-609b-4c08-bd86-3bc404b77c42,141266435,Viburnum davidii Franch.
3883959,native range,Africa,9ff7d317-609b-4c08-bd86-3bc404b77c42,141266235,Salvia viridis L.
3883959,native range,Eastern Asia,9ff7d317-609b-4c08-bd86-3bc404b77c42,141266235,Salvia viridis L.
3883959,native range,Eastern Europe,9ff7d317-609b-4c08-bd86-3bc404b77c42,141266235,Salvia viridis L.
3883959,native range,Europe,9ff7d317-609b-4c08-bd86-3bc404b77c42,141266235,Salvia viridis L.
3885185,native range,Europe,9ff7d317-609b-4c08-bd86-3bc404b77c42,141266245,Stachys atherocalyx K. Koch
3886505,native range,Eastern Asia,9ff7d317-609b-4c08-bd86-3bc404b77c42,141266256,Phlomis russeliana (Sims) Benth.
3886505,native range,Eastern Europe,9ff7d317-609b-4c08-bd86-3bc404b77c42,141266256,Phlomis russeliana (Sims) Benth.
3890974,native range,Northern America,9ff7d317-609b-4c08-bd86-3bc404b77c42,163968257,Pycnanthemum pilosum Nutt.
3892732,native range,Europe,9ff7d317-609b-4c08-bd86-3bc404b77c42,141266240,Lamium orvala L.
3896282,native range,Eastern Asia,9ff7d317-609b-4c08-bd86-3bc404b77c42,141266259,Teucrium hircanicum L.
3896282,native range,Eastern Europe,9ff7d317-609b-4c08-bd86-3bc404b77c42,141266259,Teucrium hircanicum L.
3898065,native range,Europe,9ff7d317-609b-4c08-bd86-3bc404b77c42,141266275,Salvia lavandulifolia Vahl subsp. gallica Lippert
3902360,native range,Africa,9ff7d317-609b-4c08-bd86-3bc404b77c42,141266280,Mentha cervina L.
3902360,native range,Europe,9ff7d317-609b-4c08-bd86-3bc404b77c42,141266280,Mentha cervina L.
3905825,native range,Eastern Asia,9ff7d317-609b-4c08-bd86-3bc404b77c42,141266225,Stachys macrantha (C. Koch) Stearn
3905825,native range,Eastern Europe,9ff7d317-609b-4c08-bd86-3bc404b77c42,141266225,Stachys macrantha (C. Koch) Stearn
3905825,native range,Europe,9ff7d317-609b-4c08-bd86-3bc404b77c42,141266225,Stachys macrantha (C. Koch) Stearn
3905970,native range,Eastern Asia,9ff7d317-609b-4c08-bd86-3bc404b77c42,141266249,Marrubium peregrinum L.
3905970,native range,Eastern Europe,9ff7d317-609b-4c08-bd86-3bc404b77c42,141266249,Marrubium peregrinum L.
3905970,native range,Europe,9ff7d317-609b-4c08-bd86-3bc404b77c42,141266249,Marrubium peregrinum L.
3916499,native range,Africa,9ff7d317-609b-4c08-bd86-3bc404b77c42,141264763,Caylusea abyssinica (Fresen.) Fisch. & C.A. Mey.
3921611,native range,Africa,9ff7d317-609b-4c08-bd86-3bc404b77c42,141266880,Clematis flammula L.
3921611,native range,Eastern Asia,9ff7d317-609b-4c08-bd86-3bc404b77c42,141266880,Clematis flammula L.
3921611,native range,Eastern Europe,9ff7d317-609b-4c08-bd86-3bc404b77c42,141266880,Clematis flammula L.
3921611,native range,Europe,9ff7d317-609b-4c08-bd86-3bc404b77c42,141266880,Clematis flammula L.
3922770,native range,Europe,9ff7d317-609b-4c08-bd86-3bc404b77c42,141266870,Aconitum napellus  L. subsp. napellus var. giganteum (Dum. ex Thielens) J. Duvigneaud
3922888,native range,Eastern Asia,9ff7d317-609b-4c08-bd86-3bc404b77c42,141266863,Anemone sylvestris L.
3922888,native range,Eastern Europe,9ff7d317-609b-4c08-bd86-3bc404b77c42,141266863,Anemone sylvestris L.
3922888,native range,Europe,9ff7d317-609b-4c08-bd86-3bc404b77c42,141266863,Anemone sylvestris L.
3927746,native range,Europe,9ff7d317-609b-4c08-bd86-3bc404b77c42,141266872,Anemone apennina L.
3927790,native range,Europe,9ff7d317-609b-4c08-bd86-3bc404b77c42,141266878,Ranunculus gramineus L.
3933415,native range,Africa,9ff7d317-609b-4c08-bd86-3bc404b77c42,141266496,Malva pseudolavatera Webb & Berthelot
3933415,native range,Eastern Asia,9ff7d317-609b-4c08-bd86-3bc404b77c42,141266496,Malva pseudolavatera Webb & Berthelot
3933415,native range,Eastern Europe,9ff7d317-609b-4c08-bd86-3bc404b77c42,141266496,Malva pseudolavatera Webb & Berthelot
3933415,native range,Europe,9ff7d317-609b-4c08-bd86-3bc404b77c42,141266496,Malva pseudolavatera Webb & Berthelot
3935079,native range,Africa,9ff7d317-609b-4c08-bd86-3bc404b77c42,308609209,Malva arborea (L.) Webb & Berthel.
3935079,native range,Eastern Asia,9ff7d317-609b-4c08-bd86-3bc404b77c42,308609209,Malva arborea (L.) Webb & Berthel.
3935079,native range,Eastern Europe,9ff7d317-609b-4c08-bd86-3bc404b77c42,308609209,Malva arborea (L.) Webb & Berthel.
3935079,native range,Europe,9ff7d317-609b-4c08-bd86-3bc404b77c42,308609209,Malva arborea (L.) Webb & Berthel.
3935421,native range,Africa,9ff7d317-609b-4c08-bd86-3bc404b77c42,141266478,Malope trifida Cav.
3935421,native range,Europe,9ff7d317-609b-4c08-bd86-3bc404b77c42,141266478,Malope trifida Cav.
3940326,native range,Africa,9ff7d317-609b-4c08-bd86-3bc404b77c42,141266502,Malva trimestris (L.) Salisb. var. trimestris
3940326,native range,Eastern Asia,9ff7d317-609b-4c08-bd86-3bc404b77c42,141266502,Malva trimestris (L.) Salisb. var. trimestris
3940326,native range,Eastern Europe,9ff7d317-609b-4c08-bd86-3bc404b77c42,141266502,Malva trimestris (L.) Salisb. var. trimestris
3940326,native range,Europe,9ff7d317-609b-4c08-bd86-3bc404b77c42,141266497,Malva trimestris (L.) Salisb. var. brachypoda (Pérez Lara) Verloove & Lambinon
3940423,native range,Eastern Asia,9ff7d317-609b-4c08-bd86-3bc404b77c42,141266500,Malva thuringiaca (L.) Vis.
3940423,native range,Eastern Europe,9ff7d317-609b-4c08-bd86-3bc404b77c42,141266500,Malva thuringiaca (L.) Vis.
3940423,native range,Europe,9ff7d317-609b-4c08-bd86-3bc404b77c42,141266500,Malva thuringiaca (L.) Vis.
3940960,native range,Africa,9ff7d317-609b-4c08-bd86-3bc404b77c42,141266488,Malva punctata (L.) Alef.
3940960,native range,Eastern Asia,9ff7d317-609b-4c08-bd86-3bc404b77c42,141266488,Malva punctata (L.) Alef.
3940960,native range,Eastern Europe,9ff7d317-609b-4c08-bd86-3bc404b77c42,141266488,Malva punctata (L.) Alef.
3940960,native range,Europe,9ff7d317-609b-4c08-bd86-3bc404b77c42,141266488,Malva punctata (L.) Alef.
3941038,native range,Australia and New Zealand,9ff7d317-609b-4c08-bd86-3bc404b77c42,141266474,Malva preissiana Miq.
3966627,native range,Australia and New Zealand,9ff7d317-609b-4c08-bd86-3bc404b77c42,141266682,Cullen cinereum (Lindl.) J.W. Grimes
3967193,native range,Eastern Asia,9ff7d317-609b-4c08-bd86-3bc404b77c42,141266697,Halimodendron halodendron (Pallas) Voss
3967193,native range,Eastern Europe,9ff7d317-609b-4c08-bd86-3bc404b77c42,141266697,Halimodendron halodendron (Pallas) Voss
3967193,native range,Europe,9ff7d317-609b-4c08-bd86-3bc404b77c42,141266697,Halimodendron halodendron (Pallas) Voss
3973001,native range,Europe,9ff7d317-609b-4c08-bd86-3bc404b77c42,141266705,Lens culinaris Med.
3973495,native range,Eastern Asia,9ff7d317-609b-4c08-bd86-3bc404b77c42,141266799,Vicia villosa Roth subsp. eriocarpa (Hausskn.) P.W. Ball
3973495,native range,Eastern Europe,9ff7d317-609b-4c08-bd86-3bc404b77c42,141266799,Vicia villosa Roth subsp. eriocarpa (Hausskn.) P.W. Ball
3973495,native range,Europe,9ff7d317-609b-4c08-bd86-3bc404b77c42,141266799,Vicia villosa Roth subsp. eriocarpa (Hausskn.) P.W. Ball
3973636,native range,Europe,9ff7d317-609b-4c08-bd86-3bc404b77c42,141266819,Vicia dalmatica A. Kerner
3981543,native range,Eastern Asia,9ff7d317-609b-4c08-bd86-3bc404b77c42,141264919,Berberis julianae C.K. Schneider
3981543,native range,Eastern Europe,9ff7d317-609b-4c08-bd86-3bc404b77c42,141264919,Berberis julianae C.K. Schneider
3981814,native range,Eastern Asia,9ff7d317-609b-4c08-bd86-3bc404b77c42,141264917,Berberis wilsoniae Hemsl.
3981814,native range,Eastern Europe,9ff7d317-609b-4c08-bd86-3bc404b77c42,141264917,Berberis wilsoniae Hemsl.
3988701,native range,Africa,9ff7d317-609b-4c08-bd86-3bc404b77c42,141264724,Lythrum junceum Banks & Soland.
3988701,native range,Eastern Asia,9ff7d317-609b-4c08-bd86-3bc404b77c42,141264724,Lythrum junceum Banks & Soland.
3988701,native range,Eastern Europe,9ff7d317-609b-4c08-bd86-3bc404b77c42,141264724,Lythrum junceum Banks & Soland.
3988701,native range,Europe,9ff7d317-609b-4c08-bd86-3bc404b77c42,141264724,Lythrum junceum Banks & Soland.
3989886,native range,Africa,9ff7d317-609b-4c08-bd86-3bc404b77c42,141264721,Lythrum acutangulum Lag.
3989886,native range,Europe,9ff7d317-609b-4c08-bd86-3bc404b77c42,141264721,Lythrum acutangulum Lag.
4005004,native range,Eastern Asia,9ff7d317-609b-4c08-bd86-3bc404b77c42,141264906,Lysimachia fortunei Maxim.
4005004,native range,Eastern Europe,9ff7d317-609b-4c08-bd86-3bc404b77c42,141264906,Lysimachia fortunei Maxim.
4007682,native range,Europe,9ff7d317-609b-4c08-bd86-3bc404b77c42,141264902,Lysimachia linum-stellatum L.
4021919,native range,Europe,9ff7d317-609b-4c08-bd86-3bc404b77c42,141264808,Portulaca sativa Haw.
4021920,native range,Africa,9ff7d317-609b-4c08-bd86-3bc404b77c42,141264806,Portulaca cypria Danin
4021920,native range,Eastern Asia,9ff7d317-609b-4c08-bd86-3bc404b77c42,141264806,Portulaca cypria Danin
4021920,native range,Eastern Europe,9ff7d317-609b-4c08-bd86-3bc404b77c42,141264806,Portulaca cypria Danin
4021920,native range,Europe,9ff7d317-609b-4c08-bd86-3bc404b77c42,141264806,Portulaca cypria Danin
4022617,native range,Northern America,9ff7d317-609b-4c08-bd86-3bc404b77c42,141264809,Portulaca nitida (Danin & H.G. Baker) C. Ricceri & P.V. Arrigoni
4022910,native range,Americas,9ff7d317-609b-4c08-bd86-3bc404b77c42,141264811,Portulaca papillatostellulata (Danin & H.G. Baker) Danin
4023424,native range,Europe,9ff7d317-609b-4c08-bd86-3bc404b77c42,141264807,"Portulaca trituberculata Danin, Domina & Raimondo"
4033335,native range,Eastern Asia,9ff7d317-609b-4c08-bd86-3bc404b77c42,141266415,Bistorta affinis (D. Don) E. Greene
4033335,native range,Eastern Europe,9ff7d317-609b-4c08-bd86-3bc404b77c42,141266415,Bistorta affinis (D. Don) E. Greene
4034001,native range,Asia,9ff7d317-609b-4c08-bd86-3bc404b77c42,141266381,Persicaria nepalensis (Meissn.) H. Gross
4036350,native range,Northern America,9ff7d317-609b-4c08-bd86-3bc404b77c42,168400528,Rumex salicifolius Weinm. var. triangulivalvis (Danser) Hickman
4036957,native range,Africa,9ff7d317-609b-4c08-bd86-3bc404b77c42,141266409,Rumex pulcher L. subsp. pulcher
4036957,native range,Eastern Asia,9ff7d317-609b-4c08-bd86-3bc404b77c42,141266409,Rumex pulcher L. subsp. pulcher
4036957,native range,Eastern Europe,9ff7d317-609b-4c08-bd86-3bc404b77c42,141266409,Rumex pulcher L. subsp. pulcher
4036957,native range,Europe,9ff7d317-609b-4c08-bd86-3bc404b77c42,141266409,Rumex pulcher L. subsp. pulcher
4046493,native range,Asia,9ff7d317-609b-4c08-bd86-3bc404b77c42,141264857,Polystichum tsus-simense J. Smith
4048052,native range,Eastern Asia,9ff7d317-609b-4c08-bd86-3bc404b77c42,141264801,Hippophae rhamnoides L. subsp. caucasica Rousi
4048052,native range,Eastern Europe,9ff7d317-609b-4c08-bd86-3bc404b77c42,141264801,Hippophae rhamnoides L. subsp. caucasica Rousi
4055853,native range,Eastern Asia,9ff7d317-609b-4c08-bd86-3bc404b77c42,141266844,Buddleja albiflora Hemsl.
4055853,native range,Eastern Europe,9ff7d317-609b-4c08-bd86-3bc404b77c42,141266844,Buddleja albiflora Hemsl.
4063383,native range,Eastern Asia,9ff7d317-609b-4c08-bd86-3bc404b77c42,141266337,Trachystemon orientalis (L.) G. Don f.
4063383,native range,Eastern Europe,9ff7d317-609b-4c08-bd86-3bc404b77c42,141266337,Trachystemon orientalis (L.) G. Don f.
4063383,native range,Europe,9ff7d317-609b-4c08-bd86-3bc404b77c42,141266337,Trachystemon orientalis (L.) G. Don f.
4064572,native range,Europe,9ff7d317-609b-4c08-bd86-3bc404b77c42,141266339,Cynoglossum clandestinum Desf.
4067112,native range,Eastern Asia,9ff7d317-609b-4c08-bd86-3bc404b77c42,168400523,Symphytum orientale L.
4067112,native range,Eastern Europe,9ff7d317-609b-4c08-bd86-3bc404b77c42,168400523,Symphytum orientale L.
4067112,native range,Europe,9ff7d317-609b-4c08-bd86-3bc404b77c42,168400523,Symphytum orientale L.
4067302,native range,Eastern Asia,9ff7d317-609b-4c08-bd86-3bc404b77c42,141266330,Symphytum grandiflorum DC.
4067302,native range,Eastern Europe,9ff7d317-609b-4c08-bd86-3bc404b77c42,141266330,Symphytum grandiflorum DC.
4067302,native range,Europe,9ff7d317-609b-4c08-bd86-3bc404b77c42,141266330,Symphytum grandiflorum DC.
4083707,native range,South America,9ff7d317-609b-4c08-bd86-3bc404b77c42,141264985,Glandularia aristigera (S. Moore) Tronc.
4086523,native range,South America,9ff7d317-609b-4c08-bd86-3bc404b77c42,163968233,Verbena incompta P.W. Michael
4088624,native range,Eastern Asia,9ff7d317-609b-4c08-bd86-3bc404b77c42,168400393,Limonium platyphyllum Lincz.
4088624,native range,Eastern Europe,9ff7d317-609b-4c08-bd86-3bc404b77c42,168400393,Limonium platyphyllum Lincz.
4088624,native range,Europe,9ff7d317-609b-4c08-bd86-3bc404b77c42,168400393,Limonium platyphyllum Lincz.
4090836,native range,Europe,9ff7d317-609b-4c08-bd86-3bc404b77c42,141264631,Armeria maritima Willd. subsp. elongata (Hoffmann) Bonnier
4095186,native range,Europe,9ff7d317-609b-4c08-bd86-3bc404b77c42,141267077,Valeriana pyrenaica L.
4095244,native range,Eastern Asia,9ff7d317-609b-4c08-bd86-3bc404b77c42,141267068,Valerianella vesicaria (L.) Moench
4095244,native range,Eastern Europe,9ff7d317-609b-4c08-bd86-3bc404b77c42,141267068,Valerianella vesicaria (L.) Moench
4095244,native range,Europe,9ff7d317-609b-4c08-bd86-3bc404b77c42,141267068,Valerianella vesicaria (L.) Moench
4102909,native range,Africa,9ff7d317-609b-4c08-bd86-3bc404b77c42,141267064,Lomelosia stellata (L.) Raf.
4102909,native range,Europe,9ff7d317-609b-4c08-bd86-3bc404b77c42,141267064,Lomelosia stellata (L.) Raf.
4102952,native range,Europe,9ff7d317-609b-4c08-bd86-3bc404b77c42,141267066,Knautia macedonica Griseb.
4104665,native range,Africa,9ff7d317-609b-4c08-bd86-3bc404b77c42,141265826,Trisetaria michelii (Savi) D. Heller
4104665,native range,Eastern Asia,9ff7d317-609b-4c08-bd86-3bc404b77c42,141265826,Trisetaria michelii (Savi) D. Heller
4104665,native range,Eastern Europe,9ff7d317-609b-4c08-bd86-3bc404b77c42,141265826,Trisetaria michelii (Savi) D. Heller
4104665,native range,Europe,9ff7d317-609b-4c08-bd86-3bc404b77c42,141265826,Trisetaria michelii (Savi) D. Heller
4104718,native range,Australia and New Zealand,9ff7d317-609b-4c08-bd86-3bc404b77c42,141265563,Austrostipa verticillata (Nees ex Spreng.) S.W.L. Jacobs & J. Everett
4104890,native range,Australia and New Zealand,9ff7d317-609b-4c08-bd86-3bc404b77c42,141265902,Austrostipa scabra (Lindl.) S.W.L. Jacobs & J. Everett subsp. falcata (Hughes) S.W.L. Jacobs & J. Everett
4105208,native range,Australia and New Zealand,9ff7d317-609b-4c08-bd86-3bc404b77c42,141265794,Austrostipa nitida (Summerh. & C.E. Hubbard) S.W.L. Jacobs & J. Everett
4105652,native range,Australia and New Zealand,9ff7d317-609b-4c08-bd86-3bc404b77c42,141265623,Amphibromus recurvatus Swallen
4105744,native range,Australia and New Zealand,9ff7d317-609b-4c08-bd86-3bc404b77c42,141265710,Austrodanthonia racemosa (R. Brown) H.P. Linder var. racemosa
4107552,native range,Americas,9ff7d317-609b-4c08-bd86-3bc404b77c42,141265706,Alopecurus magellanicus Lam.
4107552,native range,Asia,9ff7d317-609b-4c08-bd86-3bc404b77c42,141265706,Alopecurus magellanicus Lam.
4107552,native range,Europe,9ff7d317-609b-4c08-bd86-3bc404b77c42,141265706,Alopecurus magellanicus Lam.
4108297,native range,Australia and New Zealand,9ff7d317-609b-4c08-bd86-3bc404b77c42,141265896,Oxychloris scariosa (F. Muell.) Lazarides
4110879,native range,Australia and New Zealand,9ff7d317-609b-4c08-bd86-3bc404b77c42,141265815,Poa sieberiana Spreng.
4111606,native range,Africa,9ff7d317-609b-4c08-bd86-3bc404b77c42,141265663,Eragrostis rotifer Rendle
4113111,native range,Americas,9ff7d317-609b-4c08-bd86-3bc404b77c42,141265818,Vulpia octoflora (Walter) Rydberg
4113402,native range,Australia and New Zealand,9ff7d317-609b-4c08-bd86-3bc404b77c42,141265802,Panicum decompositum R. Brown
4113766,native range,Australia and New Zealand,9ff7d317-609b-4c08-bd86-3bc404b77c42,141265571,Eragrostis dielsii Pilger
4114502,native range,Africa,9ff7d317-609b-4c08-bd86-3bc404b77c42,308609308,Trisetaria panicea (Lam.) Paunero
4114502,native range,Eastern Asia,9ff7d317-609b-4c08-bd86-3bc404b77c42,308609308,Trisetaria panicea (Lam.) Paunero
4114502,native range,Eastern Europe,9ff7d317-609b-4c08-bd86-3bc404b77c42,308609308,Trisetaria panicea (Lam.) Paunero
4114502,native range,Europe,9ff7d317-609b-4c08-bd86-3bc404b77c42,308609308,Trisetaria panicea (Lam.) Paunero
4114858,native range,Eastern Asia,9ff7d317-609b-4c08-bd86-3bc404b77c42,163968252,Poa persica Trin.
4114858,native range,Eastern Europe,9ff7d317-609b-4c08-bd86-3bc404b77c42,163968252,Poa persica Trin.
4115425,native range,Africa,9ff7d317-609b-4c08-bd86-3bc404b77c42,141265888,Hordeum glaucum Steud.
4115425,native range,Eastern Asia,9ff7d317-609b-4c08-bd86-3bc404b77c42,141265888,Hordeum glaucum Steud.
4115425,native range,Eastern Europe,9ff7d317-609b-4c08-bd86-3bc404b77c42,141265888,Hordeum glaucum Steud.
4115425,native range,Europe,9ff7d317-609b-4c08-bd86-3bc404b77c42,141265888,Hordeum glaucum Steud.
4116709,native range,Australia and New Zealand,9ff7d317-609b-4c08-bd86-3bc404b77c42,141265806,Panicum laevinode Lindl.
4117648,native range,Africa,9ff7d317-609b-4c08-bd86-3bc404b77c42,141265675,Eragrostis bicolor Nees
4118753,native range,Africa,9ff7d317-609b-4c08-bd86-3bc404b77c42,141265667,Echinochloa jubata Stapf
4118773,native range,Australia and New Zealand,9ff7d317-609b-4c08-bd86-3bc404b77c42,141265694,Echinochloa inundata Michael & Vickery
4120602,native range,Eastern Asia,9ff7d317-609b-4c08-bd86-3bc404b77c42,141265788,Semiarundinaria fastuosa (Mitford) Makino
4120602,native range,Eastern Europe,9ff7d317-609b-4c08-bd86-3bc404b77c42,141265788,Semiarundinaria fastuosa (Mitford) Makino
4121049,native range,Africa,9ff7d317-609b-4c08-bd86-3bc404b77c42,141265718,Secale strictum (C. Presl) C. Presl
4121049,native range,Asia,9ff7d317-609b-4c08-bd86-3bc404b77c42,141265718,Secale strictum (C. Presl) C. Presl
4121049,native range,Europe,9ff7d317-609b-4c08-bd86-3bc404b77c42,141265718,Secale strictum (C. Presl) C. Presl
4121201,native range,Australia and New Zealand,9ff7d317-609b-4c08-bd86-3bc404b77c42,141265696,Rytidosperma thomsonii (Buchanan) Connor & Edgar
4121365,native range,Africa,9ff7d317-609b-4c08-bd86-3bc404b77c42,141265724,Vulpia ligustica (All.) Link
4121365,native range,Eastern Asia,9ff7d317-609b-4c08-bd86-3bc404b77c42,141265724,Vulpia ligustica (All.) Link
4121365,native range,Eastern Europe,9ff7d317-609b-4c08-bd86-3bc404b77c42,141265724,Vulpia ligustica (All.) Link
4121365,native range,Europe,9ff7d317-609b-4c08-bd86-3bc404b77c42,141265724,Vulpia ligustica (All.) Link
4121791,native range,Africa,9ff7d317-609b-4c08-bd86-3bc404b77c42,141265873,Molinia caerulea (L.) Moench subsp. arundinacea (Schrank) K. Richt.
4121791,native range,Eastern Asia,9ff7d317-609b-4c08-bd86-3bc404b77c42,141265873,Molinia caerulea (L.) Moench subsp. arundinacea (Schrank) K. Richt.
4121791,native range,Eastern Europe,9ff7d317-609b-4c08-bd86-3bc404b77c42,141265873,Molinia caerulea (L.) Moench subsp. arundinacea (Schrank) K. Richt.
4121791,native range,Europe,9ff7d317-609b-4c08-bd86-3bc404b77c42,141265873,Molinia caerulea (L.) Moench subsp. arundinacea (Schrank) K. Richt.
4122609,native range,Africa,9ff7d317-609b-4c08-bd86-3bc404b77c42,141265666,Bromus pectinatus Thunb.
4122609,native range,Asia,9ff7d317-609b-4c08-bd86-3bc404b77c42,141265666,Bromus pectinatus Thunb.
4122609,native range,Australia and New Zealand,9ff7d317-609b-4c08-bd86-3bc404b77c42,141265666,Bromus pectinatus Thunb.
4123394,native range,Europe,9ff7d317-609b-4c08-bd86-3bc404b77c42,141265838,Festuca ovina L. subsp. hirtula (Hack. & Travis) M.J. Wilkinson
4123970,native range,Europe,9ff7d317-609b-4c08-bd86-3bc404b77c42,141265639,Festuca gautieri (Hack.) K. Richt.
4124350,native range,Africa,9ff7d317-609b-4c08-bd86-3bc404b77c42,141265878,Eleusine coracana subsp. africana (Kennedy-O’Byrne) Hilu & de Wet
4124881,native range,Europe,9ff7d317-609b-4c08-bd86-3bc404b77c42,141265660,Bromus hordeaceus L. subsp. pseudothominei (P.M. Smith) H. Scholz
4125110,native range,Africa,9ff7d317-609b-4c08-bd86-3bc404b77c42,141265720,Harpachne schimperi A. Rich.
4125110,native range,Eastern Asia,9ff7d317-609b-4c08-bd86-3bc404b77c42,141265720,Harpachne schimperi A. Rich.
4125110,native range,Eastern Europe,9ff7d317-609b-4c08-bd86-3bc404b77c42,141265720,Harpachne schimperi A. Rich.
4125308,native range,Africa,9ff7d317-609b-4c08-bd86-3bc404b77c42,141265916,Panicum schinzii Hack.
4125808,native range,Europe,9ff7d317-609b-4c08-bd86-3bc404b77c42,141265683,Thinopyrum elongatum (Host) D.R. Dewey in Gustafson
4126800,native range,Africa,9ff7d317-609b-4c08-bd86-3bc404b77c42,141265850,Aristida hordeacea Kunth
4127352,native range,Eastern Asia,9ff7d317-609b-4c08-bd86-3bc404b77c42,141265870,Sasaella ramosa (Makino) Makino
4127352,native range,Eastern Europe,9ff7d317-609b-4c08-bd86-3bc404b77c42,141265870,Sasaella ramosa (Makino) Makino
4127831,native range,Africa,9ff7d317-609b-4c08-bd86-3bc404b77c42,141265739,Stipa pennata L. s.l.
4127831,native range,Eastern Asia,9ff7d317-609b-4c08-bd86-3bc404b77c42,141265739,Stipa pennata L. s.l.
4127831,native range,Eastern Europe,9ff7d317-609b-4c08-bd86-3bc404b77c42,141265739,Stipa pennata L. s.l.
4127831,native range,Europe,9ff7d317-609b-4c08-bd86-3bc404b77c42,141265739,Stipa pennata L. s.l.
4128347,native range,Africa,9ff7d317-609b-4c08-bd86-3bc404b77c42,141265714,Bromus intermedius Guss.
4128347,native range,Eastern Asia,9ff7d317-609b-4c08-bd86-3bc404b77c42,141265714,Bromus intermedius Guss.
4128347,native range,Eastern Europe,9ff7d317-609b-4c08-bd86-3bc404b77c42,141265714,Bromus intermedius Guss.
4128347,native range,Europe,9ff7d317-609b-4c08-bd86-3bc404b77c42,141265714,Bromus intermedius Guss.
4128792,native range,Africa,9ff7d317-609b-4c08-bd86-3bc404b77c42,141265659,Aristida congesta Roem. & Schult.
4128792,native range,Eastern Asia,9ff7d317-609b-4c08-bd86-3bc404b77c42,141265659,Aristida congesta Roem. & Schult.
4128792,native range,Eastern Europe,9ff7d317-609b-4c08-bd86-3bc404b77c42,141265659,Aristida congesta Roem. & Schult.
4128881,native range,South America,9ff7d317-609b-4c08-bd86-3bc404b77c42,141265615,Vulpia antucensis Trin.
4129351,native range,Africa,9ff7d317-609b-4c08-bd86-3bc404b77c42,141265738,Vulpia alopecuros (Schousb.) Dum.
4129351,native range,Europe,9ff7d317-609b-4c08-bd86-3bc404b77c42,141265738,Vulpia alopecuros (Schousb.) Dum.
4129708,native range,Africa,9ff7d317-609b-4c08-bd86-3bc404b77c42,141265810,Lolium multiflorum Lam.
4129708,native range,Eastern Asia,9ff7d317-609b-4c08-bd86-3bc404b77c42,141265810,Lolium multiflorum Lam.
4129708,native range,Eastern Europe,9ff7d317-609b-4c08-bd86-3bc404b77c42,141265810,Lolium multiflorum Lam.
4129708,native range,Europe,9ff7d317-609b-4c08-bd86-3bc404b77c42,141265810,Lolium multiflorum Lam.
4130246,native range,Africa,9ff7d317-609b-4c08-bd86-3bc404b77c42,141265830,Stipagrostis pungens (Desf.) De Winter
4131042,native range,Europe,9ff7d317-609b-4c08-bd86-3bc404b77c42,141265752,Bromus hordeaceus L. subsp. longipedicellatus L.M. Spalton
4131963,native range,Africa,9ff7d317-609b-4c08-bd86-3bc404b77c42,141265602,Digitaria acuminatissima Stapf
4132112,native range,Americas,9ff7d317-609b-4c08-bd86-3bc404b77c42,141265633,Dinebra panicea (Retz.) P.M. Peterson & N. Snow var. brachiata (Steud.) P.M. Peterson & N. Snow
4132188,native range,Eastern Asia,9ff7d317-609b-4c08-bd86-3bc404b77c42,141265643,Pleioblastus pumilus (Mitford) Nakai
4132188,native range,Eastern Europe,9ff7d317-609b-4c08-bd86-3bc404b77c42,141265643,Pleioblastus pumilus (Mitford) Nakai
4132902,native range,Australia and New Zealand,9ff7d317-609b-4c08-bd86-3bc404b77c42,141265883,Dinebra decipiens var. peacockii (Maiden & Betche) P.M. Peterson & N. Snow
4134265,native range,Australia and New Zealand,9ff7d317-609b-4c08-bd86-3bc404b77c42,308609306,Anthosachne scabra (R.Br.) Nevski
4134508,native range,Australia and New Zealand,9ff7d317-609b-4c08-bd86-3bc404b77c42,141265614,Eriochloa cf. crebra S.T. Blake
4134633,native range,Australia and New Zealand,9ff7d317-609b-4c08-bd86-3bc404b77c42,141265885,Eriochloa australiensis Stapf ex Thell.
4135683,native range,Australia and New Zealand,9ff7d317-609b-4c08-bd86-3bc404b77c42,141265697,Austrodanthonia setacea (R. Brown) H.P. Linder
4135892,native range,Africa,9ff7d317-609b-4c08-bd86-3bc404b77c42,308609307,Lachnagrostis lachnantha (Nees) Rúgolo & A.M.Molina
4135963,native range,Australia and New Zealand,9ff7d317-609b-4c08-bd86-3bc404b77c42,141265671,Lachnagrostis filiformis (G. Forst.) Trin.
4136060,native range,Australia and New Zealand,9ff7d317-609b-4c08-bd86-3bc404b77c42,141265765,Lachnagrostis billardieri (R. Brown) Trin.
4136338,native range,Australia and New Zealand,9ff7d317-609b-4c08-bd86-3bc404b77c42,141265561,Notodanthonia gracilis (Hook. f.) Zotov
4136390,native range,Africa,9ff7d317-609b-4c08-bd86-3bc404b77c42,141265585,Aeluropus littoralis (Gouan) Parl.
4136390,native range,Eastern Asia,9ff7d317-609b-4c08-bd86-3bc404b77c42,141265585,Aeluropus littoralis (Gouan) Parl.
4136390,native range,Eastern Europe,9ff7d317-609b-4c08-bd86-3bc404b77c42,141265585,Aeluropus littoralis (Gouan) Parl.
4136390,native range,Europe,9ff7d317-609b-4c08-bd86-3bc404b77c42,141265585,Aeluropus littoralis (Gouan) Parl.
4136695,native range,Australia and New Zealand,9ff7d317-609b-4c08-bd86-3bc404b77c42,141265762,Bothriochloa macra (Steud.) S.T. Blake
4137839,native range,Eastern Asia,9ff7d317-609b-4c08-bd86-3bc404b77c42,141265757,Koeleria glauca (Spreng.) DC.
4137839,native range,Eastern Europe,9ff7d317-609b-4c08-bd86-3bc404b77c42,141265757,Koeleria glauca (Spreng.) DC.
4137839,native range,Europe,9ff7d317-609b-4c08-bd86-3bc404b77c42,141265757,Koeleria glauca (Spreng.) DC.
4138275,native range,Northern America,9ff7d317-609b-4c08-bd86-3bc404b77c42,141265915,Zuloagaea bulbosa (Kunth) Bess
4138669,native range,Eastern Asia,9ff7d317-609b-4c08-bd86-3bc404b77c42,141265701,Pholiurus pannonicus (Host) Trin.
4138669,native range,Eastern Europe,9ff7d317-609b-4c08-bd86-3bc404b77c42,141265701,Pholiurus pannonicus (Host) Trin.
4138669,native range,Europe,9ff7d317-609b-4c08-bd86-3bc404b77c42,141265701,Pholiurus pannonicus (Host) Trin.
4139037,native range,South America,9ff7d317-609b-4c08-bd86-3bc404b77c42,141265658,Eragrostis virescens J. Presl subsp. virescens
4139625,native range,Europe,9ff7d317-609b-4c08-bd86-3bc404b77c42,141265583,Phleum hirsutum Honck.
4139846,native range,Eastern Asia,9ff7d317-609b-4c08-bd86-3bc404b77c42,141265604,Phleum exaratum Griseb.
4139846,native range,Eastern Europe,9ff7d317-609b-4c08-bd86-3bc404b77c42,141265604,Phleum exaratum Griseb.
4139846,native range,Europe,9ff7d317-609b-4c08-bd86-3bc404b77c42,141265604,Phleum exaratum Griseb.
4139894,native range,Africa,9ff7d317-609b-4c08-bd86-3bc404b77c42,141265622,Phleum echinatum Host
4139894,native range,Eastern Asia,9ff7d317-609b-4c08-bd86-3bc404b77c42,141265622,Phleum echinatum Host
4139894,native range,Eastern Europe,9ff7d317-609b-4c08-bd86-3bc404b77c42,141265622,Phleum echinatum Host
4139894,native range,Europe,9ff7d317-609b-4c08-bd86-3bc404b77c42,141265622,Phleum echinatum Host
4142153,native range,Africa,9ff7d317-609b-4c08-bd86-3bc404b77c42,141265572,Desmazeria sicula (Jacq.) Dum.
4142153,native range,Eastern Asia,9ff7d317-609b-4c08-bd86-3bc404b77c42,141265572,Desmazeria sicula (Jacq.) Dum.
4142153,native range,Eastern Europe,9ff7d317-609b-4c08-bd86-3bc404b77c42,141265572,Desmazeria sicula (Jacq.) Dum.
4142153,native range,Europe,9ff7d317-609b-4c08-bd86-3bc404b77c42,141265572,Desmazeria sicula (Jacq.) Dum.
4142326,native range,Europe,9ff7d317-609b-4c08-bd86-3bc404b77c42,141265722,Achnatherum calamagrostis (L.) Beauv.
4142335,native range,Europe,9ff7d317-609b-4c08-bd86-3bc404b77c42,141265725,Stipa bromoides (L.) Dörfl.
4142399,native range,Africa,9ff7d317-609b-4c08-bd86-3bc404b77c42,141265897,Eragrostis procumbens Nees
4142741,native range,Africa,9ff7d317-609b-4c08-bd86-3bc404b77c42,141265606,Eragrostis planiculmis Nees
4143386,native range,Africa,9ff7d317-609b-4c08-bd86-3bc404b77c42,141265906,Eragrostis papposa (Duf.) Steud.
4143386,native range,Eastern Asia,9ff7d317-609b-4c08-bd86-3bc404b77c42,141265906,Eragrostis papposa (Duf.) Steud.
4143386,native range,Eastern Europe,9ff7d317-609b-4c08-bd86-3bc404b77c42,141265906,Eragrostis papposa (Duf.) Steud.
4143386,native range,Europe,9ff7d317-609b-4c08-bd86-3bc404b77c42,141265906,Eragrostis papposa (Duf.) Steud.
4143702,native range,Africa,9ff7d317-609b-4c08-bd86-3bc404b77c42,141265601,Eragrostis obtusa (Munro ex Ficalho) Hiern
4143852,native range,Asia,9ff7d317-609b-4c08-bd86-3bc404b77c42,141265869,Eragrostis nigra Nees ex Steud.
4143912,native range,South America,9ff7d317-609b-4c08-bd86-3bc404b77c42,141265787,Eragrostis neesii Trin.
4145354,native range,Australia and New Zealand,9ff7d317-609b-4c08-bd86-3bc404b77c42,141265735,Eragrostis leptocarpa Benth.
4146512,native range,Australia and New Zealand,9ff7d317-609b-4c08-bd86-3bc404b77c42,141265662,Puccinellia stricta (Hook. f.) C. Blom
4146851,native range,Africa,9ff7d317-609b-4c08-bd86-3bc404b77c42,141265769,Pentameris airoides Nees
4148661,native range,South America,9ff7d317-609b-4c08-bd86-3bc404b77c42,141265908,Hordeum flexuosum Steud.
4148721,native range,South America,9ff7d317-609b-4c08-bd86-3bc404b77c42,141265858,Hordeum euclaston Steud.
4149167,native range,South America,9ff7d317-609b-4c08-bd86-3bc404b77c42,141265598,Hordeum comosum J. Presl
4149175,native range,Australia and New Zealand,9ff7d317-609b-4c08-bd86-3bc404b77c42,141265783,Eragrostis brownii (Kunth) Nees ex Wight
4150636,native range,Australia and New Zealand,9ff7d317-609b-4c08-bd86-3bc404b77c42,141265644,Eragrostis alveiformis Lazarides
4151306,native range,Australia and New Zealand,9ff7d317-609b-4c08-bd86-3bc404b77c42,141265631,Sporobolus caroli Mez
4152037,native range,Europe,9ff7d317-609b-4c08-bd86-3bc404b77c42,141265664,Helictotrichon sempervirens (Vill.) Pilger
4152153,native range,Africa,9ff7d317-609b-4c08-bd86-3bc404b77c42,141265616,Enneapogon scaber Lehm.
4152259,native range,Africa,9ff7d317-609b-4c08-bd86-3bc404b77c42,141265900,Sporobolus africanus (Poiret) Robyns & Tournay
4152259,native range,Asia,9ff7d317-609b-4c08-bd86-3bc404b77c42,141265900,Sporobolus africanus (Poiret) Robyns & Tournay
4154206,native range,South America,9ff7d317-609b-4c08-bd86-3bc404b77c42,141265842,Polypogon rioplatensis Herter
4154259,native range,Americas,9ff7d317-609b-4c08-bd86-3bc404b77c42,141265640,Paspalum notatum Flueggé var. saurae (Parodi) Parodi
4154800,native range,Europe,9ff7d317-609b-4c08-bd86-3bc404b77c42,141265925,Avena brevis Roth
4155246,native range,Africa,9ff7d317-609b-4c08-bd86-3bc404b77c42,141265784,Moorochloa eruciformis (Smith) Veldkamp
4155246,native range,Asia,9ff7d317-609b-4c08-bd86-3bc404b77c42,141265784,Moorochloa eruciformis (Smith) Veldkamp
4155246,native range,Europe,9ff7d317-609b-4c08-bd86-3bc404b77c42,141265784,Moorochloa eruciformis (Smith) Veldkamp
4194303,native range,Northern America,9ff7d317-609b-4c08-bd86-3bc404b77c42,141264873,Ribes odoratum H.L. Wendl.
4201695,native range,Eastern Asia,9ff7d317-609b-4c08-bd86-3bc404b77c42,141265041,Sedum hybridum L.
4201695,native range,Eastern Europe,9ff7d317-609b-4c08-bd86-3bc404b77c42,141265041,Sedum hybridum L.
4202184,native range,Europe,9ff7d317-609b-4c08-bd86-3bc404b77c42,141265043,Sedum anacampseros L.
4205640,native range,Eastern Asia,9ff7d317-609b-4c08-bd86-3bc404b77c42,168400451,Juglans mandshurica Maxim. (s.l.)
4205640,native range,Eastern Europe,9ff7d317-609b-4c08-bd86-3bc404b77c42,168400451,Juglans mandshurica Maxim. (s.l.)
4207403,native range,Eastern Asia,9ff7d317-609b-4c08-bd86-3bc404b77c42,141265228,Centaurea solstitialis L. subsp. adamii (Willd.) Nyman
4207403,native range,Eastern Europe,9ff7d317-609b-4c08-bd86-3bc404b77c42,141265228,Centaurea solstitialis L. subsp. adamii (Willd.) Nyman
4207403,native range,Europe,9ff7d317-609b-4c08-bd86-3bc404b77c42,141265228,Centaurea solstitialis L. subsp. adamii (Willd.) Nyman
4210773,native range,Europe,9ff7d317-609b-4c08-bd86-3bc404b77c42,141265135,Carduus vivariensis Jord.
4211590,native range,Eastern Asia,9ff7d317-609b-4c08-bd86-3bc404b77c42,141265187,Cicerbita macrophylla (Willd.) Wallr. subsp. uralensis (Rouy) P.D. Sell
4211590,native range,Eastern Europe,9ff7d317-609b-4c08-bd86-3bc404b77c42,141265187,Cicerbita macrophylla (Willd.) Wallr. subsp. uralensis (Rouy) P.D. Sell
4211590,native range,Europe,9ff7d317-609b-4c08-bd86-3bc404b77c42,141265187,Cicerbita macrophylla (Willd.) Wallr. subsp. uralensis (Rouy) P.D. Sell
4219118,native range,Europe,9ff7d317-609b-4c08-bd86-3bc404b77c42,141265155,Hieracium glaucinum Jord. subsp. recensitum (Jord. ex Boreau) Gottschlich
4230874,native range,Europe,9ff7d317-609b-4c08-bd86-3bc404b77c42,141265262,Doronicum x willdenowii (Rouy) A.W. Hill
4233822,native range,Australia and New Zealand,9ff7d317-609b-4c08-bd86-3bc404b77c42,141265185,Brachycome heterodonta DC.
4243464,native range,Europe,9ff7d317-609b-4c08-bd86-3bc404b77c42,141265145,Hieracium speciosum Willd. ex Hornem.
4245384,native range,Eastern Asia,9ff7d317-609b-4c08-bd86-3bc404b77c42,141265249,Crepis setosa Haller f.
4245384,native range,Eastern Europe,9ff7d317-609b-4c08-bd86-3bc404b77c42,141265249,Crepis setosa Haller f.
4245384,native range,Europe,9ff7d317-609b-4c08-bd86-3bc404b77c42,141265249,Crepis setosa Haller f.
4248063,native range,Europe,9ff7d317-609b-4c08-bd86-3bc404b77c42,141265112,Hieracium amplexicaule L. subsp. speluncarum (Arv.-Touv.) Zahn
4250676,native range,Africa,9ff7d317-609b-4c08-bd86-3bc404b77c42,148437420,Sonchus asper (L.) Hill subsp. glaucescens (Jord.) Ball
4250676,native range,Eastern Asia,9ff7d317-609b-4c08-bd86-3bc404b77c42,148437420,Sonchus asper (L.) Hill subsp. glaucescens (Jord.) Ball
4250676,native range,Eastern Europe,9ff7d317-609b-4c08-bd86-3bc404b77c42,148437420,Sonchus asper (L.) Hill subsp. glaucescens (Jord.) Ball
4250676,native range,Europe,9ff7d317-609b-4c08-bd86-3bc404b77c42,148437420,Sonchus asper (L.) Hill subsp. glaucescens (Jord.) Ball
4255472,native range,Northern America,9ff7d317-609b-4c08-bd86-3bc404b77c42,141265124,Rudbeckia amplexicaulis Vahl
4259350,native range,Eastern Asia,9ff7d317-609b-4c08-bd86-3bc404b77c42,141266490,Tilia tomentosa Moench
4259350,native range,Eastern Europe,9ff7d317-609b-4c08-bd86-3bc404b77c42,141266490,Tilia tomentosa Moench
4259350,native range,Europe,9ff7d317-609b-4c08-bd86-3bc404b77c42,141266490,Tilia tomentosa Moench
4264680,native range,South America,1738f272-6b5d-4f43-9a92-453a8c5ea50a,146042157,Myocastor coypus (Molina 1782)
4270548,native range,Africa,9ff7d317-609b-4c08-bd86-3bc404b77c42,141265645,Hordeum leporinum Link
4270548,native range,Eastern Asia,9ff7d317-609b-4c08-bd86-3bc404b77c42,141265645,Hordeum leporinum Link
4270548,native range,Eastern Europe,9ff7d317-609b-4c08-bd86-3bc404b77c42,141265645,Hordeum leporinum Link
4270548,native range,Europe,9ff7d317-609b-4c08-bd86-3bc404b77c42,141265645,Hordeum leporinum Link
4270675,native range,Northern America,9ff7d317-609b-4c08-bd86-3bc404b77c42,141265914,Echinochloa muricata (Beauv.) Fernald var. muricata
4271356,native range,Eastern Asia,9ff7d317-609b-4c08-bd86-3bc404b77c42,141266067,Heracleum sibiricum L.
4271356,native range,Eastern Europe,9ff7d317-609b-4c08-bd86-3bc404b77c42,141266067,Heracleum sibiricum L.
4271356,native range,Europe,9ff7d317-609b-4c08-bd86-3bc404b77c42,141266067,Heracleum sibiricum L.
4285694,native range,Africa,98940a79-2bf1-46e6-afd6-ba2e85a26f9f,141117251,"Oreochromis niloticus (Linnaeus, 1758)"
4285968,native range,Eastern Europe,98940a79-2bf1-46e6-afd6-ba2e85a26f9f,141117233,Ponticola kessleri (Günther 1861)
4286942,native range,Asia,98940a79-2bf1-46e6-afd6-ba2e85a26f9f,141117240,"Carassius auratus (Linnaeus, 1758)"
4286975,native range,Eastern Europe,98940a79-2bf1-46e6-afd6-ba2e85a26f9f,141117232,"Cyprinus carpio Linnaeus, 1758"
4287131,native range,Asia,98940a79-2bf1-46e6-afd6-ba2e85a26f9f,141117234,"Acipenser baerii Brandt, 1869"
4309705,native range,Southern Europe,22211949-9a6e-445f-86c0-6a0e019bc055,181972000,"Atyaephyra desmarestii (Millet, 1831)"
4314683,native range,Asia,22211949-9a6e-445f-86c0-6a0e019bc055,181971959,"Chelicorophium curvispinum (G.O.Sars, 1895)"
4314683,native range,Eastern Europe,289244ee-e1c1-49aa-b2d7-d379391ce265,140562992,Chelicorophium curvispinum
4314702,native range,Australia and New Zealand,289244ee-e1c1-49aa-b2d7-d379391ce265,140562993,Monocorophium sextonae
4315705,native range,Eastern Europe,289244ee-e1c1-49aa-b2d7-d379391ce265,140562998,Dikerogammarus villosus
4344674,native range,Eastern Europe,289244ee-e1c1-49aa-b2d7-d379391ce265,140562918,Dendrocoelum romanodanubiale
4352332,native range,Africa,e1c3be64-2799-4342-8312-49d076993132,159498333,"Phoenicopterus roseus Pallas, 1811"
4352332,native range,Southern Asia,e1c3be64-2799-4342-8312-49d076993132,159498333,"Phoenicopterus roseus Pallas, 1811"
4352332,native range,Southern Europe,e1c3be64-2799-4342-8312-49d076993132,159498333,"Phoenicopterus roseus Pallas, 1811"
4352332,native range,Western Asia,e1c3be64-2799-4342-8312-49d076993132,159498333,"Phoenicopterus roseus Pallas, 1811"
4363583,native range,Asia,1738f272-6b5d-4f43-9a92-453a8c5ea50a,146042441,Rapana venosa (Valenciennes 1846)
4382841,native range,Asia,22211949-9a6e-445f-86c0-6a0e019bc055,181972004,"Hemigrapsus takanoi Asakura & Watanabe, 2005"
4382841,native range,Northern America,289244ee-e1c1-49aa-b2d7-d379391ce265,140563010,Hemigrapsus takanoi
4409643,native range,Asia,1738f272-6b5d-4f43-9a92-453a8c5ea50a,146042373,"Leuciscus idus (Linnaeus, 1758)"
4409643,native range,Europe,1738f272-6b5d-4f43-9a92-453a8c5ea50a,146042373,"Leuciscus idus (Linnaeus, 1758)"
4410056,native range,Eastern Europe,289244ee-e1c1-49aa-b2d7-d379391ce265,140562901,Psammoryctides moravicus
4410088,native range,Northern America,289244ee-e1c1-49aa-b2d7-d379391ce265,140562897,Quistadrilus multisetosus
4410150,native range,Asia,289244ee-e1c1-49aa-b2d7-d379391ce265,140562903,Monopylephorus limosus
4410150,native range,Southern Asia,22211949-9a6e-445f-86c0-6a0e019bc055,181972041,"Monopylephorus limosus (Hatai, 1898)"
4416920,native range,Eastern Europe,289244ee-e1c1-49aa-b2d7-d379391ce265,140562990,Synurella ambulans
4417132,native range,Eastern Europe,289244ee-e1c1-49aa-b2d7-d379391ce265,140563000,Echinogammarus trichiatus
4486365,native range,Australia and New Zealand,1f3505cd-5d98-4e23-bd3b-ffe59d05d7c2,164301116,"Nysius huttoni FB White, 1878"
4487370,native range,Northern America,1f3505cd-5d98-4e23-bd3b-ffe59d05d7c2,164301122,"Tropidosteptes pacificus (Van Duzee, 1921)"
4549071,native range,Southern Europe,1f3505cd-5d98-4e23-bd3b-ffe59d05d7c2,164301000,Varroa jacobsoni
4550810,native range,Australia and New Zealand,1f3505cd-5d98-4e23-bd3b-ffe59d05d7c2,164301091,"Cryptachaea veruculata (Urquhart, 1886)"
4559541,native range,Asia,289244ee-e1c1-49aa-b2d7-d379391ce265,140562938,Sinanodonta woodiana
4561827,native range,Southern Europe,e082b10e-476f-43c1-aa61-f8d92f33029a,157062928,"Cochlostoma septemspirale (Razoumowsky, 1789)"
4561827,native range,Western Europe,e082b10e-476f-43c1-aa61-f8d92f33029a,157062928,"Cochlostoma septemspirale (Razoumowsky, 1789)"
4562566,native range,Europe,1738f272-6b5d-4f43-9a92-453a8c5ea50a,146042436,"Aegopinella nitens (Michaud, 1831)"
4562917,native range,Southern Europe,e082b10e-476f-43c1-aa61-f8d92f33029a,157063108,"Cochlicella acuta (O.F. Müller, 1774)"
4564944,native range,Western Europe,e082b10e-476f-43c1-aa61-f8d92f33029a,157063235,"Xerosecta cespitum (Draparnaud, 1801)"
4565039,native range,Eastern Europe,e082b10e-476f-43c1-aa61-f8d92f33029a,157063054,"Hygromia cinctella (Draparnaud, 1801)"
4565039,native range,Southern Europe,e082b10e-476f-43c1-aa61-f8d92f33029a,157063054,"Hygromia cinctella (Draparnaud, 1801)"
4565039,native range,Western Europe,e082b10e-476f-43c1-aa61-f8d92f33029a,157063054,"Hygromia cinctella (Draparnaud, 1801)"
4565061,native range,Europe,1738f272-6b5d-4f43-9a92-453a8c5ea50a,146042438,"Cernuella neglecta (Draparnaud, 1805)"
4565061,native range,Southern Europe,e082b10e-476f-43c1-aa61-f8d92f33029a,157063180,"Cernuella neglecta (Draparnaud, 1805)"
4565061,native range,Western Europe,e082b10e-476f-43c1-aa61-f8d92f33029a,157063180,"Cernuella neglecta (Draparnaud, 1805)"
4565134,native range,Western Europe,e082b10e-476f-43c1-aa61-f8d92f33029a,157063120,"Cernuella aginnica (Locard, 1882)"
4565140,native range,Europe,1738f272-6b5d-4f43-9a92-453a8c5ea50a,181974250,"Cernuella cisalpina (Rossmässler, 1837)"
4565140,native range,Southern Europe,e082b10e-476f-43c1-aa61-f8d92f33029a,157063191,"Cernuella cisalpina (Rossmässler, 1837)"
4567449,native range,Southern Europe,e082b10e-476f-43c1-aa61-f8d92f33029a,157062955,"Gittenbergia sororcula (Benoit, 1859)"
4567449,native range,Western Europe,e082b10e-476f-43c1-aa61-f8d92f33029a,157062955,"Gittenbergia sororcula (Benoit, 1859)"
4567717,native range,Europe,1738f272-6b5d-4f43-9a92-453a8c5ea50a,146042402,Boettgerilla pallens Simroth 1912
4567717,native range,Western Asia,e082b10e-476f-43c1-aa61-f8d92f33029a,157063252,"Boettgerilla pallens Simroth, 1912"
4568269,native range,Australia and New Zealand,e082b10e-476f-43c1-aa61-f8d92f33029a,157062984,"Paralaoma servilis (Shuttleworth, 1852)"
4598225,native range,Eastern Europe,e082b10e-476f-43c1-aa61-f8d92f33029a,157063014,"Tandonia budapestensis (Hazay, 1880)"
4598225,native range,Southern Europe,e082b10e-476f-43c1-aa61-f8d92f33029a,157063014,"Tandonia budapestensis (Hazay, 1880)"
4598226,native range,Europe,1738f272-6b5d-4f43-9a92-453a8c5ea50a,146042413,"Tandonia sowerbyi (A. Férussac, 1823)"
4812260,native range,Africa,289244ee-e1c1-49aa-b2d7-d379391ce265,140562895,Branchiodrilus hortensis
4812260,native range,Asia,289244ee-e1c1-49aa-b2d7-d379391ce265,140562895,Branchiodrilus hortensis
4812260,native range,Australia and New Zealand,289244ee-e1c1-49aa-b2d7-d379391ce265,140562895,Branchiodrilus hortensis
4845776,native range,Southeastern Asia,e1c3be64-2799-4342-8312-49d076993132,159498722,"Lonchura oryzivora (Linnaeus, 1758)"
4925890,native range,Eastern Asia,9ff7d317-609b-4c08-bd86-3bc404b77c42,141266290,Acer tataricum L. subsp. ginnala (Maxim.) Wesm.
4925890,native range,Eastern Europe,9ff7d317-609b-4c08-bd86-3bc404b77c42,141266290,Acer tataricum L. subsp. ginnala (Maxim.) Wesm.
4926336,native range,Eastern Asia,9ff7d317-609b-4c08-bd86-3bc404b77c42,141265079,Anaphalis margaritacea (L.) Benth.
4926336,native range,Eastern Europe,9ff7d317-609b-4c08-bd86-3bc404b77c42,141265079,Anaphalis margaritacea (L.) Benth.
4926336,native range,Northern America,9ff7d317-609b-4c08-bd86-3bc404b77c42,141265079,Anaphalis margaritacea (L.) Benth.
4926534,native range,Northern America,9ff7d317-609b-4c08-bd86-3bc404b77c42,148437423,Sibbaldiopsis tridentata (Aiton) Rydb.
4930999,native range,Eastern Asia,9ff7d317-609b-4c08-bd86-3bc404b77c42,141266213,Amethystea caerulea L.
4930999,native range,Eastern Europe,9ff7d317-609b-4c08-bd86-3bc404b77c42,141266213,Amethystea caerulea L.
4932232,native range,Europe,9ff7d317-609b-4c08-bd86-3bc404b77c42,141265836,Dactylis polygama Horv.
4932431,native range,Africa,9ff7d317-609b-4c08-bd86-3bc404b77c42,141265758,Crithopsis delileana (Schult.) Roshev.
4932431,native range,Eastern Asia,9ff7d317-609b-4c08-bd86-3bc404b77c42,141265758,Crithopsis delileana (Schult.) Roshev.
4932431,native range,Eastern Europe,9ff7d317-609b-4c08-bd86-3bc404b77c42,141265758,Crithopsis delileana (Schult.) Roshev.
4932431,native range,Europe,9ff7d317-609b-4c08-bd86-3bc404b77c42,141265758,Crithopsis delileana (Schult.) Roshev.
4933624,native range,Eastern Asia,9ff7d317-609b-4c08-bd86-3bc404b77c42,141265220,Inula racemosa Hook.
4933624,native range,Eastern Europe,9ff7d317-609b-4c08-bd86-3bc404b77c42,141265220,Inula racemosa Hook.
4934102,native range,Africa,9ff7d317-609b-4c08-bd86-3bc404b77c42,141266453,Erodium salzmannii Delile
4934102,native range,Europe,9ff7d317-609b-4c08-bd86-3bc404b77c42,141266453,Erodium salzmannii Delile
4938160,native range,Eastern Asia,9ff7d317-609b-4c08-bd86-3bc404b77c42,141264920,Berberis gagnepainii C.K. Schneider
4938160,native range,Eastern Europe,9ff7d317-609b-4c08-bd86-3bc404b77c42,141264920,Berberis gagnepainii C.K. Schneider
4939668,native range,Europe,9ff7d317-609b-4c08-bd86-3bc404b77c42,141266501,Kitaibela vitifolia Willd.
4989894,native range,Northern America,1f3505cd-5d98-4e23-bd3b-ffe59d05d7c2,164301265,"Hippodamia convergens Guérin-Meneville, 1842"
4989904,native range,Asia,1f3505cd-5d98-4e23-bd3b-ffe59d05d7c2,164301267,"Harmonia axyridis (Pallas, 1773)"
4990175,native range,Australia and New Zealand,1f3505cd-5d98-4e23-bd3b-ffe59d05d7c2,164301263,Rhyzobius lophantae (Blaisdell)
4990176,native range,Australia and New Zealand,1f3505cd-5d98-4e23-bd3b-ffe59d05d7c2,164301262,"Rhyzobius forestieri (Mulsant, 1853)"
5041466,native range,Northern America,1f3505cd-5d98-4e23-bd3b-ffe59d05d7c2,301214002,"Sceliphron caementarium (Drury, 1773)"
5073820,native range,Asia,1f3505cd-5d98-4e23-bd3b-ffe59d05d7c2,164301099,"Drosophila suzukii (Matsumura, 1931)"
5104748,native range,Northern America,1f3505cd-5d98-4e23-bd3b-ffe59d05d7c2,164301145,"Cameraria gaultheriella (Walsingham, 1889)"
5108665,native range,Americas,1f3505cd-5d98-4e23-bd3b-ffe59d05d7c2,164301162,"Callopistria floridensis Guenée, 1852"
5156102,native range,Northern America,1f3505cd-5d98-4e23-bd3b-ffe59d05d7c2,164301113,"Leptoglossus occidentalis Heidemann, 1910"
5166487,native range,Africa,289244ee-e1c1-49aa-b2d7-d379391ce265,140562982,Megabalanus tintinnabulum
5166487,native range,Australia and New Zealand,289244ee-e1c1-49aa-b2d7-d379391ce265,140562982,Megabalanus tintinnabulum
5166487,native range,Western Africa,289244ee-e1c1-49aa-b2d7-d379391ce265,140562982,Megabalanus tintinnabulum
5166489,native range,South America,289244ee-e1c1-49aa-b2d7-d379391ce265,140562981,Megabalanus coccopoma
5170395,native range,South America,1f3505cd-5d98-4e23-bd3b-ffe59d05d7c2,164301056,"Phoneutria boliviensis (F. O. Pickard-Cambridge, 1897)"
5177089,native range,Eastern Europe,289244ee-e1c1-49aa-b2d7-d379391ce265,140562968,Jaera istri
5177825,native range,Northern America,289244ee-e1c1-49aa-b2d7-d379391ce265,140562995,Incisocalliope aestuarius
5188971,native range,Northern America,289244ee-e1c1-49aa-b2d7-d379391ce265,140562951,Rangia cuneata
5189032,native range,Asia,289244ee-e1c1-49aa-b2d7-d379391ce265,140562942,Corbicula fluminalis
5189713,native range,Northern America,289244ee-e1c1-49aa-b2d7-d379391ce265,140562957,Menetus dilatatus
5189806,native range,Northern America,289244ee-e1c1-49aa-b2d7-d379391ce265,140562954,Physella acuta
5190912,native range,Southern Europe,e082b10e-476f-43c1-aa61-f8d92f33029a,157062974,"Testacella haliotidea Draparnaud, 1801"
5192470,native range,Australia and New Zealand,289244ee-e1c1-49aa-b2d7-d379391ce265,140562926,Potamopyrgus antipodarum
5192789,native range,Northern America,289244ee-e1c1-49aa-b2d7-d379391ce265,140562929,Crepidula fornicata
5199161,native range,Eastern Europe,289244ee-e1c1-49aa-b2d7-d379391ce265,140562891,Hypania invalida
5202520,native range,Northern America,98940a79-2bf1-46e6-afd6-ba2e85a26f9f,141117248,"Ictalurus punctatus (Rafinesque, 1818)"
5202793,native range,Africa,98940a79-2bf1-46e6-afd6-ba2e85a26f9f,141117231,"Clarias gariepinus (Burchell, 1822)"
5202793,native range,Asia,1738f272-6b5d-4f43-9a92-453a8c5ea50a,146042315,"Clarias gariepinus (Burchell, 1822)"
5203111,native range,Northern America,98940a79-2bf1-46e6-afd6-ba2e85a26f9f,141117253,Umbra pygmaea (DeKay 1842)
5204019,native range,Asia,1738f272-6b5d-4f43-9a92-453a8c5ea50a,146042371,Oncorhynchus mykiss (Walbaum 1792)
5204019,native range,Northern America,98940a79-2bf1-46e6-afd6-ba2e85a26f9f,141117245,Oncorhynchus mykiss (Walbaum 1792)
5204034,native range,Northern America,1738f272-6b5d-4f43-9a92-453a8c5ea50a,146042340,Oncorhynchus kisutch (Walbaum 1792)
5208832,native range,Northern America,98940a79-2bf1-46e6-afd6-ba2e85a26f9f,236182341,"Gobiosoma bosc (Lacepède, 1800)"
5211250,native range,Northern America,1738f272-6b5d-4f43-9a92-453a8c5ea50a,146042378,"Micropterus dolomieui Lacepède, 1802"
5217334,native range,Africa,a12e2bf8-13ce-4d0b-b2d4-b1cd20450a63,180661053,"Xenopus laevis (Daudin, 1802)"
5218786,native range,Northern America,1738f272-6b5d-4f43-9a92-453a8c5ea50a,146042138,Procyon lotor (Linnaeus 1758)
5218823,native range,Northern America,1738f272-6b5d-4f43-9a92-453a8c5ea50a,146042142,"Mustela vison (Schreber, 1777)"
5219858,native range,Northern America,1738f272-6b5d-4f43-9a92-453a8c5ea50a,146042135,Ondatra zibethicus (Linnaeus 1766)
5220394,native range,Northern America,a12e2bf8-13ce-4d0b-b2d4-b1cd20450a63,180661194,"Sternotherus carinatus (Gray, 1856)"
5221283,native range,Asia,a12e2bf8-13ce-4d0b-b2d4-b1cd20450a63,180661083,"Eublepharis macularius (Blyth, 1854)"
5221394,native range,Africa,a12e2bf8-13ce-4d0b-b2d4-b1cd20450a63,180661120,"Hemidactylus (Oken, 1817)"
5221394,native range,Asia,a12e2bf8-13ce-4d0b-b2d4-b1cd20450a63,180661120,"Hemidactylus (Oken, 1817)"
5221394,native range,South America,a12e2bf8-13ce-4d0b-b2d4-b1cd20450a63,180661120,"Hemidactylus (Oken, 1817)"
5221528,native range,Africa,a12e2bf8-13ce-4d0b-b2d4-b1cd20450a63,213159014,"Hemidactylus turcicus (Linnaeus, 1758)"
5221528,native range,Asia,a12e2bf8-13ce-4d0b-b2d4-b1cd20450a63,213159014,"Hemidactylus turcicus (Linnaeus, 1758)"
5221988,native range,Africa,a12e2bf8-13ce-4d0b-b2d4-b1cd20450a63,180661160,"Furcifer pardalis (Cuvier, 1829)"
5222820,native range,Asia,a12e2bf8-13ce-4d0b-b2d4-b1cd20450a63,180661165,"Lycodon capucinus (Boie, 1827)"
5223725,native range,Northern America,a12e2bf8-13ce-4d0b-b2d4-b1cd20450a63,180661163,"Heterodon nasicus (Baird & Girard, 1852)"
5224481,native range,Northern America,a12e2bf8-13ce-4d0b-b2d4-b1cd20450a63,180661186,"Lampropeltis getula californiae (Blainville, 1835)"
5224503,native range,Northern America,a12e2bf8-13ce-4d0b-b2d4-b1cd20450a63,213159081,"Lampropeltis triangulum (Lacépède, 1789)"
5225137,native range,Africa,a12e2bf8-13ce-4d0b-b2d4-b1cd20450a63,180661088,Chalcides ocellatus (Forskal 1775)
5225137,native range,Asia,a12e2bf8-13ce-4d0b-b2d4-b1cd20450a63,180661088,Chalcides ocellatus (Forskal 1775)
5225433,native range,Africa,a12e2bf8-13ce-4d0b-b2d4-b1cd20450a63,180661086,"Trachylepis striata (Peters, 1844)"
5225659,native range,Australia and New Zealand,a12e2bf8-13ce-4d0b-b2d4-b1cd20450a63,180661093,"Morelia spilota (Lacépède, 1804)"
5226308,native range,Africa,a12e2bf8-13ce-4d0b-b2d4-b1cd20450a63,180661146,"Agama agama (Linnaeus, 1758)"
5227775,native range,Eastern Asia,e1c3be64-2799-4342-8312-49d076993132,159498404,"Phasianus versicolor Vieillot, 1825"
5227966,native range,Southeastern Asia,e1c3be64-2799-4342-8312-49d076993132,159498416,"Lophura nycthemera (Linnaeus, 1758)"
5227993,native range,Eastern Asia,e1c3be64-2799-4342-8312-49d076993132,159498417,"Lophura leucomelanos (Latham, 1790)"
5227993,native range,Southern Asia,e1c3be64-2799-4342-8312-49d076993132,159498417,"Lophura leucomelanos (Latham, 1790)"
5228033,native range,Eastern Asia,e1c3be64-2799-4342-8312-49d076993132,159498408,"Chrysolophus amherstiae (Leadbeater, 1829)"
5228034,native range,Eastern Asia,e1c3be64-2799-4342-8312-49d076993132,159498407,"Chrysolophus pictus (Linnaeus, 1758)"
5228080,native range,Northern America,e1c3be64-2799-4342-8312-49d076993132,159498399,"Callipepla californica (Shaw, 1798)"
5229044,native range,Southern Asia,e1c3be64-2799-4342-8312-49d076993132,159498498,"Psittacula cyanocephala (Linnaeus, 1766)"
5229045,native range,Eastern Asia,e1c3be64-2799-4342-8312-49d076993132,159498497,"Psittacula alexandri (Linnaeus, 1758)"
5229045,native range,Southeastern Asia,e1c3be64-2799-4342-8312-49d076993132,159498497,"Psittacula alexandri (Linnaeus, 1758)"
5229045,native range,Southern Asia,e1c3be64-2799-4342-8312-49d076993132,159498497,"Psittacula alexandri (Linnaeus, 1758)"
5229055,native range,Southeastern Asia,e1c3be64-2799-4342-8312-49d076993132,159498496,"Psittacula eupatria (Linnaeus, 1766)"
5229055,native range,Southern Asia,e1c3be64-2799-4342-8312-49d076993132,159498496,"Psittacula eupatria (Linnaeus, 1766)"
5229072,native range,Eastern Asia,e1c3be64-2799-4342-8312-49d076993132,159498494,"Psittacula derbiana (Fraser, 1852)"
5229072,native range,Southern Asia,e1c3be64-2799-4342-8312-49d076993132,159498494,"Psittacula derbiana (Fraser, 1852)"
5229128,native range,Americas,e1c3be64-2799-4342-8312-49d076993132,159498375,"Himantopus mexicanus (Statius Muller, 1776)"
5229134,native range,Australia and New Zealand,e1c3be64-2799-4342-8312-49d076993132,159498379,"Vanellus miles (Boddaert, 1783)"
5229134,native range,Melanesia,e1c3be64-2799-4342-8312-49d076993132,159498379,"Vanellus miles (Boddaert, 1783)"
5229136,native range,Eastern Africa,e1c3be64-2799-4342-8312-49d076993132,159498380,"Vanellus armatus (Burchell, 1822)"
5229136,native range,Middle Africa,e1c3be64-2799-4342-8312-49d076993132,159498380,"Vanellus armatus (Burchell, 1822)"
5229136,native range,Southern Africa,e1c3be64-2799-4342-8312-49d076993132,159498380,"Vanellus armatus (Burchell, 1822)"
5229142,native range,Africa,e1c3be64-2799-4342-8312-49d076993132,159498378,"Vanellus spinosus (Linnaeus, 1758)"
5229142,native range,Western Asia,e1c3be64-2799-4342-8312-49d076993132,159498378,"Vanellus spinosus (Linnaeus, 1758)"
5229156,native range,Australia and New Zealand,e1c3be64-2799-4342-8312-49d076993132,159498440,"Pelecanus conspicillatus Temminck, 1824"
5229204,native range,South America,e1c3be64-2799-4342-8312-49d076993132,159498457,"Eudocimus ruber (Linnaeus, 1758)"
5229205,native range,Americas,e1c3be64-2799-4342-8312-49d076993132,159498458,"Eudocimus albus (Linnaeus, 1758)"
5229411,native range,Africa,e1c3be64-2799-4342-8312-49d076993132,159498298,"Anastomus lamelligerus Temminck, 1823"
5231103,native range,South America,e1c3be64-2799-4342-8312-49d076993132,159498685,"Zonotrichia capensis (P.L.Statius Müller, 1776)"
5231398,native range,Eastern Asia,e1c3be64-2799-4342-8312-49d076993132,159498648,"Leiothrix lutea (Scopoli, 1786)"
5231398,native range,Southern Asia,e1c3be64-2799-4342-8312-49d076993132,159498648,"Leiothrix lutea (Scopoli, 1786)"
5232422,native range,South America,e1c3be64-2799-4342-8312-49d076993132,159498582,"Chloephaga melanoptera (Eyton, 1838)"
5232423,native range,South America,e1c3be64-2799-4342-8312-49d076993132,159498583,"Chloephaga poliocephala P.L.Sclater, 1857"
5232428,native range,South America,e1c3be64-2799-4342-8312-49d076993132,159498581,"Chloephaga picta (Gmelin, 1789)"
5232432,native range,Australia and New Zealand,e1c3be64-2799-4342-8312-49d076993132,159498585,"Cereopsis novaehollandiae Latham, 1802"
5232435,native range,Australia and New Zealand,e1c3be64-2799-4342-8312-49d076993132,159498542,"Malacorhynchus membranaceus (Latham, 1802)"
5232437,native range,Northern America,e1c3be64-2799-4342-8312-49d076993132,159498565,"Branta canadensis (Linnaeus, 1758)"
5232445,native range,Northern America,e1c3be64-2799-4342-8312-49d076993132,159498566,"Branta sandvicensis (Vigors, 1834)"
5232452,native range,Northern America,e1c3be64-2799-4342-8312-49d076993132,159498567,"Branta hutchinsii (Richardson, 1832)"
5232464,native range,Asia,1738f272-6b5d-4f43-9a92-453a8c5ea50a,146042267,Branta leucopsis (Bechstein 1803)
5232464,native range,Europe,1738f272-6b5d-4f43-9a92-453a8c5ea50a,146042267,Branta leucopsis (Bechstein 1803)
5232464,native range,Northern America,1738f272-6b5d-4f43-9a92-453a8c5ea50a,146042267,Branta leucopsis (Bechstein 1803)
5232465,native range,Africa,e1c3be64-2799-4342-8312-49d076993132,159498559,"Plectropterus gambensis (Linnaeus, 1766)"
5232469,native range,South America,e1c3be64-2799-4342-8312-49d076993132,159498549,"Oxyura vittata (Philippi, 1860)"
5240299,native range,Australia and New Zealand,1f3505cd-5d98-4e23-bd3b-ffe59d05d7c2,164300735,Amanita inopinata D.A. Reid & Bas
5241445,native range,Asia,1f3505cd-5d98-4e23-bd3b-ffe59d05d7c2,164300749,Volvariella volvacea (Bull.) Singer
5270720,native range,Southern Europe,1f3505cd-5d98-4e23-bd3b-ffe59d05d7c2,164300779,Chara braunii S.G.Gmel.
5274858,native range,Asia,9ff7d317-609b-4c08-bd86-3bc404b77c42,141264625,Salvinia natans (L.) All.
5274858,native range,Europe,9ff7d317-609b-4c08-bd86-3bc404b77c42,141264625,Salvinia natans (L.) All.
5274861,native range,South America,9ff7d317-609b-4c08-bd86-3bc404b77c42,141264624,Salvinia auriculata Aubl.
5274964,native range,Northern America,9ff7d317-609b-4c08-bd86-3bc404b77c42,141265002,Polypodium hesperium Maxon
5275398,native range,Africa,9ff7d317-609b-4c08-bd86-3bc404b77c42,141266302,Pteris vittata L.
5275398,native range,Eastern Asia,9ff7d317-609b-4c08-bd86-3bc404b77c42,141266302,Pteris vittata L.
5275398,native range,Eastern Europe,9ff7d317-609b-4c08-bd86-3bc404b77c42,141266302,Pteris vittata L.
5275398,native range,Europe,9ff7d317-609b-4c08-bd86-3bc404b77c42,141266302,Pteris vittata L.
5275415,native range,Eastern Asia,9ff7d317-609b-4c08-bd86-3bc404b77c42,141266303,Pteris multifida Poiret
5275415,native range,Eastern Europe,9ff7d317-609b-4c08-bd86-3bc404b77c42,141266303,Pteris multifida Poiret
5281739,native range,Asia,1f3505cd-5d98-4e23-bd3b-ffe59d05d7c2,301213848,Grimmia elatior Bruch ex Bals.-Criv. & De Not.
5281739,native range,Northern America,1f3505cd-5d98-4e23-bd3b-ffe59d05d7c2,301213848,Grimmia elatior Bruch ex Bals.-Criv. & De Not.
5281901,native range,Africa,1738f272-6b5d-4f43-9a92-453a8c5ea50a,146042151,"Campylopus introflexus (Hedwig) Bridel, 1819"
5281901,native range,Australia and New Zealand,1738f272-6b5d-4f43-9a92-453a8c5ea50a,146042151,"Campylopus introflexus (Hedwig) Bridel, 1819"
5281901,native range,South America,1738f272-6b5d-4f43-9a92-453a8c5ea50a,146042151,"Campylopus introflexus (Hedwig) Bridel, 1819"
5284237,native range,Eastern Asia,9ff7d317-609b-4c08-bd86-3bc404b77c42,141264770,Cryptomeria japonica (L.f.) D. Don
5284237,native range,Eastern Europe,9ff7d317-609b-4c08-bd86-3bc404b77c42,141264770,Cryptomeria japonica (L.f.) D. Don
5284827,native range,Northern America,9ff7d317-609b-4c08-bd86-3bc404b77c42,141266572,Picea sitchensis (Bong.) Carr.
5284884,native range,Europe,9ff7d317-609b-4c08-bd86-3bc404b77c42,141266569,Picea abies (L.) Karst.
5284950,native range,Europe,9ff7d317-609b-4c08-bd86-3bc404b77c42,141266574,Picea omorika (Pančić) Purk.
5284982,native range,Northern America,9ff7d317-609b-4c08-bd86-3bc404b77c42,141266565,Pinus strobus L.
5285053,native range,Northern America,9ff7d317-609b-4c08-bd86-3bc404b77c42,168400535,Pinus ponderosa P. Lawson & C. Lawson
5285074,native range,Eastern Asia,9ff7d317-609b-4c08-bd86-3bc404b77c42,141266563,Pinus wallichiana A.B. Jacks
5285074,native range,Eastern Europe,9ff7d317-609b-4c08-bd86-3bc404b77c42,141266563,Pinus wallichiana A.B. Jacks
5285565,native range,Europe,9ff7d317-609b-4c08-bd86-3bc404b77c42,141266577,Pinus pinaster Ait.
5285637,native range,Eastern Asia,9ff7d317-609b-4c08-bd86-3bc404b77c42,141266570,Pinus sylvestris L.
5285637,native range,Eastern Europe,9ff7d317-609b-4c08-bd86-3bc404b77c42,141266570,Pinus sylvestris L.
5285637,native range,Europe,9ff7d317-609b-4c08-bd86-3bc404b77c42,141266570,Pinus sylvestris L.
5289492,native range,Eastern Asia,9ff7d317-609b-4c08-bd86-3bc404b77c42,141264634,Typha minima Funck
5289492,native range,Eastern Europe,9ff7d317-609b-4c08-bd86-3bc404b77c42,141264634,Typha minima Funck
5289492,native range,Europe,9ff7d317-609b-4c08-bd86-3bc404b77c42,141264634,Typha minima Funck
5289503,native range,Europe,9ff7d317-609b-4c08-bd86-3bc404b77c42,141264635,Typha laxmannii Lepech.
5289620,native range,Australia and New Zealand,9ff7d317-609b-4c08-bd86-3bc404b77c42,141265564,Chloris truncata R. Brown
5289623,native range,Australia and New Zealand,9ff7d317-609b-4c08-bd86-3bc404b77c42,141265670,Chloris pectinata Benth.
5289629,native range,Australia and New Zealand,9ff7d317-609b-4c08-bd86-3bc404b77c42,141265570,Chloris ventricosa R. Brown
5289631,native range,Australia and New Zealand,9ff7d317-609b-4c08-bd86-3bc404b77c42,141265849,Chloris divaricata R. Brown
5289643,native range,Europe,9ff7d317-609b-4c08-bd86-3bc404b77c42,141265890,Apera interrupta (L.) Beauv.
5289666,native range,Eastern Asia,9ff7d317-609b-4c08-bd86-3bc404b77c42,141265840,Setaria faberi R.A.W. Herrmann s.l.
5289666,native range,Eastern Europe,9ff7d317-609b-4c08-bd86-3bc404b77c42,141265840,Setaria faberi R.A.W. Herrmann s.l.
5289679,native range,Americas,9ff7d317-609b-4c08-bd86-3bc404b77c42,141265800,Setaria parviflora (Poiret) Kerguélen
5289684,native range,Africa,9ff7d317-609b-4c08-bd86-3bc404b77c42,141265731,Setaria viridis (L.) Beauv. s.l.
5289684,native range,Asia,9ff7d317-609b-4c08-bd86-3bc404b77c42,141265731,Setaria viridis (L.) Beauv. s.l.
5289684,native range,Europe,9ff7d317-609b-4c08-bd86-3bc404b77c42,141265731,Setaria viridis (L.) Beauv. s.l.
5289686,native range,Africa,9ff7d317-609b-4c08-bd86-3bc404b77c42,141265573,Setaria verticillata (L.) Beauv. var. ambigua (Guss.) Parl.
5289686,native range,Asia,9ff7d317-609b-4c08-bd86-3bc404b77c42,141265573,Setaria verticillata (L.) Beauv. var. ambigua (Guss.) Parl.
5289686,native range,Europe,9ff7d317-609b-4c08-bd86-3bc404b77c42,141265573,Setaria verticillata (L.) Beauv. var. ambigua (Guss.) Parl.
5289693,native range,Africa,9ff7d317-609b-4c08-bd86-3bc404b77c42,141265605,Setaria pumila (Poiret) Roem. & Schult.
5289693,native range,Asia,9ff7d317-609b-4c08-bd86-3bc404b77c42,141265605,Setaria pumila (Poiret) Roem. & Schult.
5289693,native range,Europe,9ff7d317-609b-4c08-bd86-3bc404b77c42,141265605,Setaria pumila (Poiret) Roem. & Schult.
5289698,native range,Europe,9ff7d317-609b-4c08-bd86-3bc404b77c42,141265819,Setaria italica (L.) Beauv.
5289709,native range,Africa,9ff7d317-609b-4c08-bd86-3bc404b77c42,141265860,Setaria sphacelata (Schumach.) Stapf & C.E. Hubbard ex M.B. Moss
5289709,native range,Eastern Asia,9ff7d317-609b-4c08-bd86-3bc404b77c42,141265860,Setaria sphacelata (Schumach.) Stapf & C.E. Hubbard ex M.B. Moss
5289709,native range,Eastern Europe,9ff7d317-609b-4c08-bd86-3bc404b77c42,141265860,Setaria sphacelata (Schumach.) Stapf & C.E. Hubbard ex M.B. Moss
5289726,native range,Americas,9ff7d317-609b-4c08-bd86-3bc404b77c42,141265863,Cenchrus incertus M.A. Curtis
5289731,native range,Northern America,9ff7d317-609b-4c08-bd86-3bc404b77c42,141265593,Cenchrus longispinus (Hack.) Fernald
5289739,native range,Americas,9ff7d317-609b-4c08-bd86-3bc404b77c42,141265592,Cenchrus echinatus L
5289744,native range,Africa,9ff7d317-609b-4c08-bd86-3bc404b77c42,141265679,Phalaris canariensis L.
5289744,native range,Eastern Asia,9ff7d317-609b-4c08-bd86-3bc404b77c42,141265679,Phalaris canariensis L.
5289744,native range,Eastern Europe,9ff7d317-609b-4c08-bd86-3bc404b77c42,141265679,Phalaris canariensis L.
5289744,native range,Europe,9ff7d317-609b-4c08-bd86-3bc404b77c42,141265679,Phalaris canariensis L.
5289745,native range,Africa,9ff7d317-609b-4c08-bd86-3bc404b77c42,141265887,Phalaris brachystachys Link
5289745,native range,Eastern Asia,9ff7d317-609b-4c08-bd86-3bc404b77c42,141265887,Phalaris brachystachys Link
5289745,native range,Eastern Europe,9ff7d317-609b-4c08-bd86-3bc404b77c42,141265887,Phalaris brachystachys Link
5289745,native range,Europe,9ff7d317-609b-4c08-bd86-3bc404b77c42,141265887,Phalaris brachystachys Link
5289746,native range,Africa,9ff7d317-609b-4c08-bd86-3bc404b77c42,141265705,Phalaris aquatica L.
5289746,native range,Eastern Asia,9ff7d317-609b-4c08-bd86-3bc404b77c42,141265705,Phalaris aquatica L.
5289746,native range,Eastern Europe,9ff7d317-609b-4c08-bd86-3bc404b77c42,141265705,Phalaris aquatica L.
5289746,native range,Europe,9ff7d317-609b-4c08-bd86-3bc404b77c42,141265705,Phalaris aquatica L.
5289751,native range,Africa,9ff7d317-609b-4c08-bd86-3bc404b77c42,141265749,Phalaris coerulescens Desf.
5289751,native range,Eastern Asia,9ff7d317-609b-4c08-bd86-3bc404b77c42,141265749,Phalaris coerulescens Desf.
5289751,native range,Eastern Europe,9ff7d317-609b-4c08-bd86-3bc404b77c42,141265749,Phalaris coerulescens Desf.
5289751,native range,Europe,9ff7d317-609b-4c08-bd86-3bc404b77c42,141265749,Phalaris coerulescens Desf.
5289752,native range,Africa,9ff7d317-609b-4c08-bd86-3bc404b77c42,141265843,Phalaris minor Retz.
5289752,native range,Eastern Asia,9ff7d317-609b-4c08-bd86-3bc404b77c42,141265843,Phalaris minor Retz.
5289752,native range,Eastern Europe,9ff7d317-609b-4c08-bd86-3bc404b77c42,141265843,Phalaris minor Retz.
5289752,native range,Europe,9ff7d317-609b-4c08-bd86-3bc404b77c42,141265843,Phalaris minor Retz.
5289753,native range,Americas,9ff7d317-609b-4c08-bd86-3bc404b77c42,141265741,Phalaris angusta Nees ex Trin.
5289758,native range,Africa,9ff7d317-609b-4c08-bd86-3bc404b77c42,141265669,Phalaris paradoxa L. var. paradoxa
5289758,native range,Eastern Asia,9ff7d317-609b-4c08-bd86-3bc404b77c42,141265669,Phalaris paradoxa L. var. paradoxa
5289758,native range,Eastern Europe,9ff7d317-609b-4c08-bd86-3bc404b77c42,141265669,Phalaris paradoxa L. var. paradoxa
5289758,native range,Europe,9ff7d317-609b-4c08-bd86-3bc404b77c42,141265669,Phalaris paradoxa L. var. paradoxa
5289762,native range,Africa,9ff7d317-609b-4c08-bd86-3bc404b77c42,141265613,Lamarckia aurea (L.) Moench
5289762,native range,Eastern Asia,9ff7d317-609b-4c08-bd86-3bc404b77c42,141265613,Lamarckia aurea (L.) Moench
5289762,native range,Eastern Europe,9ff7d317-609b-4c08-bd86-3bc404b77c42,141265613,Lamarckia aurea (L.) Moench
5289762,native range,Europe,9ff7d317-609b-4c08-bd86-3bc404b77c42,141265613,Lamarckia aurea (L.) Moench
5289763,native range,Africa,9ff7d317-609b-4c08-bd86-3bc404b77c42,141265825,Gastridium phleoides (Nees & Meyen) C.E. Hubbard
5289763,native range,Eastern Asia,9ff7d317-609b-4c08-bd86-3bc404b77c42,141265825,Gastridium phleoides (Nees & Meyen) C.E. Hubbard
5289763,native range,Eastern Europe,9ff7d317-609b-4c08-bd86-3bc404b77c42,141265825,Gastridium phleoides (Nees & Meyen) C.E. Hubbard
5289764,native range,Africa,9ff7d317-609b-4c08-bd86-3bc404b77c42,141265817,Gastridium ventricosum (Gouan) Schinz & Thell.
5289764,native range,Eastern Asia,9ff7d317-609b-4c08-bd86-3bc404b77c42,141265817,Gastridium ventricosum (Gouan) Schinz & Thell.
5289764,native range,Eastern Europe,9ff7d317-609b-4c08-bd86-3bc404b77c42,141265817,Gastridium ventricosum (Gouan) Schinz & Thell.
5289764,native range,Europe,9ff7d317-609b-4c08-bd86-3bc404b77c42,141265817,Gastridium ventricosum (Gouan) Schinz & Thell.
5289781,native range,Africa,9ff7d317-609b-4c08-bd86-3bc404b77c42,141265636,Aegilops geniculata Roth
5289781,native range,Eastern Asia,9ff7d317-609b-4c08-bd86-3bc404b77c42,141265636,Aegilops geniculata Roth
5289781,native range,Eastern Europe,9ff7d317-609b-4c08-bd86-3bc404b77c42,141265636,Aegilops geniculata Roth
5289781,native range,Europe,9ff7d317-609b-4c08-bd86-3bc404b77c42,141265636,Aegilops geniculata Roth
5289783,native range,Eastern Asia,9ff7d317-609b-4c08-bd86-3bc404b77c42,141265851,Aegilops cylindrica Host
5289783,native range,Eastern Europe,9ff7d317-609b-4c08-bd86-3bc404b77c42,141265851,Aegilops cylindrica Host
5289783,native range,Europe,9ff7d317-609b-4c08-bd86-3bc404b77c42,141265851,Aegilops cylindrica Host
5289791,native range,Africa,9ff7d317-609b-4c08-bd86-3bc404b77c42,141265775,Aegilops ventricosa Tausch
5289791,native range,Eastern Asia,9ff7d317-609b-4c08-bd86-3bc404b77c42,141265775,Aegilops ventricosa Tausch
5289791,native range,Eastern Europe,9ff7d317-609b-4c08-bd86-3bc404b77c42,141265775,Aegilops ventricosa Tausch
5289791,native range,Europe,9ff7d317-609b-4c08-bd86-3bc404b77c42,141265775,Aegilops ventricosa Tausch
5289793,native range,Africa,9ff7d317-609b-4c08-bd86-3bc404b77c42,141265687,Aegilops triuncialis L.
5289793,native range,Eastern Asia,9ff7d317-609b-4c08-bd86-3bc404b77c42,141265687,Aegilops triuncialis L.
5289793,native range,Eastern Europe,9ff7d317-609b-4c08-bd86-3bc404b77c42,141265687,Aegilops triuncialis L.
5289793,native range,Europe,9ff7d317-609b-4c08-bd86-3bc404b77c42,141265687,Aegilops triuncialis L.
5289814,native range,Northern America,9ff7d317-609b-4c08-bd86-3bc404b77c42,141265807,Eustachys neglecta (Nash) Nash
5289819,native range,South America,9ff7d317-609b-4c08-bd86-3bc404b77c42,141265699,Eustachys retusa (Lag.) Kunth
5289831,native range,South America,9ff7d317-609b-4c08-bd86-3bc404b77c42,141265884,Nassella neesiana (Trin. & Rupr.) Barkworth
5289833,native range,Americas,9ff7d317-609b-4c08-bd86-3bc404b77c42,141265684,Nassella tenuissima (Trin.) Barkworth
5289836,native range,South America,9ff7d317-609b-4c08-bd86-3bc404b77c42,141265612,Nassella formicarum (Delile) Barkworth
5289906,native range,Africa,9ff7d317-609b-4c08-bd86-3bc404b77c42,141265733,Rostraria cristata (L.) Tzvelev
5289906,native range,Eastern Asia,9ff7d317-609b-4c08-bd86-3bc404b77c42,141265733,Rostraria cristata (L.) Tzvelev
5289906,native range,Eastern Europe,9ff7d317-609b-4c08-bd86-3bc404b77c42,141265733,Rostraria cristata (L.) Tzvelev
5289906,native range,Europe,9ff7d317-609b-4c08-bd86-3bc404b77c42,141265733,Rostraria cristata (L.) Tzvelev
5289911,native range,Americas,9ff7d317-609b-4c08-bd86-3bc404b77c42,141265823,"Polypogon elongatus Humb., Bonpl. & Kunth"
5289912,native range,Africa,9ff7d317-609b-4c08-bd86-3bc404b77c42,141265813,Polypogon fugax Nees ex Steud.
5289912,native range,Eastern Asia,9ff7d317-609b-4c08-bd86-3bc404b77c42,141265813,Polypogon fugax Nees ex Steud.
5289912,native range,Eastern Europe,9ff7d317-609b-4c08-bd86-3bc404b77c42,141265813,Polypogon fugax Nees ex Steud.
5289912,native range,Europe,9ff7d317-609b-4c08-bd86-3bc404b77c42,141265813,Polypogon fugax Nees ex Steud.
5289913,native range,Africa,9ff7d317-609b-4c08-bd86-3bc404b77c42,141265919,Polypogon maritimus Willd.
5289913,native range,Eastern Asia,9ff7d317-609b-4c08-bd86-3bc404b77c42,141265919,Polypogon maritimus Willd.
5289913,native range,Eastern Europe,9ff7d317-609b-4c08-bd86-3bc404b77c42,141265919,Polypogon maritimus Willd.
5289913,native range,Europe,9ff7d317-609b-4c08-bd86-3bc404b77c42,141265919,Polypogon maritimus Willd.
5289917,native range,Africa,9ff7d317-609b-4c08-bd86-3bc404b77c42,141265729,Polypogon monspeliensis (L.) Desf.
5289917,native range,Eastern Asia,9ff7d317-609b-4c08-bd86-3bc404b77c42,141265729,Polypogon monspeliensis (L.) Desf.
5289917,native range,Eastern Europe,9ff7d317-609b-4c08-bd86-3bc404b77c42,141265729,Polypogon monspeliensis (L.) Desf.
5289917,native range,Europe,9ff7d317-609b-4c08-bd86-3bc404b77c42,141265729,Polypogon monspeliensis (L.) Desf.
5289919,native range,Africa,9ff7d317-609b-4c08-bd86-3bc404b77c42,141265839,Polypogon viridis (Gouan) Breistr.
5289919,native range,Eastern Asia,9ff7d317-609b-4c08-bd86-3bc404b77c42,141265839,Polypogon viridis (Gouan) Breistr.
5289919,native range,Eastern Europe,9ff7d317-609b-4c08-bd86-3bc404b77c42,141265839,Polypogon viridis (Gouan) Breistr.
5289919,native range,Europe,9ff7d317-609b-4c08-bd86-3bc404b77c42,141265839,Polypogon viridis (Gouan) Breistr.
5289929,native range,Africa,9ff7d317-609b-4c08-bd86-3bc404b77c42,141265656,Digitaria abyssinica (A. Rich.) Stapf
5289957,native range,Australia and New Zealand,9ff7d317-609b-4c08-bd86-3bc404b77c42,141265707,Digitaria brownii (Roem. & Schult.) Hughes
5289972,native range,Africa,9ff7d317-609b-4c08-bd86-3bc404b77c42,141265632,Digitaria sanguinalis (L.) Scop. subsp. pectiniformis Henr.
5289972,native range,Eastern Asia,9ff7d317-609b-4c08-bd86-3bc404b77c42,141265632,Digitaria sanguinalis (L.) Scop. subsp. pectiniformis Henr.
5289972,native range,Eastern Europe,9ff7d317-609b-4c08-bd86-3bc404b77c42,141265632,Digitaria sanguinalis (L.) Scop. subsp. pectiniformis Henr.
5289972,native range,Europe,9ff7d317-609b-4c08-bd86-3bc404b77c42,141265632,Digitaria sanguinalis (L.) Scop. subsp. pectiniformis Henr.
5289998,native range,Africa,9ff7d317-609b-4c08-bd86-3bc404b77c42,141265727,Digitaria ciliaris (Retz.) Koeler subsp. nubica (Stapf) S.T. Blake
5290052,native range,South America,9ff7d317-609b-4c08-bd86-3bc404b77c42,141265861,Zea mays L.
5290059,native range,Eastern Asia,9ff7d317-609b-4c08-bd86-3bc404b77c42,141265608,Beckmannia syzigachne (Steud.) Fernald
5290059,native range,Eastern Europe,9ff7d317-609b-4c08-bd86-3bc404b77c42,141265608,Beckmannia syzigachne (Steud.) Fernald
5290059,native range,Northern America,9ff7d317-609b-4c08-bd86-3bc404b77c42,141265608,Beckmannia syzigachne (Steud.) Fernald
5290069,native range,Africa,9ff7d317-609b-4c08-bd86-3bc404b77c42,141265628,Parapholis incurva (L.) C.E. Hubbard
5290069,native range,Eastern Asia,9ff7d317-609b-4c08-bd86-3bc404b77c42,141265628,Parapholis incurva (L.) C.E. Hubbard
5290069,native range,Eastern Europe,9ff7d317-609b-4c08-bd86-3bc404b77c42,141265628,Parapholis incurva (L.) C.E. Hubbard
5290069,native range,Europe,9ff7d317-609b-4c08-bd86-3bc404b77c42,141265628,Parapholis incurva (L.) C.E. Hubbard
5290126,native range,Africa,9ff7d317-609b-4c08-bd86-3bc404b77c42,141265566,Tragus racemosus (L.) All.
5290126,native range,Asia,9ff7d317-609b-4c08-bd86-3bc404b77c42,141265566,Tragus racemosus (L.) All.
5290126,native range,Europe,9ff7d317-609b-4c08-bd86-3bc404b77c42,141265566,Tragus racemosus (L.) All.
5290129,native range,Africa,9ff7d317-609b-4c08-bd86-3bc404b77c42,141265871,Tragus berteronianus Schult.
5290129,native range,Southern Asia,9ff7d317-609b-4c08-bd86-3bc404b77c42,141265871,Tragus berteronianus Schult.
5290130,native range,Australia and New Zealand,9ff7d317-609b-4c08-bd86-3bc404b77c42,141265761,Tragus australianus S.T. Blake
5290143,native range,Africa,9ff7d317-609b-4c08-bd86-3bc404b77c42,141265624,Brachypodium distachyon (L.) Beauv.
5290143,native range,Eastern Asia,9ff7d317-609b-4c08-bd86-3bc404b77c42,141265624,Brachypodium distachyon (L.) Beauv.
5290143,native range,Eastern Europe,9ff7d317-609b-4c08-bd86-3bc404b77c42,141265624,Brachypodium distachyon (L.) Beauv.
5290143,native range,Europe,9ff7d317-609b-4c08-bd86-3bc404b77c42,141265624,Brachypodium distachyon (L.) Beauv.
5290144,native range,Africa,9ff7d317-609b-4c08-bd86-3bc404b77c42,141265855,Brachypodium phoenicoides (L.) P. Beauv. ex Roem. & Schult.
5290144,native range,Europe,9ff7d317-609b-4c08-bd86-3bc404b77c42,141265855,Brachypodium phoenicoides (L.) P. Beauv. ex Roem. & Schult.
5290170,native range,Eastern Asia,9ff7d317-609b-4c08-bd86-3bc404b77c42,141265792,Phyllostachys viridiglaucescens (Carrière) Rivière & C. Rivière
5290170,native range,Eastern Europe,9ff7d317-609b-4c08-bd86-3bc404b77c42,141265792,Phyllostachys viridiglaucescens (Carrière) Rivière & C. Rivière
5290177,native range,Africa,9ff7d317-609b-4c08-bd86-3bc404b77c42,141265567,Lagurus ovatus L.
5290177,native range,Eastern Asia,9ff7d317-609b-4c08-bd86-3bc404b77c42,141265567,Lagurus ovatus L.
5290177,native range,Eastern Europe,9ff7d317-609b-4c08-bd86-3bc404b77c42,141265567,Lagurus ovatus L.
5290177,native range,Europe,9ff7d317-609b-4c08-bd86-3bc404b77c42,141265567,Lagurus ovatus L.
5290192,native range,Africa,9ff7d317-609b-4c08-bd86-3bc404b77c42,168400507,Pennisetum villosum Fresen.
5290242,native range,Africa,9ff7d317-609b-4c08-bd86-3bc404b77c42,141265895,Gaudinia fragilis (L.) Beauv.
5290242,native range,Eastern Asia,9ff7d317-609b-4c08-bd86-3bc404b77c42,141265895,Gaudinia fragilis (L.) Beauv.
5290242,native range,Eastern Europe,9ff7d317-609b-4c08-bd86-3bc404b77c42,141265895,Gaudinia fragilis (L.) Beauv.
5290242,native range,Europe,9ff7d317-609b-4c08-bd86-3bc404b77c42,141265895,Gaudinia fragilis (L.) Beauv.
5290282,native range,Eastern Asia,9ff7d317-609b-4c08-bd86-3bc404b77c42,141265891,Elymus canadensis L.
5290282,native range,Eastern Europe,9ff7d317-609b-4c08-bd86-3bc404b77c42,141265891,Elymus canadensis L.
5290282,native range,Northern America,9ff7d317-609b-4c08-bd86-3bc404b77c42,141265891,Elymus canadensis L.
5295044,native range,Eastern Asia,9ff7d317-609b-4c08-bd86-3bc404b77c42,141264708,Smilax aspera L.
5295044,native range,Eastern Europe,9ff7d317-609b-4c08-bd86-3bc404b77c42,141264708,Smilax aspera L.
5295044,native range,Europe,9ff7d317-609b-4c08-bd86-3bc404b77c42,141264708,Smilax aspera L.
5295375,native range,Northern America,9ff7d317-609b-4c08-bd86-3bc404b77c42,141264709,Smilax rotundifolia L.
5296015,native range,Northern America,9ff7d317-609b-4c08-bd86-3bc404b77c42,141266923,Sisyrinchium angustifolium Mill.
5296178,native range,Northern America,9ff7d317-609b-4c08-bd86-3bc404b77c42,141266914,Sisyrinchium montanum E. Greene
5296218,native range,Northern America,9ff7d317-609b-4c08-bd86-3bc404b77c42,168400556,Sisyrinchium californicum (Ker Gawl.) Dryand.
5296432,native range,South America,9ff7d317-609b-4c08-bd86-3bc404b77c42,141266917,Sisyrinchium striatum Sm.
5298069,native range,Europe,9ff7d317-609b-4c08-bd86-3bc404b77c42,141266922,Iris germanica L.
5298126,native range,Eastern Asia,9ff7d317-609b-4c08-bd86-3bc404b77c42,141266918,Iris sibirica L.
5298126,native range,Eastern Europe,9ff7d317-609b-4c08-bd86-3bc404b77c42,141266918,Iris sibirica L.
5298126,native range,Europe,9ff7d317-609b-4c08-bd86-3bc404b77c42,141266918,Iris sibirica L.
5298675,native range,Eastern Asia,9ff7d317-609b-4c08-bd86-3bc404b77c42,141266920,Iris pumila L.
5298675,native range,Eastern Europe,9ff7d317-609b-4c08-bd86-3bc404b77c42,141266920,Iris pumila L.
5298675,native range,Europe,9ff7d317-609b-4c08-bd86-3bc404b77c42,141266920,Iris pumila L.
5298765,native range,Africa,9ff7d317-609b-4c08-bd86-3bc404b77c42,141266919,Iris foetidissima L.
5298765,native range,Europe,9ff7d317-609b-4c08-bd86-3bc404b77c42,141266919,Iris foetidissima L.
5298908,native range,Eastern Asia,9ff7d317-609b-4c08-bd86-3bc404b77c42,141266912,Iris graminea L.
5298908,native range,Eastern Europe,9ff7d317-609b-4c08-bd86-3bc404b77c42,141266912,Iris graminea L.
5298908,native range,Europe,9ff7d317-609b-4c08-bd86-3bc404b77c42,141266912,Iris graminea L.
5299536,native range,Africa,9ff7d317-609b-4c08-bd86-3bc404b77c42,141265023,Tulipa sylvestris L.
5299536,native range,Eastern Asia,9ff7d317-609b-4c08-bd86-3bc404b77c42,141265023,Tulipa sylvestris L.
5299536,native range,Eastern Europe,9ff7d317-609b-4c08-bd86-3bc404b77c42,141265023,Tulipa sylvestris L.
5299536,native range,Europe,9ff7d317-609b-4c08-bd86-3bc404b77c42,141265023,Tulipa sylvestris L.
5299590,native range,Eastern Asia,9ff7d317-609b-4c08-bd86-3bc404b77c42,141265027,Tulipa tarda Stapf
5299590,native range,Eastern Europe,9ff7d317-609b-4c08-bd86-3bc404b77c42,141265027,Tulipa tarda Stapf
5300102,native range,Europe,9ff7d317-609b-4c08-bd86-3bc404b77c42,141265028,Gagea pratensis (Pers.) Dum.
5300716,native range,Eastern Asia,9ff7d317-609b-4c08-bd86-3bc404b77c42,168400485,Fritillaria imperialis L.
5300716,native range,Eastern Europe,9ff7d317-609b-4c08-bd86-3bc404b77c42,168400485,Fritillaria imperialis L.
5303040,native range,Northern America,9ff7d317-609b-4c08-bd86-3bc404b77c42,141264619,Thalia dealbata Fraser
5303524,native range,Northern America,9ff7d317-609b-4c08-bd86-3bc404b77c42,141264894,Tinantia erecta (Jacq.) Schlecht.
5303891,native range,Eastern Asia,9ff7d317-609b-4c08-bd86-3bc404b77c42,141267006,Danae racemosa (L.) Moench
5303891,native range,Eastern Europe,9ff7d317-609b-4c08-bd86-3bc404b77c42,141267006,Danae racemosa (L.) Moench
5304187,native range,Northern America,9ff7d317-609b-4c08-bd86-3bc404b77c42,168400565,Triteleia laxa Benth.
5304257,native range,Africa,9ff7d317-609b-4c08-bd86-3bc404b77c42,141267007,Hyacinthoides hispanica (Mill.) Rothm.
5304257,native range,Europe,9ff7d317-609b-4c08-bd86-3bc404b77c42,141267007,Hyacinthoides hispanica (Mill.) Rothm.
5314814,native range,Africa,9ff7d317-609b-4c08-bd86-3bc404b77c42,141264831,Serapias lingua L.
5314814,native range,Eastern Asia,9ff7d317-609b-4c08-bd86-3bc404b77c42,141264831,Serapias lingua L.
5314814,native range,Eastern Europe,9ff7d317-609b-4c08-bd86-3bc404b77c42,141264831,Serapias lingua L.
5314814,native range,Europe,9ff7d317-609b-4c08-bd86-3bc404b77c42,141264831,Serapias lingua L.
5324959,native range,Africa,9ff7d317-609b-4c08-bd86-3bc404b77c42,141264833,Himantoglossum robertianum (Loisel.) P. Delforge
5324959,native range,Eastern Asia,9ff7d317-609b-4c08-bd86-3bc404b77c42,141264833,Himantoglossum robertianum (Loisel.) P. Delforge
5324959,native range,Eastern Europe,9ff7d317-609b-4c08-bd86-3bc404b77c42,141264833,Himantoglossum robertianum (Loisel.) P. Delforge
5324959,native range,Europe,9ff7d317-609b-4c08-bd86-3bc404b77c42,141264833,Himantoglossum robertianum (Loisel.) P. Delforge
5328593,native range,Africa,9ff7d317-609b-4c08-bd86-3bc404b77c42,141264816,Aponogeton distachyos L. f.
5328909,native range,Americas,9ff7d317-609b-4c08-bd86-3bc404b77c42,141264637,Sagittaria latifolia Willd.
5329212,native range,Northern America,9ff7d317-609b-4c08-bd86-3bc404b77c42,141267098,Elodea nuttallii (Planch.) St John
5329263,native range,South America,9ff7d317-609b-4c08-bd86-3bc404b77c42,141267103,Egeria densa Planch.
5330085,native range,Americas,9ff7d317-609b-4c08-bd86-3bc404b77c42,141264966,Wolffia columbiana Karsten
5330661,native range,Europe,9ff7d317-609b-4c08-bd86-3bc404b77c42,141264974,Arum italicum Mill. s.l.
5331238,native range,Northern America,9ff7d317-609b-4c08-bd86-3bc404b77c42,163968178,Viola sororia Willd.
5331404,native range,Northern America,1738f272-6b5d-4f43-9a92-453a8c5ea50a,146042181,Echinocystis lobata (Michx.) Torr. & A. Gray
5332004,native range,Eastern Asia,9ff7d317-609b-4c08-bd86-3bc404b77c42,141264781,Betula nana L.
5332004,native range,Eastern Europe,9ff7d317-609b-4c08-bd86-3bc404b77c42,141264781,Betula nana L.
5332004,native range,Europe,9ff7d317-609b-4c08-bd86-3bc404b77c42,141264781,Betula nana L.
5332120,native range,Northern America,9ff7d317-609b-4c08-bd86-3bc404b77c42,141264780,Betula papyrifera Marshall
5333294,native range,Africa,9ff7d317-609b-4c08-bd86-3bc404b77c42,141264755,Castanea sativa Mill.
5333294,native range,Eastern Asia,9ff7d317-609b-4c08-bd86-3bc404b77c42,141264755,Castanea sativa Mill.
5333294,native range,Eastern Europe,9ff7d317-609b-4c08-bd86-3bc404b77c42,141264755,Castanea sativa Mill.
5333294,native range,Europe,9ff7d317-609b-4c08-bd86-3bc404b77c42,141264755,Castanea sativa Mill.
5333354,native range,Northern America,9ff7d317-609b-4c08-bd86-3bc404b77c42,141264936,Leucothoe fontanesiana (Steud.) Sleumer
5333408,native range,Europe,9ff7d317-609b-4c08-bd86-3bc404b77c42,141264927,Erica vagans L.
5334188,native range,Africa,9ff7d317-609b-4c08-bd86-3bc404b77c42,141267124,Glaucium corniculatum (L.) Rudolph
5334188,native range,Eastern Asia,9ff7d317-609b-4c08-bd86-3bc404b77c42,141267124,Glaucium corniculatum (L.) Rudolph
5334188,native range,Eastern Europe,9ff7d317-609b-4c08-bd86-3bc404b77c42,141267124,Glaucium corniculatum (L.) Rudolph
5334188,native range,Europe,9ff7d317-609b-4c08-bd86-3bc404b77c42,141267124,Glaucium corniculatum (L.) Rudolph
5334194,native range,Eastern Asia,9ff7d317-609b-4c08-bd86-3bc404b77c42,141267110,Macleaya cordata (Willd.) R. Brown
5334194,native range,Eastern Europe,9ff7d317-609b-4c08-bd86-3bc404b77c42,141267110,Macleaya cordata (Willd.) R. Brown
5334227,native range,Eastern Asia,9ff7d317-609b-4c08-bd86-3bc404b77c42,141267087,Lonicera caprifolium L.
5334227,native range,Eastern Europe,9ff7d317-609b-4c08-bd86-3bc404b77c42,141267087,Lonicera caprifolium L.
5334227,native range,Europe,9ff7d317-609b-4c08-bd86-3bc404b77c42,141267087,Lonicera caprifolium L.
5334239,native range,Northern America,9ff7d317-609b-4c08-bd86-3bc404b77c42,141267085,Lonicera sempervirens L.
5334240,native range,Asia,1738f272-6b5d-4f43-9a92-453a8c5ea50a,146042239,Lonicera japonica Thunb.
5334240,native range,Eastern Asia,9ff7d317-609b-4c08-bd86-3bc404b77c42,141267083,Lonicera japonica Thunb. ex Murray
5334240,native range,Eastern Europe,9ff7d317-609b-4c08-bd86-3bc404b77c42,141267083,Lonicera japonica Thunb. ex Murray
5334242,native range,Eastern Asia,9ff7d317-609b-4c08-bd86-3bc404b77c42,141267082,Lonicera tatarica L.
5334242,native range,Eastern Europe,9ff7d317-609b-4c08-bd86-3bc404b77c42,141267082,Lonicera tatarica L.
5334253,native range,Northern America,9ff7d317-609b-4c08-bd86-3bc404b77c42,141267070,Lonicera involucrata (Richardson) Banks ex Spreng.
5334275,native range,Eastern Asia,9ff7d317-609b-4c08-bd86-3bc404b77c42,141267096,Lonicera morrowii Gray
5334275,native range,Eastern Europe,9ff7d317-609b-4c08-bd86-3bc404b77c42,141267096,Lonicera morrowii Gray
5334351,native range,Eastern Asia,9ff7d317-609b-4c08-bd86-3bc404b77c42,141266412,Fallopia baldschuanica (Regel) Holub
5334351,native range,Eastern Europe,9ff7d317-609b-4c08-bd86-3bc404b77c42,141266412,Fallopia baldschuanica (Regel) Holub
5334386,native range,Northern America,9ff7d317-609b-4c08-bd86-3bc404b77c42,141266408,Polygonum achoreum S.F. Blake
5334430,native range,Africa,9ff7d317-609b-4c08-bd86-3bc404b77c42,141266428,Polygonum bellardii All.
5334430,native range,Eastern Asia,9ff7d317-609b-4c08-bd86-3bc404b77c42,141266428,Polygonum bellardii All.
5334430,native range,Eastern Europe,9ff7d317-609b-4c08-bd86-3bc404b77c42,141266428,Polygonum bellardii All.
5334430,native range,Europe,9ff7d317-609b-4c08-bd86-3bc404b77c42,141266428,Polygonum bellardii All.
5334439,native range,Africa,9ff7d317-609b-4c08-bd86-3bc404b77c42,141266427,Polygonum patulum Bieb.
5334439,native range,Eastern Asia,9ff7d317-609b-4c08-bd86-3bc404b77c42,141266427,Polygonum patulum Bieb.
5334439,native range,Eastern Europe,9ff7d317-609b-4c08-bd86-3bc404b77c42,141266427,Polygonum patulum Bieb.
5334439,native range,Europe,9ff7d317-609b-4c08-bd86-3bc404b77c42,141266427,Polygonum patulum Bieb.
5334440,native range,Africa,9ff7d317-609b-4c08-bd86-3bc404b77c42,168400527,Polygonum plebeium R. Brown
5334440,native range,Asia,9ff7d317-609b-4c08-bd86-3bc404b77c42,168400527,Polygonum plebeium R. Brown
5334440,native range,Australia and New Zealand,9ff7d317-609b-4c08-bd86-3bc404b77c42,168400527,Polygonum plebeium R. Brown
5334527,native range,Northern America,9ff7d317-609b-4c08-bd86-3bc404b77c42,141264909,Limnanthes douglasii R. Brown
5336632,native range,Africa,9ff7d317-609b-4c08-bd86-3bc404b77c42,141266588,Crucianella angustifolia L.
5336632,native range,Eastern Asia,9ff7d317-609b-4c08-bd86-3bc404b77c42,141266588,Crucianella angustifolia L.
5336632,native range,Eastern Europe,9ff7d317-609b-4c08-bd86-3bc404b77c42,141266588,Crucianella angustifolia L.
5336632,native range,Europe,9ff7d317-609b-4c08-bd86-3bc404b77c42,141266588,Crucianella angustifolia L.
5341187,native range,Eastern Asia,9ff7d317-609b-4c08-bd86-3bc404b77c42,141266350,Myosotis alpestris F.W. Schmidt
5341187,native range,Eastern Europe,9ff7d317-609b-4c08-bd86-3bc404b77c42,141266350,Myosotis alpestris F.W. Schmidt
5341187,native range,Europe,9ff7d317-609b-4c08-bd86-3bc404b77c42,141266350,Myosotis alpestris F.W. Schmidt
5341187,native range,Northern America,9ff7d317-609b-4c08-bd86-3bc404b77c42,141266350,Myosotis alpestris F.W. Schmidt
5341198,native range,Africa,9ff7d317-609b-4c08-bd86-3bc404b77c42,141266373,Anchusa azurea Mill.
5341198,native range,Eastern Asia,9ff7d317-609b-4c08-bd86-3bc404b77c42,141266373,Anchusa azurea Mill.
5341198,native range,Eastern Europe,9ff7d317-609b-4c08-bd86-3bc404b77c42,141266373,Anchusa azurea Mill.
5341198,native range,Europe,9ff7d317-609b-4c08-bd86-3bc404b77c42,141266373,Anchusa azurea Mill.
5341203,native range,Europe,9ff7d317-609b-4c08-bd86-3bc404b77c42,141266372,Pulmonaria saccharata Mill.
5341204,native range,Europe,9ff7d317-609b-4c08-bd86-3bc404b77c42,141266368,Pulmonaria officinalis L.
5341310,native range,Eastern Asia,9ff7d317-609b-4c08-bd86-3bc404b77c42,141266220,Galeopsis pubescens Besser
5341310,native range,Eastern Europe,9ff7d317-609b-4c08-bd86-3bc404b77c42,141266220,Galeopsis pubescens Besser
5341310,native range,Europe,9ff7d317-609b-4c08-bd86-3bc404b77c42,141266220,Galeopsis pubescens Besser
5341373,native range,Eastern Asia,9ff7d317-609b-4c08-bd86-3bc404b77c42,141266262,Scutellaria altissima L.
5341373,native range,Eastern Europe,9ff7d317-609b-4c08-bd86-3bc404b77c42,141266262,Scutellaria altissima L.
5341373,native range,Europe,9ff7d317-609b-4c08-bd86-3bc404b77c42,141266262,Scutellaria altissima L.
5341387,native range,Africa,9ff7d317-609b-4c08-bd86-3bc404b77c42,141266248,Hyssopus officinalis L.
5341387,native range,Eastern Asia,9ff7d317-609b-4c08-bd86-3bc404b77c42,141266248,Hyssopus officinalis L.
5341387,native range,Eastern Europe,9ff7d317-609b-4c08-bd86-3bc404b77c42,141266248,Hyssopus officinalis L.
5341387,native range,Europe,9ff7d317-609b-4c08-bd86-3bc404b77c42,141266248,Hyssopus officinalis L.
5341394,native range,Asia,9ff7d317-609b-4c08-bd86-3bc404b77c42,141266224,Perilla frutescens (L.) Britton
5341407,native range,Northern America,9ff7d317-609b-4c08-bd86-3bc404b77c42,163968258,Monarda didyma L.
5341442,native range,Africa,9ff7d317-609b-4c08-bd86-3bc404b77c42,141266242,Thymus vulgaris L.
5341442,native range,Eastern Asia,9ff7d317-609b-4c08-bd86-3bc404b77c42,141266242,Thymus vulgaris L.
5341442,native range,Eastern Europe,9ff7d317-609b-4c08-bd86-3bc404b77c42,141266242,Thymus vulgaris L.
5341442,native range,Europe,9ff7d317-609b-4c08-bd86-3bc404b77c42,141266242,Thymus vulgaris L.
5341447,native range,Europe,9ff7d317-609b-4c08-bd86-3bc404b77c42,141266265,Thymus pannonicus All.
5341497,native range,Eastern Asia,9ff7d317-609b-4c08-bd86-3bc404b77c42,141266233,Nepeta racemosa Lam.
5341497,native range,Eastern Europe,9ff7d317-609b-4c08-bd86-3bc404b77c42,141266233,Nepeta racemosa Lam.
5341498,native range,Eastern Asia,9ff7d317-609b-4c08-bd86-3bc404b77c42,141266222,Nepeta grandiflora Bieb.
5341498,native range,Eastern Europe,9ff7d317-609b-4c08-bd86-3bc404b77c42,141266222,Nepeta grandiflora Bieb.
5341501,native range,Africa,9ff7d317-609b-4c08-bd86-3bc404b77c42,141266270,Melissa officinalis L.
5341501,native range,Eastern Asia,9ff7d317-609b-4c08-bd86-3bc404b77c42,141266270,Melissa officinalis L.
5341501,native range,Eastern Europe,9ff7d317-609b-4c08-bd86-3bc404b77c42,141266270,Melissa officinalis L.
5341501,native range,Europe,9ff7d317-609b-4c08-bd86-3bc404b77c42,141266270,Melissa officinalis L.
5341540,native range,Northern America,9ff7d317-609b-4c08-bd86-3bc404b77c42,141264791,Gilia achilleifolia Benth.
5341558,native range,Northern America,9ff7d317-609b-4c08-bd86-3bc404b77c42,141264787,Gilia tricolor Benth.
5341754,native range,South America,9ff7d317-609b-4c08-bd86-3bc404b77c42,141266970,Nicandra physalodes (L.) Gaertn.
5341768,native range,Northern America,9ff7d317-609b-4c08-bd86-3bc404b77c42,141266941,Physalis cinerascens (Dun.) Hitchc.
5341784,native range,South America,9ff7d317-609b-4c08-bd86-3bc404b77c42,141266973,Physalis peruviana L.
5341792,native range,Northern America,9ff7d317-609b-4c08-bd86-3bc404b77c42,141266931,Physalis angulata L. var. angulata
5341797,native range,Northern America,9ff7d317-609b-4c08-bd86-3bc404b77c42,141266966,Physalis grisea (Waterfall) M. Martínez
5341819,native range,Americas,9ff7d317-609b-4c08-bd86-3bc404b77c42,141266944,Physalis pubescens L.
5342618,native range,Africa,9ff7d317-609b-4c08-bd86-3bc404b77c42,141266725,Astragalus onobrychis L.
5342618,native range,Eastern Asia,9ff7d317-609b-4c08-bd86-3bc404b77c42,141266725,Astragalus onobrychis L.
5342618,native range,Eastern Europe,9ff7d317-609b-4c08-bd86-3bc404b77c42,141266725,Astragalus onobrychis L.
5342618,native range,Europe,9ff7d317-609b-4c08-bd86-3bc404b77c42,141266725,Astragalus onobrychis L.
5342681,native range,Africa,9ff7d317-609b-4c08-bd86-3bc404b77c42,141266676,Astragalus hamosus L.
5342681,native range,Eastern Asia,9ff7d317-609b-4c08-bd86-3bc404b77c42,141266676,Astragalus hamosus L.
5342681,native range,Eastern Europe,9ff7d317-609b-4c08-bd86-3bc404b77c42,141266676,Astragalus hamosus L.
5342681,native range,Europe,9ff7d317-609b-4c08-bd86-3bc404b77c42,141266676,Astragalus hamosus L.
5343253,native range,Eastern Asia,9ff7d317-609b-4c08-bd86-3bc404b77c42,141266644,Astragalus cicer L.
5343253,native range,Eastern Europe,9ff7d317-609b-4c08-bd86-3bc404b77c42,141266644,Astragalus cicer L.
5343253,native range,Europe,9ff7d317-609b-4c08-bd86-3bc404b77c42,141266644,Astragalus cicer L.
5344424,native range,Africa,9ff7d317-609b-4c08-bd86-3bc404b77c42,141266777,Astragalus cymbicarpos Brot.
5344424,native range,Europe,9ff7d317-609b-4c08-bd86-3bc404b77c42,141266777,Astragalus cymbicarpos Brot.
5344663,native range,Africa,9ff7d317-609b-4c08-bd86-3bc404b77c42,141266648,Astragalus boeticus L.
5344663,native range,Eastern Asia,9ff7d317-609b-4c08-bd86-3bc404b77c42,141266648,Astragalus boeticus L.
5344663,native range,Eastern Europe,9ff7d317-609b-4c08-bd86-3bc404b77c42,141266648,Astragalus boeticus L.
5344663,native range,Europe,9ff7d317-609b-4c08-bd86-3bc404b77c42,141266648,Astragalus boeticus L.
5345210,native range,Africa,9ff7d317-609b-4c08-bd86-3bc404b77c42,141266655,Astragalus stella L.
5345210,native range,Europe,9ff7d317-609b-4c08-bd86-3bc404b77c42,141266655,Astragalus stella L.
5345430,native range,Eastern Asia,9ff7d317-609b-4c08-bd86-3bc404b77c42,141266759,Astragalus oxyglottis Bieb.
5345430,native range,Eastern Europe,9ff7d317-609b-4c08-bd86-3bc404b77c42,141266759,Astragalus oxyglottis Bieb.
5345430,native range,Europe,9ff7d317-609b-4c08-bd86-3bc404b77c42,141266759,Astragalus oxyglottis Bieb.
5347846,native range,Africa,9ff7d317-609b-4c08-bd86-3bc404b77c42,141266771,Pisum sativum L. var. arvense (L.) Poiret
5347846,native range,Eastern Asia,9ff7d317-609b-4c08-bd86-3bc404b77c42,141266771,Pisum sativum L. var. arvense (L.) Poiret
5347846,native range,Eastern Europe,9ff7d317-609b-4c08-bd86-3bc404b77c42,141266771,Pisum sativum L. var. arvense (L.) Poiret
5347846,native range,Europe,9ff7d317-609b-4c08-bd86-3bc404b77c42,141266771,Pisum sativum L. var. arvense (L.) Poiret
5347854,native range,Africa,9ff7d317-609b-4c08-bd86-3bc404b77c42,141266647,Pisum sativum L. var. sativum
5347854,native range,Eastern Asia,9ff7d317-609b-4c08-bd86-3bc404b77c42,141266647,Pisum sativum L. var. sativum
5347854,native range,Eastern Europe,9ff7d317-609b-4c08-bd86-3bc404b77c42,141266647,Pisum sativum L. var. sativum
5347854,native range,Europe,9ff7d317-609b-4c08-bd86-3bc404b77c42,141266647,Pisum sativum L. var. sativum
5348644,native range,Africa,9ff7d317-609b-4c08-bd86-3bc404b77c42,141266660,Coronilla scorpioides (L.) Koch
5348644,native range,Eastern Asia,9ff7d317-609b-4c08-bd86-3bc404b77c42,141266660,Coronilla scorpioides (L.) Koch
5348644,native range,Eastern Europe,9ff7d317-609b-4c08-bd86-3bc404b77c42,141266660,Coronilla scorpioides (L.) Koch
5348644,native range,Europe,9ff7d317-609b-4c08-bd86-3bc404b77c42,141266660,Coronilla scorpioides (L.) Koch
5349991,native range,Africa,9ff7d317-609b-4c08-bd86-3bc404b77c42,141266719,Securigera securidaca (L.) Degen & Dörfl.
5349991,native range,Eastern Asia,9ff7d317-609b-4c08-bd86-3bc404b77c42,141266719,Securigera securidaca (L.) Degen & Dörfl.
5349991,native range,Eastern Europe,9ff7d317-609b-4c08-bd86-3bc404b77c42,141266719,Securigera securidaca (L.) Degen & Dörfl.
5349991,native range,Europe,9ff7d317-609b-4c08-bd86-3bc404b77c42,141266719,Securigera securidaca (L.) Degen & Dörfl.
5350005,native range,Eastern Asia,9ff7d317-609b-4c08-bd86-3bc404b77c42,141266675,Securigera varia (L.) Lassen
5350005,native range,Eastern Europe,9ff7d317-609b-4c08-bd86-3bc404b77c42,141266675,Securigera varia (L.) Lassen
5350005,native range,Europe,9ff7d317-609b-4c08-bd86-3bc404b77c42,141266675,Securigera varia (L.) Lassen
5350452,native range,South America,9ff7d317-609b-4c08-bd86-3bc404b77c42,141266683,Phaseolus vulgaris L.
5350466,native range,South America,9ff7d317-609b-4c08-bd86-3bc404b77c42,141266773,Phaseolus coccineus L.
5352251,native range,Northern America,9ff7d317-609b-4c08-bd86-3bc404b77c42,141266782,Robinia pseudoacacia L.
5352372,native range,Eastern Asia,9ff7d317-609b-4c08-bd86-3bc404b77c42,141266669,Anthyllis vulneraria L. subsp. polyphylla (DC.) Nyman
5352372,native range,Eastern Europe,9ff7d317-609b-4c08-bd86-3bc404b77c42,141266669,Anthyllis vulneraria L. subsp. polyphylla (DC.) Nyman
5352372,native range,Europe,9ff7d317-609b-4c08-bd86-3bc404b77c42,141266669,Anthyllis vulneraria L. subsp. polyphylla (DC.) Nyman
5352425,native range,Europe,9ff7d317-609b-4c08-bd86-3bc404b77c42,141266764,Anthyllis vulneraria L. subsp. carpatica (Pant.) Nyman
5353590,native range,Africa,9ff7d317-609b-4c08-bd86-3bc404b77c42,141266804,Cercis siliquastrum L.
5353590,native range,Eastern Asia,9ff7d317-609b-4c08-bd86-3bc404b77c42,141266804,Cercis siliquastrum L.
5353590,native range,Eastern Europe,9ff7d317-609b-4c08-bd86-3bc404b77c42,141266804,Cercis siliquastrum L.
5353590,native range,Europe,9ff7d317-609b-4c08-bd86-3bc404b77c42,141266804,Cercis siliquastrum L.
5353705,native range,Eastern Asia,9ff7d317-609b-4c08-bd86-3bc404b77c42,141266714,Hippocrepis emerus (L.) Lassen
5353705,native range,Eastern Europe,9ff7d317-609b-4c08-bd86-3bc404b77c42,141266714,Hippocrepis emerus (L.) Lassen
5353705,native range,Europe,9ff7d317-609b-4c08-bd86-3bc404b77c42,141266714,Hippocrepis emerus (L.) Lassen
5353770,native range,South America,9ff7d317-609b-4c08-bd86-3bc404b77c42,141266692,Arachis hypogaea L.
5354530,native range,Eastern Asia,9ff7d317-609b-4c08-bd86-3bc404b77c42,141266798,Cytisus hirsutus L.
5354530,native range,Eastern Europe,9ff7d317-609b-4c08-bd86-3bc404b77c42,141266798,Cytisus hirsutus L.
5354530,native range,Europe,9ff7d317-609b-4c08-bd86-3bc404b77c42,141266798,Cytisus hirsutus L.
5354676,native range,Europe,9ff7d317-609b-4c08-bd86-3bc404b77c42,141266679,Cytisus decumbens (Durande) Spach
5354707,native range,Europe,9ff7d317-609b-4c08-bd86-3bc404b77c42,141266769,Cytisus striatus (Hill) Rothm.
5354799,native range,Africa,9ff7d317-609b-4c08-bd86-3bc404b77c42,141266800,Dorycnium hirsutum (L.) Seringe
5354799,native range,Eastern Asia,9ff7d317-609b-4c08-bd86-3bc404b77c42,141266800,Dorycnium hirsutum (L.) Seringe
5354799,native range,Eastern Europe,9ff7d317-609b-4c08-bd86-3bc404b77c42,141266800,Dorycnium hirsutum (L.) Seringe
5354799,native range,Europe,9ff7d317-609b-4c08-bd86-3bc404b77c42,141266800,Dorycnium hirsutum (L.) Seringe
5355395,native range,Africa,9ff7d317-609b-4c08-bd86-3bc404b77c42,141266784,Spartium junceum L.
5355395,native range,Eastern Asia,9ff7d317-609b-4c08-bd86-3bc404b77c42,141266784,Spartium junceum L.
5355395,native range,Eastern Europe,9ff7d317-609b-4c08-bd86-3bc404b77c42,141266784,Spartium junceum L.
5355395,native range,Europe,9ff7d317-609b-4c08-bd86-3bc404b77c42,141266784,Spartium junceum L.
5356345,native range,Europe,9ff7d317-609b-4c08-bd86-3bc404b77c42,141266671,Laburnum anagyroides Med.
5356361,native range,Africa,9ff7d317-609b-4c08-bd86-3bc404b77c42,141266695,Lathyrus annuus L.
5356361,native range,Eastern Asia,9ff7d317-609b-4c08-bd86-3bc404b77c42,141266695,Lathyrus annuus L.
5356361,native range,Eastern Europe,9ff7d317-609b-4c08-bd86-3bc404b77c42,141266695,Lathyrus annuus L.
5356361,native range,Europe,9ff7d317-609b-4c08-bd86-3bc404b77c42,141266695,Lathyrus annuus L.
5356407,native range,Africa,9ff7d317-609b-4c08-bd86-3bc404b77c42,141266643,Lathyrus clymenum L.
5356407,native range,Eastern Asia,9ff7d317-609b-4c08-bd86-3bc404b77c42,141266643,Lathyrus clymenum L.
5356407,native range,Eastern Europe,9ff7d317-609b-4c08-bd86-3bc404b77c42,141266643,Lathyrus clymenum L.
5356407,native range,Europe,9ff7d317-609b-4c08-bd86-3bc404b77c42,141266643,Lathyrus clymenum L.
5356429,native range,Africa,9ff7d317-609b-4c08-bd86-3bc404b77c42,141266775,Lathyrus angulatus L.
5356429,native range,Eastern Asia,9ff7d317-609b-4c08-bd86-3bc404b77c42,141266775,Lathyrus angulatus L.
5356429,native range,Eastern Europe,9ff7d317-609b-4c08-bd86-3bc404b77c42,141266775,Lathyrus angulatus L.
5356429,native range,Europe,9ff7d317-609b-4c08-bd86-3bc404b77c42,141266775,Lathyrus angulatus L.
5356441,native range,Africa,9ff7d317-609b-4c08-bd86-3bc404b77c42,141266658,Lathyrus ochrus (L.) DC.
5356441,native range,Eastern Asia,9ff7d317-609b-4c08-bd86-3bc404b77c42,141266658,Lathyrus ochrus (L.) DC.
5356441,native range,Eastern Europe,9ff7d317-609b-4c08-bd86-3bc404b77c42,141266658,Lathyrus ochrus (L.) DC.
5356441,native range,Europe,9ff7d317-609b-4c08-bd86-3bc404b77c42,141266658,Lathyrus ochrus (L.) DC.
5356481,native range,Africa,9ff7d317-609b-4c08-bd86-3bc404b77c42,141266806,Lathyrus cicera L.
5356481,native range,Eastern Asia,9ff7d317-609b-4c08-bd86-3bc404b77c42,141266806,Lathyrus cicera L.
5356481,native range,Eastern Europe,9ff7d317-609b-4c08-bd86-3bc404b77c42,141266806,Lathyrus cicera L.
5356481,native range,Europe,9ff7d317-609b-4c08-bd86-3bc404b77c42,141266806,Lathyrus cicera L.
5356488,native range,Africa,9ff7d317-609b-4c08-bd86-3bc404b77c42,141266723,Lathyrus sativus L.
5356488,native range,Asia,9ff7d317-609b-4c08-bd86-3bc404b77c42,141266723,Lathyrus sativus L.
5356488,native range,Europe,9ff7d317-609b-4c08-bd86-3bc404b77c42,141266723,Lathyrus sativus L.
5356514,native range,Europe,9ff7d317-609b-4c08-bd86-3bc404b77c42,141266742,Lathyrus odoratus L.
5356517,native range,Africa,9ff7d317-609b-4c08-bd86-3bc404b77c42,141266685,Lathyrus latifolius L.
5356517,native range,Europe,9ff7d317-609b-4c08-bd86-3bc404b77c42,141266685,Lathyrus latifolius L.
5356541,native range,Europe,9ff7d317-609b-4c08-bd86-3bc404b77c42,141266809,Lathyrus heterophyllus L.
5356614,native range,Africa,9ff7d317-609b-4c08-bd86-3bc404b77c42,141266756,Lathyrus inconspicuus L.
5356614,native range,Eastern Asia,9ff7d317-609b-4c08-bd86-3bc404b77c42,141266756,Lathyrus inconspicuus L.
5356614,native range,Eastern Europe,9ff7d317-609b-4c08-bd86-3bc404b77c42,141266756,Lathyrus inconspicuus L.
5356614,native range,Europe,9ff7d317-609b-4c08-bd86-3bc404b77c42,141266756,Lathyrus inconspicuus L.
5356662,native range,Africa,9ff7d317-609b-4c08-bd86-3bc404b77c42,141266796,Lathyrus niger (L.) Bernh.
5356662,native range,Eastern Asia,9ff7d317-609b-4c08-bd86-3bc404b77c42,141266796,Lathyrus niger (L.) Bernh.
5356662,native range,Eastern Europe,9ff7d317-609b-4c08-bd86-3bc404b77c42,141266796,Lathyrus niger (L.) Bernh.
5356662,native range,Europe,9ff7d317-609b-4c08-bd86-3bc404b77c42,141266796,Lathyrus niger (L.) Bernh.
5356680,native range,Africa,9ff7d317-609b-4c08-bd86-3bc404b77c42,141266748,Lathyrus sphaericus Retz.
5356680,native range,Eastern Asia,9ff7d317-609b-4c08-bd86-3bc404b77c42,141266748,Lathyrus sphaericus Retz.
5356680,native range,Eastern Europe,9ff7d317-609b-4c08-bd86-3bc404b77c42,141266748,Lathyrus sphaericus Retz.
5356680,native range,Europe,9ff7d317-609b-4c08-bd86-3bc404b77c42,141266748,Lathyrus sphaericus Retz.
5356704,native range,Eastern Asia,9ff7d317-609b-4c08-bd86-3bc404b77c42,141266793,Lathyrus vernus (L.) Bernh.
5356704,native range,Eastern Europe,9ff7d317-609b-4c08-bd86-3bc404b77c42,141266793,Lathyrus vernus (L.) Bernh.
5356704,native range,Europe,9ff7d317-609b-4c08-bd86-3bc404b77c42,141266793,Lathyrus vernus (L.) Bernh.
5356862,native range,Africa,9ff7d317-609b-4c08-bd86-3bc404b77c42,141266740,Lotus tetragonolobus L.
5356862,native range,Eastern Asia,9ff7d317-609b-4c08-bd86-3bc404b77c42,141266740,Lotus tetragonolobus L.
5356862,native range,Eastern Europe,9ff7d317-609b-4c08-bd86-3bc404b77c42,141266740,Lotus tetragonolobus L.
5356862,native range,Europe,9ff7d317-609b-4c08-bd86-3bc404b77c42,141266740,Lotus tetragonolobus L.
5356892,native range,Africa,9ff7d317-609b-4c08-bd86-3bc404b77c42,168400546,Lotus hispidus DC.
5356892,native range,Europe,9ff7d317-609b-4c08-bd86-3bc404b77c42,168400546,Lotus hispidus DC.
5356931,native range,Africa,9ff7d317-609b-4c08-bd86-3bc404b77c42,141266810,Lotus angustissimus L.
5356931,native range,Eastern Asia,9ff7d317-609b-4c08-bd86-3bc404b77c42,141266810,Lotus angustissimus L.
5356931,native range,Eastern Europe,9ff7d317-609b-4c08-bd86-3bc404b77c42,141266810,Lotus angustissimus L.
5356931,native range,Europe,9ff7d317-609b-4c08-bd86-3bc404b77c42,141266810,Lotus angustissimus L.
5356971,native range,Africa,9ff7d317-609b-4c08-bd86-3bc404b77c42,141266808,Lotus conimbricensis Brot.
5356971,native range,Eastern Asia,9ff7d317-609b-4c08-bd86-3bc404b77c42,141266808,Lotus conimbricensis Brot.
5356971,native range,Eastern Europe,9ff7d317-609b-4c08-bd86-3bc404b77c42,141266808,Lotus conimbricensis Brot.
5356971,native range,Europe,9ff7d317-609b-4c08-bd86-3bc404b77c42,141266808,Lotus conimbricensis Brot.
5356973,native range,Africa,9ff7d317-609b-4c08-bd86-3bc404b77c42,141266672,Lotus maritimus L.
5356973,native range,Eastern Asia,9ff7d317-609b-4c08-bd86-3bc404b77c42,141266672,Lotus maritimus L.
5356973,native range,Eastern Europe,9ff7d317-609b-4c08-bd86-3bc404b77c42,141266672,Lotus maritimus L.
5356973,native range,Europe,9ff7d317-609b-4c08-bd86-3bc404b77c42,141266672,Lotus maritimus L.
5357407,native range,Northern America,9ff7d317-609b-4c08-bd86-3bc404b77c42,141266710,Amorpha fruticosa L.
5358265,native range,Africa,9ff7d317-609b-4c08-bd86-3bc404b77c42,141266778,Ornithopus compressus L.
5358265,native range,Eastern Asia,9ff7d317-609b-4c08-bd86-3bc404b77c42,141266778,Ornithopus compressus L.
5358265,native range,Eastern Europe,9ff7d317-609b-4c08-bd86-3bc404b77c42,141266778,Ornithopus compressus L.
5358265,native range,Europe,9ff7d317-609b-4c08-bd86-3bc404b77c42,141266778,Ornithopus compressus L.
5358266,native range,Africa,9ff7d317-609b-4c08-bd86-3bc404b77c42,141266766,Ornithopus sativus Brot.
5358266,native range,Europe,9ff7d317-609b-4c08-bd86-3bc404b77c42,141266766,Ornithopus sativus Brot.
5358301,native range,Africa,9ff7d317-609b-4c08-bd86-3bc404b77c42,141266661,Scorpiurus vermiculatus L.
5358301,native range,Europe,9ff7d317-609b-4c08-bd86-3bc404b77c42,141266661,Scorpiurus vermiculatus L.
5358302,native range,Africa,9ff7d317-609b-4c08-bd86-3bc404b77c42,141266650,Scorpiurus muricatus L. subsp. sulcatus (L.) Thell.
5358302,native range,Eastern Asia,9ff7d317-609b-4c08-bd86-3bc404b77c42,141266650,Scorpiurus muricatus L. subsp. sulcatus (L.) Thell.
5358302,native range,Eastern Europe,9ff7d317-609b-4c08-bd86-3bc404b77c42,141266650,Scorpiurus muricatus L. subsp. sulcatus (L.) Thell.
5358302,native range,Europe,9ff7d317-609b-4c08-bd86-3bc404b77c42,141266650,Scorpiurus muricatus L. subsp. sulcatus (L.) Thell.
5358694,native range,Africa,9ff7d317-609b-4c08-bd86-3bc404b77c42,141266712,Trifolium glomeratum L.
5358694,native range,Eastern Asia,9ff7d317-609b-4c08-bd86-3bc404b77c42,141266712,Trifolium glomeratum L.
5358694,native range,Eastern Europe,9ff7d317-609b-4c08-bd86-3bc404b77c42,141266712,Trifolium glomeratum L.
5358694,native range,Europe,9ff7d317-609b-4c08-bd86-3bc404b77c42,141266712,Trifolium glomeratum L.
5358774,native range,Africa,9ff7d317-609b-4c08-bd86-3bc404b77c42,141266818,Trifolium nigrescens Viv.
5358774,native range,Eastern Asia,9ff7d317-609b-4c08-bd86-3bc404b77c42,141266818,Trifolium nigrescens Viv.
5358774,native range,Eastern Europe,9ff7d317-609b-4c08-bd86-3bc404b77c42,141266818,Trifolium nigrescens Viv.
5358774,native range,Europe,9ff7d317-609b-4c08-bd86-3bc404b77c42,141266818,Trifolium nigrescens Viv.
5358906,native range,Africa,9ff7d317-609b-4c08-bd86-3bc404b77c42,141266674,Trifolium constantinopolitanum Seringe
5358906,native range,Eastern Asia,9ff7d317-609b-4c08-bd86-3bc404b77c42,141266674,Trifolium constantinopolitanum Seringe
5358906,native range,Eastern Europe,9ff7d317-609b-4c08-bd86-3bc404b77c42,141266674,Trifolium constantinopolitanum Seringe
5358907,native range,Africa,9ff7d317-609b-4c08-bd86-3bc404b77c42,141266659,Trifolium alexandrinum L.
5358907,native range,Eastern Asia,9ff7d317-609b-4c08-bd86-3bc404b77c42,141266659,Trifolium alexandrinum L.
5358907,native range,Eastern Europe,9ff7d317-609b-4c08-bd86-3bc404b77c42,141266659,Trifolium alexandrinum L.
5358912,native range,Europe,9ff7d317-609b-4c08-bd86-3bc404b77c42,141266807,Trifolium diffusum Ehrh.
5358913,native range,Africa,9ff7d317-609b-4c08-bd86-3bc404b77c42,141266789,Trifolium lappaceum L.
5358913,native range,Eastern Asia,9ff7d317-609b-4c08-bd86-3bc404b77c42,141266789,Trifolium lappaceum L.
5358913,native range,Eastern Europe,9ff7d317-609b-4c08-bd86-3bc404b77c42,141266789,Trifolium lappaceum L.
5358913,native range,Europe,9ff7d317-609b-4c08-bd86-3bc404b77c42,141266789,Trifolium lappaceum L.
5359037,native range,Africa,9ff7d317-609b-4c08-bd86-3bc404b77c42,141266664,Trifolium stellatum L.
5359037,native range,Eastern Asia,9ff7d317-609b-4c08-bd86-3bc404b77c42,141266664,Trifolium stellatum L.
5359037,native range,Eastern Europe,9ff7d317-609b-4c08-bd86-3bc404b77c42,141266664,Trifolium stellatum L.
5359037,native range,Europe,9ff7d317-609b-4c08-bd86-3bc404b77c42,141266664,Trifolium stellatum L.
5359067,native range,Eastern Asia,9ff7d317-609b-4c08-bd86-3bc404b77c42,141266732,Trifolium pannonicum Jacq.
5359067,native range,Eastern Europe,9ff7d317-609b-4c08-bd86-3bc404b77c42,141266732,Trifolium pannonicum Jacq.
5359067,native range,Europe,9ff7d317-609b-4c08-bd86-3bc404b77c42,141266732,Trifolium pannonicum Jacq.
5359099,native range,Africa,9ff7d317-609b-4c08-bd86-3bc404b77c42,141266653,Trifolium suffocatum L.
5359099,native range,Eastern Asia,9ff7d317-609b-4c08-bd86-3bc404b77c42,141266653,Trifolium suffocatum L.
5359099,native range,Eastern Europe,9ff7d317-609b-4c08-bd86-3bc404b77c42,141266653,Trifolium suffocatum L.
5359099,native range,Europe,9ff7d317-609b-4c08-bd86-3bc404b77c42,141266653,Trifolium suffocatum L.
5359109,native range,Africa,9ff7d317-609b-4c08-bd86-3bc404b77c42,141266750,Trifolium squarrosum L.
5359109,native range,Eastern Asia,9ff7d317-609b-4c08-bd86-3bc404b77c42,141266750,Trifolium squarrosum L.
5359109,native range,Eastern Europe,9ff7d317-609b-4c08-bd86-3bc404b77c42,141266750,Trifolium squarrosum L.
5359109,native range,Europe,9ff7d317-609b-4c08-bd86-3bc404b77c42,141266750,Trifolium squarrosum L.
5359118,native range,Eastern Asia,9ff7d317-609b-4c08-bd86-3bc404b77c42,141266686,Trifolium retusum L.
5359118,native range,Eastern Europe,9ff7d317-609b-4c08-bd86-3bc404b77c42,141266686,Trifolium retusum L.
5359118,native range,Europe,9ff7d317-609b-4c08-bd86-3bc404b77c42,141266686,Trifolium retusum L.
5359169,native range,Eastern Asia,9ff7d317-609b-4c08-bd86-3bc404b77c42,141266805,Trifolium michelianum Savi
5359169,native range,Eastern Europe,9ff7d317-609b-4c08-bd86-3bc404b77c42,141266805,Trifolium michelianum Savi
5359169,native range,Europe,9ff7d317-609b-4c08-bd86-3bc404b77c42,141266805,Trifolium michelianum Savi
5359175,native range,Africa,9ff7d317-609b-4c08-bd86-3bc404b77c42,141266720,Trifolium resupinatum L.
5359175,native range,Eastern Asia,9ff7d317-609b-4c08-bd86-3bc404b77c42,141266720,Trifolium resupinatum L.
5359175,native range,Eastern Europe,9ff7d317-609b-4c08-bd86-3bc404b77c42,141266720,Trifolium resupinatum L.
5359175,native range,Europe,9ff7d317-609b-4c08-bd86-3bc404b77c42,141266720,Trifolium resupinatum L.
5359194,native range,Africa,9ff7d317-609b-4c08-bd86-3bc404b77c42,141266687,Trifolium squamosum L.
5359194,native range,Eastern Asia,9ff7d317-609b-4c08-bd86-3bc404b77c42,141266687,Trifolium squamosum L.
5359194,native range,Eastern Europe,9ff7d317-609b-4c08-bd86-3bc404b77c42,141266687,Trifolium squamosum L.
5359194,native range,Europe,9ff7d317-609b-4c08-bd86-3bc404b77c42,141266687,Trifolium squamosum L.
5359249,native range,Europe,9ff7d317-609b-4c08-bd86-3bc404b77c42,141266735,Trifolium rubens L.
5359260,native range,Eastern Asia,9ff7d317-609b-4c08-bd86-3bc404b77c42,141266781,Trifolium patens Schreb.
5359260,native range,Eastern Europe,9ff7d317-609b-4c08-bd86-3bc404b77c42,141266781,Trifolium patens Schreb.
5359260,native range,Europe,9ff7d317-609b-4c08-bd86-3bc404b77c42,141266781,Trifolium patens Schreb.
5359263,native range,Africa,9ff7d317-609b-4c08-bd86-3bc404b77c42,141266813,Trifolium spumosum L.
5359263,native range,Eastern Asia,9ff7d317-609b-4c08-bd86-3bc404b77c42,141266813,Trifolium spumosum L.
5359263,native range,Eastern Europe,9ff7d317-609b-4c08-bd86-3bc404b77c42,141266813,Trifolium spumosum L.
5359263,native range,Europe,9ff7d317-609b-4c08-bd86-3bc404b77c42,141266813,Trifolium spumosum L.
5359334,native range,Eastern Asia,9ff7d317-609b-4c08-bd86-3bc404b77c42,141266767,Trifolium vesiculosum Savi
5359334,native range,Eastern Europe,9ff7d317-609b-4c08-bd86-3bc404b77c42,141266767,Trifolium vesiculosum Savi
5359334,native range,Europe,9ff7d317-609b-4c08-bd86-3bc404b77c42,141266767,Trifolium vesiculosum Savi
5359345,native range,Africa,9ff7d317-609b-4c08-bd86-3bc404b77c42,141266743,Trifolium echinatum Bieb.
5359345,native range,Eastern Asia,9ff7d317-609b-4c08-bd86-3bc404b77c42,141266743,Trifolium echinatum Bieb.
5359345,native range,Eastern Europe,9ff7d317-609b-4c08-bd86-3bc404b77c42,141266743,Trifolium echinatum Bieb.
5359345,native range,Europe,9ff7d317-609b-4c08-bd86-3bc404b77c42,141266743,Trifolium echinatum Bieb.
5359378,native range,Europe,9ff7d317-609b-4c08-bd86-3bc404b77c42,141266717,Trifolium incarnatum L.
5359395,native range,Africa,9ff7d317-609b-4c08-bd86-3bc404b77c42,141266730,Trifolium angustifolium L.
5359395,native range,Eastern Asia,9ff7d317-609b-4c08-bd86-3bc404b77c42,141266730,Trifolium angustifolium L.
5359395,native range,Eastern Europe,9ff7d317-609b-4c08-bd86-3bc404b77c42,141266730,Trifolium angustifolium L.
5359395,native range,Europe,9ff7d317-609b-4c08-bd86-3bc404b77c42,141266730,Trifolium angustifolium L.
5359402,native range,Eastern Asia,9ff7d317-609b-4c08-bd86-3bc404b77c42,141266786,Trifolium hybridum L. subsp. elegans (Savi) Aschers. & Graebn.
5359402,native range,Eastern Europe,9ff7d317-609b-4c08-bd86-3bc404b77c42,141266786,Trifolium hybridum L. subsp. elegans (Savi) Aschers. & Graebn.
5359402,native range,Europe,9ff7d317-609b-4c08-bd86-3bc404b77c42,141266786,Trifolium hybridum L. subsp. elegans (Savi) Aschers. & Graebn.
5359411,native range,Africa,9ff7d317-609b-4c08-bd86-3bc404b77c42,141266770,Trifolium pallidum Waldst. & Kit.
5359411,native range,Eastern Asia,9ff7d317-609b-4c08-bd86-3bc404b77c42,141266770,Trifolium pallidum Waldst. & Kit.
5359411,native range,Eastern Europe,9ff7d317-609b-4c08-bd86-3bc404b77c42,141266770,Trifolium pallidum Waldst. & Kit.
5359411,native range,Europe,9ff7d317-609b-4c08-bd86-3bc404b77c42,141266770,Trifolium pallidum Waldst. & Kit.
5359445,native range,Africa,9ff7d317-609b-4c08-bd86-3bc404b77c42,141266783,Trifolium hirtum All.
5359445,native range,Eastern Asia,9ff7d317-609b-4c08-bd86-3bc404b77c42,141266783,Trifolium hirtum All.
5359445,native range,Eastern Europe,9ff7d317-609b-4c08-bd86-3bc404b77c42,141266783,Trifolium hirtum All.
5359445,native range,Europe,9ff7d317-609b-4c08-bd86-3bc404b77c42,141266783,Trifolium hirtum All.
5359447,native range,Africa,9ff7d317-609b-4c08-bd86-3bc404b77c42,141266811,Trifolium isthmocarpum Brot.
5359447,native range,Europe,9ff7d317-609b-4c08-bd86-3bc404b77c42,141266811,Trifolium isthmocarpum Brot.
5359475,native range,Africa,9ff7d317-609b-4c08-bd86-3bc404b77c42,141266797,Trifolium strictum L.
5359475,native range,Eastern Asia,9ff7d317-609b-4c08-bd86-3bc404b77c42,141266797,Trifolium strictum L.
5359475,native range,Eastern Europe,9ff7d317-609b-4c08-bd86-3bc404b77c42,141266797,Trifolium strictum L.
5359475,native range,Europe,9ff7d317-609b-4c08-bd86-3bc404b77c42,141266797,Trifolium strictum L.
5359499,native range,Eastern Asia,9ff7d317-609b-4c08-bd86-3bc404b77c42,141266691,Trifolium alpestre L.
5359499,native range,Eastern Europe,9ff7d317-609b-4c08-bd86-3bc404b77c42,141266691,Trifolium alpestre L.
5359499,native range,Europe,9ff7d317-609b-4c08-bd86-3bc404b77c42,141266691,Trifolium alpestre L.
5359510,native range,Africa,9ff7d317-609b-4c08-bd86-3bc404b77c42,141266689,Trifolium tomentosum L.
5359510,native range,Eastern Asia,9ff7d317-609b-4c08-bd86-3bc404b77c42,141266689,Trifolium tomentosum L.
5359510,native range,Eastern Europe,9ff7d317-609b-4c08-bd86-3bc404b77c42,141266689,Trifolium tomentosum L.
5359510,native range,Europe,9ff7d317-609b-4c08-bd86-3bc404b77c42,141266689,Trifolium tomentosum L.
5359526,native range,Africa,9ff7d317-609b-4c08-bd86-3bc404b77c42,141266762,Trifolium purpureum Loisel.
5359526,native range,Eastern Asia,9ff7d317-609b-4c08-bd86-3bc404b77c42,141266762,Trifolium purpureum Loisel.
5359526,native range,Eastern Europe,9ff7d317-609b-4c08-bd86-3bc404b77c42,141266762,Trifolium purpureum Loisel.
5359526,native range,Europe,9ff7d317-609b-4c08-bd86-3bc404b77c42,141266762,Trifolium purpureum Loisel.
5359660,native range,Europe,9ff7d317-609b-4c08-bd86-3bc404b77c42,141266772,Glycine max (L.) Merrill
5360402,native range,Eastern Asia,9ff7d317-609b-4c08-bd86-3bc404b77c42,141266694,Trigonella procumbens (Besser) Reichenb.
5360402,native range,Eastern Europe,9ff7d317-609b-4c08-bd86-3bc404b77c42,141266694,Trigonella procumbens (Besser) Reichenb.
5360402,native range,Europe,9ff7d317-609b-4c08-bd86-3bc404b77c42,141266694,Trigonella procumbens (Besser) Reichenb.
5360415,native range,Eastern Asia,9ff7d317-609b-4c08-bd86-3bc404b77c42,141266815,Trigonella calliceras Fisch.
5360415,native range,Eastern Europe,9ff7d317-609b-4c08-bd86-3bc404b77c42,141266815,Trigonella calliceras Fisch.
5360417,native range,Africa,9ff7d317-609b-4c08-bd86-3bc404b77c42,141266780,Trigonella stellata Forssk.
5360417,native range,Eastern Asia,9ff7d317-609b-4c08-bd86-3bc404b77c42,141266780,Trigonella stellata Forssk.
5360417,native range,Eastern Europe,9ff7d317-609b-4c08-bd86-3bc404b77c42,141266780,Trigonella stellata Forssk.
5360429,native range,Eastern Asia,9ff7d317-609b-4c08-bd86-3bc404b77c42,141266812,Trigonella caelesyriaca Boiss.
5360429,native range,Eastern Europe,9ff7d317-609b-4c08-bd86-3bc404b77c42,141266812,Trigonella caelesyriaca Boiss.
5360451,native range,Africa,9ff7d317-609b-4c08-bd86-3bc404b77c42,141266677,Trigonella esculenta Willd.
5360451,native range,Eastern Asia,9ff7d317-609b-4c08-bd86-3bc404b77c42,141266677,Trigonella esculenta Willd.
5360451,native range,Eastern Europe,9ff7d317-609b-4c08-bd86-3bc404b77c42,141266677,Trigonella esculenta Willd.
5360451,native range,Europe,9ff7d317-609b-4c08-bd86-3bc404b77c42,141266677,Trigonella esculenta Willd.
5360465,native range,Africa,9ff7d317-609b-4c08-bd86-3bc404b77c42,141266755,Trigonella arabica Delile
5360465,native range,Eastern Asia,9ff7d317-609b-4c08-bd86-3bc404b77c42,141266755,Trigonella arabica Delile
5360465,native range,Eastern Europe,9ff7d317-609b-4c08-bd86-3bc404b77c42,141266755,Trigonella arabica Delile
5360475,native range,Africa,9ff7d317-609b-4c08-bd86-3bc404b77c42,141266716,Trigonella foenum-graecum L.
5360475,native range,Eastern Asia,9ff7d317-609b-4c08-bd86-3bc404b77c42,141266716,Trigonella foenum-graecum L.
5360475,native range,Eastern Europe,9ff7d317-609b-4c08-bd86-3bc404b77c42,141266716,Trigonella foenum-graecum L.
5360475,native range,Europe,9ff7d317-609b-4c08-bd86-3bc404b77c42,141266716,Trigonella foenum-graecum L.
5360498,native range,Europe,9ff7d317-609b-4c08-bd86-3bc404b77c42,141266792,Trigonella caerulea (L.) Seringe
5360508,native range,Africa,9ff7d317-609b-4c08-bd86-3bc404b77c42,141266699,Trigonella maritima Delile ex Poiret
5360508,native range,Eastern Asia,9ff7d317-609b-4c08-bd86-3bc404b77c42,141266699,Trigonella maritima Delile ex Poiret
5360508,native range,Eastern Europe,9ff7d317-609b-4c08-bd86-3bc404b77c42,141266699,Trigonella maritima Delile ex Poiret
5360508,native range,Europe,9ff7d317-609b-4c08-bd86-3bc404b77c42,141266699,Trigonella maritima Delile ex Poiret
5360523,native range,Eastern Asia,9ff7d317-609b-4c08-bd86-3bc404b77c42,141266737,Trigonella spinosa L.
5360523,native range,Eastern Europe,9ff7d317-609b-4c08-bd86-3bc404b77c42,141266737,Trigonella spinosa L.
5360523,native range,Europe,9ff7d317-609b-4c08-bd86-3bc404b77c42,141266737,Trigonella spinosa L.
5361762,native range,Northern America,9ff7d317-609b-4c08-bd86-3bc404b77c42,141264639,Myriophyllum heterophyllum Michaux
5361785,native range,South America,9ff7d317-609b-4c08-bd86-3bc404b77c42,141264640,Myriophyllum aquaticum (Velloso) Verdc.
5361841,native range,South America,9ff7d317-609b-4c08-bd86-3bc404b77c42,141264882,Pilea microphylla (L.) Liebm.
5361880,native range,Asia,9ff7d317-609b-4c08-bd86-3bc404b77c42,141264844,Cannabis sativa L.
5361888,native range,Eastern Asia,9ff7d317-609b-4c08-bd86-3bc404b77c42,141264673,Morus nigra L.
5361888,native range,Eastern Europe,9ff7d317-609b-4c08-bd86-3bc404b77c42,141264673,Morus nigra L.
5361889,native range,Eastern Asia,9ff7d317-609b-4c08-bd86-3bc404b77c42,141264672,Morus alba L.
5361889,native range,Eastern Europe,9ff7d317-609b-4c08-bd86-3bc404b77c42,141264672,Morus alba L.
5361909,native range,Eastern Asia,9ff7d317-609b-4c08-bd86-3bc404b77c42,141264675,Ficus carica L.
5361909,native range,Eastern Europe,9ff7d317-609b-4c08-bd86-3bc404b77c42,141264675,Ficus carica L.
5361944,native range,Eastern Asia,9ff7d317-609b-4c08-bd86-3bc404b77c42,141264674,Broussonetia papyrifera (L.) Vent.
5361944,native range,Eastern Europe,9ff7d317-609b-4c08-bd86-3bc404b77c42,141264674,Broussonetia papyrifera (L.) Vent.
5361982,native range,Eastern Asia,9ff7d317-609b-4c08-bd86-3bc404b77c42,141265045,Sedum hispanicum L.
5361982,native range,Eastern Europe,9ff7d317-609b-4c08-bd86-3bc404b77c42,141265045,Sedum hispanicum L.
5361982,native range,Europe,9ff7d317-609b-4c08-bd86-3bc404b77c42,141265045,Sedum hispanicum L.
5362004,native range,Eastern Asia,9ff7d317-609b-4c08-bd86-3bc404b77c42,141265042,Sedum sarmentosum Bunge
5362004,native range,Eastern Europe,9ff7d317-609b-4c08-bd86-3bc404b77c42,141265042,Sedum sarmentosum Bunge
5362046,native range,Northern America,9ff7d317-609b-4c08-bd86-3bc404b77c42,168400489,Sedum spathulifolium Hook.
5362054,native range,Australia and New Zealand,9ff7d317-609b-4c08-bd86-3bc404b77c42,141265050,Crassula helmsii (T. Kirk) Cock.
5362136,native range,Eastern Asia,9ff7d317-609b-4c08-bd86-3bc404b77c42,141265406,Aruncus dioicus (Walter) Fernald
5362136,native range,Eastern Europe,9ff7d317-609b-4c08-bd86-3bc404b77c42,141265406,Aruncus dioicus (Walter) Fernald
5362136,native range,Europe,9ff7d317-609b-4c08-bd86-3bc404b77c42,141265406,Aruncus dioicus (Walter) Fernald
5362136,native range,Northern America,9ff7d317-609b-4c08-bd86-3bc404b77c42,141265406,Aruncus dioicus (Walter) Fernald
5362215,native range,Asia,9ff7d317-609b-4c08-bd86-3bc404b77c42,141265366,Cydonia oblonga Mill.
5363613,native range,Northern America,9ff7d317-609b-4c08-bd86-3bc404b77c42,141265432,Aronia prunifolia (Marshall). Rehd.
5363627,native range,Northern America,9ff7d317-609b-4c08-bd86-3bc404b77c42,141265414,Aronia melanocarpa (Michaux) S. Elliott
5365305,native range,Eastern Asia,9ff7d317-609b-4c08-bd86-3bc404b77c42,141265463,Potentilla norvegica L.
5365305,native range,Eastern Europe,9ff7d317-609b-4c08-bd86-3bc404b77c42,141265463,Potentilla norvegica L.
5365305,native range,Europe,9ff7d317-609b-4c08-bd86-3bc404b77c42,141265463,Potentilla norvegica L.
5365305,native range,Northern America,9ff7d317-609b-4c08-bd86-3bc404b77c42,141265463,Potentilla norvegica L.
5365494,native range,Eastern Asia,9ff7d317-609b-4c08-bd86-3bc404b77c42,163968244,Potentilla atrosanguinea G.Lodd. ex D.Don
5365494,native range,Eastern Europe,9ff7d317-609b-4c08-bd86-3bc404b77c42,163968244,Potentilla atrosanguinea G.Lodd. ex D.Don
5365705,native range,Eastern Asia,9ff7d317-609b-4c08-bd86-3bc404b77c42,141265461,Potentilla intermedia L.
5365705,native range,Eastern Europe,9ff7d317-609b-4c08-bd86-3bc404b77c42,141265461,Potentilla intermedia L.
5365717,native range,Asia,9ff7d317-609b-4c08-bd86-3bc404b77c42,141265394,Potentilla indica (G. Jackson) T. Wolf
5365888,native range,Eastern Asia,9ff7d317-609b-4c08-bd86-3bc404b77c42,141265460,Potentilla inclinata Vill.
5365888,native range,Eastern Europe,9ff7d317-609b-4c08-bd86-3bc404b77c42,141265460,Potentilla inclinata Vill.
5365888,native range,Europe,9ff7d317-609b-4c08-bd86-3bc404b77c42,141265460,Potentilla inclinata Vill.
5366327,native range,Europe,9ff7d317-609b-4c08-bd86-3bc404b77c42,141265469,Potentilla montana Brot.
5367186,native range,Northern America,9ff7d317-609b-4c08-bd86-3bc404b77c42,141265458,Potentilla rivalis Nutt. ex Torr. & A. Gray
5367214,native range,Eastern Asia,9ff7d317-609b-4c08-bd86-3bc404b77c42,141265434,Potentilla nepalensis Hooker
5367214,native range,Eastern Europe,9ff7d317-609b-4c08-bd86-3bc404b77c42,141265434,Potentilla nepalensis Hooker
5369784,native range,Eastern Asia,9ff7d317-609b-4c08-bd86-3bc404b77c42,141265385,Geum macrophyllum Willd.
5369784,native range,Eastern Europe,9ff7d317-609b-4c08-bd86-3bc404b77c42,141265385,Geum macrophyllum Willd.
5369784,native range,Northern America,9ff7d317-609b-4c08-bd86-3bc404b77c42,141265385,Geum macrophyllum Willd.
5370006,native range,Eastern Asia,9ff7d317-609b-4c08-bd86-3bc404b77c42,141265484,Geum ternatum (Stephan) Smedmark
5370006,native range,Eastern Europe,9ff7d317-609b-4c08-bd86-3bc404b77c42,141265484,Geum ternatum (Stephan) Smedmark
5370006,native range,Europe,9ff7d317-609b-4c08-bd86-3bc404b77c42,141265484,Geum ternatum (Stephan) Smedmark
5370043,native range,South America,9ff7d317-609b-4c08-bd86-3bc404b77c42,141265471,Geum quellyon Sweet
5370380,native range,Eastern Asia,9ff7d317-609b-4c08-bd86-3bc404b77c42,141265404,Dasiphora fruticosa (L.) Rydberg
5370380,native range,Eastern Europe,9ff7d317-609b-4c08-bd86-3bc404b77c42,141265404,Dasiphora fruticosa (L.) Rydberg
5370380,native range,Europe,9ff7d317-609b-4c08-bd86-3bc404b77c42,141265404,Dasiphora fruticosa (L.) Rydberg
5370380,native range,Northern America,9ff7d317-609b-4c08-bd86-3bc404b77c42,141265404,Dasiphora fruticosa (L.) Rydberg
5370829,native range,Australia and New Zealand,9ff7d317-609b-4c08-bd86-3bc404b77c42,168400499,Acaena caesiiglauca (Bitter) Bergmans
5371450,native range,Eastern Asia,9ff7d317-609b-4c08-bd86-3bc404b77c42,141265369,Kerria japonica (L.) DC.
5371450,native range,Eastern Europe,9ff7d317-609b-4c08-bd86-3bc404b77c42,141265369,Kerria japonica (L.) DC.
5371605,native range,Northern America,9ff7d317-609b-4c08-bd86-3bc404b77c42,141265005,Tolmiea menziesii (Pursh) Torr. & A.Gray
5371610,native range,Northern America,9ff7d317-609b-4c08-bd86-3bc404b77c42,141265004,Tiarella cordifolia L.
5371655,native range,Northern America,9ff7d317-609b-4c08-bd86-3bc404b77c42,308609341,Halesia carolina L.
5371699,native range,Eastern Asia,9ff7d317-609b-4c08-bd86-3bc404b77c42,141266859,Anemone hepatica L.
5371699,native range,Eastern Europe,9ff7d317-609b-4c08-bd86-3bc404b77c42,141266859,Anemone hepatica L.
5371699,native range,Europe,9ff7d317-609b-4c08-bd86-3bc404b77c42,141266859,Anemone hepatica L.
5371700,native range,Africa,9ff7d317-609b-4c08-bd86-3bc404b77c42,141266864,Nigella sativa L.
5371700,native range,Eastern Asia,9ff7d317-609b-4c08-bd86-3bc404b77c42,141266864,Nigella sativa L.
5371700,native range,Eastern Europe,9ff7d317-609b-4c08-bd86-3bc404b77c42,141266864,Nigella sativa L.
5371702,native range,Africa,9ff7d317-609b-4c08-bd86-3bc404b77c42,141266866,Nigella damascena L.
5371702,native range,Eastern Asia,9ff7d317-609b-4c08-bd86-3bc404b77c42,141266866,Nigella damascena L.
5371702,native range,Eastern Europe,9ff7d317-609b-4c08-bd86-3bc404b77c42,141266866,Nigella damascena L.
5371702,native range,Europe,9ff7d317-609b-4c08-bd86-3bc404b77c42,141266866,Nigella damascena L.
5371709,native range,Africa,9ff7d317-609b-4c08-bd86-3bc404b77c42,141266855,Adonis annua L.
5371709,native range,Eastern Asia,9ff7d317-609b-4c08-bd86-3bc404b77c42,141266855,Adonis annua L.
5371709,native range,Eastern Europe,9ff7d317-609b-4c08-bd86-3bc404b77c42,141266855,Adonis annua L.
5371709,native range,Europe,9ff7d317-609b-4c08-bd86-3bc404b77c42,141266855,Adonis annua L.
5371746,native range,Africa,9ff7d317-609b-4c08-bd86-3bc404b77c42,141266092,Anthriscus cerefolium (L.) Hoffmann
5371746,native range,Europe,9ff7d317-609b-4c08-bd86-3bc404b77c42,141266092,Anthriscus cerefolium (L.) Hoffmann
5371753,native range,Africa,9ff7d317-609b-4c08-bd86-3bc404b77c42,141266076,Ammi visnaga (L.) Lam.
5371753,native range,Eastern Asia,9ff7d317-609b-4c08-bd86-3bc404b77c42,141266076,Ammi visnaga (L.) Lam.
5371753,native range,Eastern Europe,9ff7d317-609b-4c08-bd86-3bc404b77c42,141266076,Ammi visnaga (L.) Lam.
5371753,native range,Europe,9ff7d317-609b-4c08-bd86-3bc404b77c42,141266076,Ammi visnaga (L.) Lam.
5371772,native range,Eastern Asia,9ff7d317-609b-4c08-bd86-3bc404b77c42,148437432,Levisticum officinale W.D.J. Koch
5371772,native range,Eastern Europe,9ff7d317-609b-4c08-bd86-3bc404b77c42,148437432,Levisticum officinale W.D.J. Koch
5371808,native range,Eastern Asia,9ff7d317-609b-4c08-bd86-3bc404b77c42,141266073,Angelica archangelica L.
5371808,native range,Eastern Europe,9ff7d317-609b-4c08-bd86-3bc404b77c42,141266073,Angelica archangelica L.
5371808,native range,Europe,9ff7d317-609b-4c08-bd86-3bc404b77c42,141266073,Angelica archangelica L.
5371869,native range,Africa,9ff7d317-609b-4c08-bd86-3bc404b77c42,141266080,Bifora testiculata (L.) Spreng.
5371869,native range,Eastern Asia,9ff7d317-609b-4c08-bd86-3bc404b77c42,141266080,Bifora testiculata (L.) Spreng.
5371869,native range,Eastern Europe,9ff7d317-609b-4c08-bd86-3bc404b77c42,141266080,Bifora testiculata (L.) Spreng.
5371869,native range,Europe,9ff7d317-609b-4c08-bd86-3bc404b77c42,141266080,Bifora testiculata (L.) Spreng.
5371870,native range,Eastern Asia,9ff7d317-609b-4c08-bd86-3bc404b77c42,141266088,Bifora radians Bieb.
5371870,native range,Eastern Europe,9ff7d317-609b-4c08-bd86-3bc404b77c42,141266088,Bifora radians Bieb.
5371870,native range,Europe,9ff7d317-609b-4c08-bd86-3bc404b77c42,141266088,Bifora radians Bieb.
5371889,native range,Eastern Asia,9ff7d317-609b-4c08-bd86-3bc404b77c42,141266070,Oenanthe pimpinelloides L.
5371889,native range,Eastern Europe,9ff7d317-609b-4c08-bd86-3bc404b77c42,141266070,Oenanthe pimpinelloides L.
5371889,native range,Europe,9ff7d317-609b-4c08-bd86-3bc404b77c42,141266070,Oenanthe pimpinelloides L.
5372392,native range,Europe,9ff7d317-609b-4c08-bd86-3bc404b77c42,141264744,Vitis vinifera L.
5372457,native range,Eastern Asia,9ff7d317-609b-4c08-bd86-3bc404b77c42,141264997,Paliurus spina-christi Mill.
5372457,native range,Eastern Europe,9ff7d317-609b-4c08-bd86-3bc404b77c42,141264997,Paliurus spina-christi Mill.
5372457,native range,Europe,9ff7d317-609b-4c08-bd86-3bc404b77c42,141264997,Paliurus spina-christi Mill.
5372614,native range,Northern America,9ff7d317-609b-4c08-bd86-3bc404b77c42,141266630,Salix eriocephala Michaux
5372639,native range,Eastern Asia,9ff7d317-609b-4c08-bd86-3bc404b77c42,141266620,Salix babylonica L. var. pekinensis A. Henry
5372639,native range,Eastern Europe,9ff7d317-609b-4c08-bd86-3bc404b77c42,141266620,Salix babylonica L. var. pekinensis A. Henry
5372647,native range,Eastern Asia,9ff7d317-609b-4c08-bd86-3bc404b77c42,141266618,Salix pentandra L.
5372647,native range,Eastern Europe,9ff7d317-609b-4c08-bd86-3bc404b77c42,141266618,Salix pentandra L.
5372647,native range,Europe,9ff7d317-609b-4c08-bd86-3bc404b77c42,141266618,Salix pentandra L.
5372827,native range,Northern America,9ff7d317-609b-4c08-bd86-3bc404b77c42,141266624,Salix irrorata Anderss.
5372854,native range,Northern America,9ff7d317-609b-4c08-bd86-3bc404b77c42,141266621,Salix nigra Marsh.
5372875,native range,Eastern Asia,9ff7d317-609b-4c08-bd86-3bc404b77c42,141266625,Salix myrsinifolia Salisb.
5372875,native range,Eastern Europe,9ff7d317-609b-4c08-bd86-3bc404b77c42,141266625,Salix myrsinifolia Salisb.
5372875,native range,Europe,9ff7d317-609b-4c08-bd86-3bc404b77c42,141266625,Salix myrsinifolia Salisb.
5373324,native range,Europe,9ff7d317-609b-4c08-bd86-3bc404b77c42,141265952,Lunaria annua L.
5373358,native range,Africa,9ff7d317-609b-4c08-bd86-3bc404b77c42,141265972,Lobularia maritima (L.) Desv.
5373358,native range,Eastern Asia,9ff7d317-609b-4c08-bd86-3bc404b77c42,141265972,Lobularia maritima (L.) Desv.
5373358,native range,Eastern Europe,9ff7d317-609b-4c08-bd86-3bc404b77c42,141265972,Lobularia maritima (L.) Desv.
5373358,native range,Europe,9ff7d317-609b-4c08-bd86-3bc404b77c42,141265972,Lobularia maritima (L.) Desv.
5373365,native range,Eastern Asia,9ff7d317-609b-4c08-bd86-3bc404b77c42,141266020,Rapistrum perenne (L.) All.
5373365,native range,Eastern Europe,9ff7d317-609b-4c08-bd86-3bc404b77c42,141266020,Rapistrum perenne (L.) All.
5373365,native range,Europe,9ff7d317-609b-4c08-bd86-3bc404b77c42,141266020,Rapistrum perenne (L.) All.
5373368,native range,Africa,9ff7d317-609b-4c08-bd86-3bc404b77c42,141266003,Rapistrum rugosum (L.) All. s.l.
5373368,native range,Eastern Asia,9ff7d317-609b-4c08-bd86-3bc404b77c42,141266003,Rapistrum rugosum (L.) All. s.l.
5373368,native range,Eastern Europe,9ff7d317-609b-4c08-bd86-3bc404b77c42,141266003,Rapistrum rugosum (L.) All. s.l.
5373368,native range,Europe,9ff7d317-609b-4c08-bd86-3bc404b77c42,141266003,Rapistrum rugosum (L.) All. s.l.
5373440,native range,Africa,9ff7d317-609b-4c08-bd86-3bc404b77c42,141266010,Strigosella africana (L.) Botsch. var. africana
5373440,native range,Eastern Asia,9ff7d317-609b-4c08-bd86-3bc404b77c42,141266010,Strigosella africana (L.) Botsch. var. africana
5373440,native range,Eastern Europe,9ff7d317-609b-4c08-bd86-3bc404b77c42,141266010,Strigosella africana (L.) Botsch. var. africana
5373440,native range,Europe,9ff7d317-609b-4c08-bd86-3bc404b77c42,141266010,Strigosella africana (L.) Botsch. var. africana
5373483,native range,Africa,9ff7d317-609b-4c08-bd86-3bc404b77c42,141266001,Crambe abyssinica Hochst. ex R.E. Fries
5373483,native range,Europe,9ff7d317-609b-4c08-bd86-3bc404b77c42,141266001,Crambe abyssinica Hochst. ex R.E. Fries
5374118,native range,Africa,9ff7d317-609b-4c08-bd86-3bc404b77c42,141265988,Isatis tinctoria L.
5374118,native range,Eastern Asia,9ff7d317-609b-4c08-bd86-3bc404b77c42,141265988,Isatis tinctoria L.
5374118,native range,Eastern Europe,9ff7d317-609b-4c08-bd86-3bc404b77c42,141265988,Isatis tinctoria L.
5374118,native range,Europe,9ff7d317-609b-4c08-bd86-3bc404b77c42,141265988,Isatis tinctoria L.
5374614,native range,Eastern Asia,9ff7d317-609b-4c08-bd86-3bc404b77c42,141266002,Barbarea stricta Andrz.
5374614,native range,Eastern Europe,9ff7d317-609b-4c08-bd86-3bc404b77c42,141266002,Barbarea stricta Andrz.
5374614,native range,Europe,9ff7d317-609b-4c08-bd86-3bc404b77c42,141266002,Barbarea stricta Andrz.
5374672,native range,Eastern Asia,9ff7d317-609b-4c08-bd86-3bc404b77c42,141265985,Barbarea verna (Mill.) Aschers.
5374672,native range,Eastern Europe,9ff7d317-609b-4c08-bd86-3bc404b77c42,141265985,Barbarea verna (Mill.) Aschers.
5374672,native range,Europe,9ff7d317-609b-4c08-bd86-3bc404b77c42,141265985,Barbarea verna (Mill.) Aschers.
5374922,native range,Eastern Asia,9ff7d317-609b-4c08-bd86-3bc404b77c42,141265998,Arabis alpina L. subsp. caucasica (Willd. ex Schlecht.) Briq.
5374922,native range,Eastern Europe,9ff7d317-609b-4c08-bd86-3bc404b77c42,141265998,Arabis alpina L. subsp. caucasica (Willd. ex Schlecht.) Briq.
5374922,native range,Europe,9ff7d317-609b-4c08-bd86-3bc404b77c42,141265998,Arabis alpina L. subsp. caucasica (Willd. ex Schlecht.) Briq.
5374933,native range,Europe,9ff7d317-609b-4c08-bd86-3bc404b77c42,141266017,Arabis planisiliqua (Pers.) Reichenb.
5374998,native range,Europe,9ff7d317-609b-4c08-bd86-3bc404b77c42,141265950,Arabis collina Ten.
5375012,native range,Europe,9ff7d317-609b-4c08-bd86-3bc404b77c42,141266041,Arabis procurrens Waldst. & Kit.
5375105,native range,Europe,9ff7d317-609b-4c08-bd86-3bc404b77c42,141266008,Arabis auriculata Lam.
5375285,native range,Africa,9ff7d317-609b-4c08-bd86-3bc404b77c42,141265935,Carrichtera annua (L.) DC.
5375285,native range,Eastern Asia,9ff7d317-609b-4c08-bd86-3bc404b77c42,141265935,Carrichtera annua (L.) DC.
5375285,native range,Eastern Europe,9ff7d317-609b-4c08-bd86-3bc404b77c42,141265935,Carrichtera annua (L.) DC.
5375285,native range,Europe,9ff7d317-609b-4c08-bd86-3bc404b77c42,141265935,Carrichtera annua (L.) DC.
5375547,native range,Europe,9ff7d317-609b-4c08-bd86-3bc404b77c42,141265974,Erucastrum gallicum (Willd.) O.E. Schulz
5375555,native range,Europe,9ff7d317-609b-4c08-bd86-3bc404b77c42,141266040,Erucastrum nasturtiifolium (Poiret) O.E. Schulz
5375920,native range,Africa,9ff7d317-609b-4c08-bd86-3bc404b77c42,141265960,Eruca vesicaria (L.) Cav. subsp. sativa (Mill.) Thell.
5375920,native range,Eastern Asia,9ff7d317-609b-4c08-bd86-3bc404b77c42,141265960,Eruca vesicaria (L.) Cav. subsp. sativa (Mill.) Thell.
5375920,native range,Eastern Europe,9ff7d317-609b-4c08-bd86-3bc404b77c42,141265960,Eruca vesicaria (L.) Cav. subsp. sativa (Mill.) Thell.
5375920,native range,Europe,9ff7d317-609b-4c08-bd86-3bc404b77c42,141265960,Eruca vesicaria (L.) Cav. subsp. sativa (Mill.) Thell.
5376035,native range,Africa,9ff7d317-609b-4c08-bd86-3bc404b77c42,141266038,Moricandia arvensis (L.) DC.
5376035,native range,Europe,9ff7d317-609b-4c08-bd86-3bc404b77c42,141266038,Moricandia arvensis (L.) DC.
5376139,native range,Africa,9ff7d317-609b-4c08-bd86-3bc404b77c42,141265992,Hornungia alpina (L.) O. Appel
5376139,native range,Europe,9ff7d317-609b-4c08-bd86-3bc404b77c42,141265992,Hornungia alpina (L.) O. Appel
5376179,native range,Africa,9ff7d317-609b-4c08-bd86-3bc404b77c42,168400510,Hornungia petraea (L.) Reichenb.
5376179,native range,Europe,9ff7d317-609b-4c08-bd86-3bc404b77c42,168400510,Hornungia petraea (L.) Reichenb.
5376309,native range,Africa,9ff7d317-609b-4c08-bd86-3bc404b77c42,141266005,Diplotaxis erucoides (L.) DC.
5376309,native range,Eastern Asia,9ff7d317-609b-4c08-bd86-3bc404b77c42,141266005,Diplotaxis erucoides (L.) DC.
5376309,native range,Eastern Europe,9ff7d317-609b-4c08-bd86-3bc404b77c42,141266005,Diplotaxis erucoides (L.) DC.
5376309,native range,Europe,9ff7d317-609b-4c08-bd86-3bc404b77c42,141266005,Diplotaxis erucoides (L.) DC.
5376326,native range,Africa,9ff7d317-609b-4c08-bd86-3bc404b77c42,141265978,Diplotaxis virgata (Cav.) DC.
5376326,native range,Europe,9ff7d317-609b-4c08-bd86-3bc404b77c42,141265978,Diplotaxis virgata (Cav.) DC.
5376481,native range,Africa,9ff7d317-609b-4c08-bd86-3bc404b77c42,141265971,Lepidium schinzii Thell.
5376494,native range,Africa,9ff7d317-609b-4c08-bd86-3bc404b77c42,141265986,Lepidium desertorum Eckl. & Zeyh.
5376530,native range,Africa,9ff7d317-609b-4c08-bd86-3bc404b77c42,141265984,Lepidium africanum (Burm. f.) DC.
5376565,native range,Africa,9ff7d317-609b-4c08-bd86-3bc404b77c42,141265929,Lepidium sativum L.
5376565,native range,Eastern Asia,9ff7d317-609b-4c08-bd86-3bc404b77c42,141265929,Lepidium sativum L.
5376565,native range,Eastern Europe,9ff7d317-609b-4c08-bd86-3bc404b77c42,141265929,Lepidium sativum L.
5376648,native range,Northern America,9ff7d317-609b-4c08-bd86-3bc404b77c42,141265964,Lepidium virginicum L.
5376692,native range,Africa,9ff7d317-609b-4c08-bd86-3bc404b77c42,141265955,Lepidium latifolium L.
5376692,native range,Eastern Asia,9ff7d317-609b-4c08-bd86-3bc404b77c42,141265955,Lepidium latifolium L.
5376692,native range,Eastern Europe,9ff7d317-609b-4c08-bd86-3bc404b77c42,141265955,Lepidium latifolium L.
5376692,native range,Europe,9ff7d317-609b-4c08-bd86-3bc404b77c42,141265955,Lepidium latifolium L.
5376785,native range,Australia and New Zealand,9ff7d317-609b-4c08-bd86-3bc404b77c42,141265999,Lepidium fasciculatum Thell.
5376816,native range,Eastern Asia,9ff7d317-609b-4c08-bd86-3bc404b77c42,141265973,Lepidium perfoliatum L.
5376816,native range,Eastern Europe,9ff7d317-609b-4c08-bd86-3bc404b77c42,141265973,Lepidium perfoliatum L.
5376816,native range,Europe,9ff7d317-609b-4c08-bd86-3bc404b77c42,141265973,Lepidium perfoliatum L.
5376846,native range,Europe,9ff7d317-609b-4c08-bd86-3bc404b77c42,141266030,Lepidium heterophyllum Benth.
5376874,native range,Africa,9ff7d317-609b-4c08-bd86-3bc404b77c42,141265963,Lepidium hirtum (L.) Smith
5376874,native range,Eastern Asia,9ff7d317-609b-4c08-bd86-3bc404b77c42,141265963,Lepidium hirtum (L.) Smith
5376874,native range,Eastern Europe,9ff7d317-609b-4c08-bd86-3bc404b77c42,141265963,Lepidium hirtum (L.) Smith
5376874,native range,Europe,9ff7d317-609b-4c08-bd86-3bc404b77c42,141265963,Lepidium hirtum (L.) Smith
5376925,native range,South America,9ff7d317-609b-4c08-bd86-3bc404b77c42,141265976,Lepidium bonariense L.
5376961,native range,Africa,9ff7d317-609b-4c08-bd86-3bc404b77c42,141265965,Lepidium draba L. subsp. draba
5376961,native range,Eastern Asia,9ff7d317-609b-4c08-bd86-3bc404b77c42,141265965,Lepidium draba L. subsp. draba
5376961,native range,Eastern Europe,9ff7d317-609b-4c08-bd86-3bc404b77c42,141265965,Lepidium draba L. subsp. draba
5376961,native range,Europe,9ff7d317-609b-4c08-bd86-3bc404b77c42,141265965,Lepidium draba L. subsp. draba
5376994,native range,Africa,9ff7d317-609b-4c08-bd86-3bc404b77c42,141265991,Lepidium graminifolium L.
5376994,native range,Eastern Asia,9ff7d317-609b-4c08-bd86-3bc404b77c42,141265991,Lepidium graminifolium L.
5376994,native range,Eastern Europe,9ff7d317-609b-4c08-bd86-3bc404b77c42,141265991,Lepidium graminifolium L.
5376994,native range,Europe,9ff7d317-609b-4c08-bd86-3bc404b77c42,141265991,Lepidium graminifolium L.
5377060,native range,South America,9ff7d317-609b-4c08-bd86-3bc404b77c42,141266009,Lepidium didymum L.
5377064,native range,Northern America,9ff7d317-609b-4c08-bd86-3bc404b77c42,141266021,Lepidium neglectum Thell.
5377196,native range,Africa,9ff7d317-609b-4c08-bd86-3bc404b77c42,141266022,Iberis odorata L.
5377196,native range,Eastern Asia,9ff7d317-609b-4c08-bd86-3bc404b77c42,141266022,Iberis odorata L.
5377196,native range,Eastern Europe,9ff7d317-609b-4c08-bd86-3bc404b77c42,141266022,Iberis odorata L.
5377196,native range,Europe,9ff7d317-609b-4c08-bd86-3bc404b77c42,141266022,Iberis odorata L.
5377286,native range,Europe,9ff7d317-609b-4c08-bd86-3bc404b77c42,141265990,Iberis pinnata L.
5377303,native range,Africa,9ff7d317-609b-4c08-bd86-3bc404b77c42,141265936,Iberis umbellata L.
5377303,native range,Eastern Asia,9ff7d317-609b-4c08-bd86-3bc404b77c42,141265936,Iberis umbellata L.
5377303,native range,Eastern Europe,9ff7d317-609b-4c08-bd86-3bc404b77c42,141265936,Iberis umbellata L.
5377303,native range,Europe,9ff7d317-609b-4c08-bd86-3bc404b77c42,141265936,Iberis umbellata L.
5377678,native range,Africa,9ff7d317-609b-4c08-bd86-3bc404b77c42,141265968,Erucaria hispanica (L.) Druce
5377678,native range,Eastern Asia,9ff7d317-609b-4c08-bd86-3bc404b77c42,141265968,Erucaria hispanica (L.) Druce
5377678,native range,Eastern Europe,9ff7d317-609b-4c08-bd86-3bc404b77c42,141265968,Erucaria hispanica (L.) Druce
5377678,native range,Europe,9ff7d317-609b-4c08-bd86-3bc404b77c42,141265968,Erucaria hispanica (L.) Druce
5377778,native range,Eastern Asia,9ff7d317-609b-4c08-bd86-3bc404b77c42,141266042,Aurinia saxatilis (L.) Desv.
5377778,native range,Eastern Europe,9ff7d317-609b-4c08-bd86-3bc404b77c42,141266042,Aurinia saxatilis (L.) Desv.
5377778,native range,Europe,9ff7d317-609b-4c08-bd86-3bc404b77c42,141266042,Aurinia saxatilis (L.) Desv.
5380041,native range,Africa,9ff7d317-609b-4c08-bd86-3bc404b77c42,141267038,Ricinus communis L.
5381097,native range,Africa,9ff7d317-609b-4c08-bd86-3bc404b77c42,141264617,Phyllanthus tenellus Roxb.
5383909,native range,Eastern Asia,9ff7d317-609b-4c08-bd86-3bc404b77c42,141266166,Bassia hyssopifolia (Pallas) O. Kuntze
5383909,native range,Eastern Europe,9ff7d317-609b-4c08-bd86-3bc404b77c42,141266166,Bassia hyssopifolia (Pallas) O. Kuntze
5383909,native range,Europe,9ff7d317-609b-4c08-bd86-3bc404b77c42,141266166,Bassia hyssopifolia (Pallas) O. Kuntze
5383926,native range,Eastern Asia,9ff7d317-609b-4c08-bd86-3bc404b77c42,141266194,Beta trigyna Waldst. & Kit.
5383926,native range,Eastern Europe,9ff7d317-609b-4c08-bd86-3bc404b77c42,141266194,Beta trigyna Waldst. & Kit.
5383926,native range,Europe,9ff7d317-609b-4c08-bd86-3bc404b77c42,141266194,Beta trigyna Waldst. & Kit.
5383936,native range,Eastern Asia,9ff7d317-609b-4c08-bd86-3bc404b77c42,141266181,Bassia scoparia (L.) Voss s.l.
5383936,native range,Eastern Europe,9ff7d317-609b-4c08-bd86-3bc404b77c42,141266181,Bassia scoparia (L.) Voss s.l.
5383936,native range,Europe,9ff7d317-609b-4c08-bd86-3bc404b77c42,141266181,Bassia scoparia (L.) Voss s.l.
5383969,native range,Africa,9ff7d317-609b-4c08-bd86-3bc404b77c42,141266206,Blitum virgatum L.
5383969,native range,Eastern Asia,9ff7d317-609b-4c08-bd86-3bc404b77c42,141266206,Blitum virgatum L.
5383969,native range,Eastern Europe,9ff7d317-609b-4c08-bd86-3bc404b77c42,141266206,Blitum virgatum L.
5383969,native range,Europe,9ff7d317-609b-4c08-bd86-3bc404b77c42,141266206,Blitum virgatum L.
5383971,native range,Europe,9ff7d317-609b-4c08-bd86-3bc404b77c42,141266136,Blitum capitatum L.
5384307,native range,Australia and New Zealand,9ff7d317-609b-4c08-bd86-3bc404b77c42,141266316,Tetragonia tetragonioides (Pallas) O. Kuntze
5384307,native range,South America,9ff7d317-609b-4c08-bd86-3bc404b77c42,141266316,Tetragonia tetragonioides (Pallas) O. Kuntze
5384307,native range,Southern Asia,9ff7d317-609b-4c08-bd86-3bc404b77c42,141266316,Tetragonia tetragonioides (Pallas) O. Kuntze
5384332,native range,South America,9ff7d317-609b-4c08-bd86-3bc404b77c42,141266154,Amaranthus muricatus (Moq.) Hieron.
5384334,native range,South America,9ff7d317-609b-4c08-bd86-3bc404b77c42,141266102,Amaranthus viridis L.
5384341,native range,South America,9ff7d317-609b-4c08-bd86-3bc404b77c42,141266119,Amaranthus crispus (Lesp. & Thév.) N. Terrac.
5384342,native range,Americas,9ff7d317-609b-4c08-bd86-3bc404b77c42,141266155,Amaranthus polygonoides L.
5384359,native range,Northern America,9ff7d317-609b-4c08-bd86-3bc404b77c42,141266114,Amaranthus hybridus L. subsp. hybridus var. pseudoretroflexus (Thell.) Carretero
5384361,native range,Europe,9ff7d317-609b-4c08-bd86-3bc404b77c42,141266149,Amaranthus powellii S. Watson subsp. bouchonii (Thell.) Costea & Carretero
5384364,native range,Americas,9ff7d317-609b-4c08-bd86-3bc404b77c42,141266108,Amaranthus hybridus L. subsp. hybridus var. hybridus
5384370,native range,Northern America,9ff7d317-609b-4c08-bd86-3bc404b77c42,141266158,Amaranthus scleropoides Uline & Bray
5384373,native range,Africa,9ff7d317-609b-4c08-bd86-3bc404b77c42,141266159,Amaranthus graecizans L.
5384373,native range,Asia,9ff7d317-609b-4c08-bd86-3bc404b77c42,141266159,Amaranthus graecizans L.
5384373,native range,Europe,9ff7d317-609b-4c08-bd86-3bc404b77c42,141266159,Amaranthus graecizans L.
5384383,native range,Africa,9ff7d317-609b-4c08-bd86-3bc404b77c42,141266113,Amaranthus thunbergii Moq.
5384390,native range,South America,9ff7d317-609b-4c08-bd86-3bc404b77c42,141266104,Amaranthus cruentus L.
5384393,native range,Northern America,9ff7d317-609b-4c08-bd86-3bc404b77c42,141266157,Amaranthus palmeri S. Watson
5384395,native range,Northern America,9ff7d317-609b-4c08-bd86-3bc404b77c42,141266199,Amaranthus blitoides S. Watson
5384396,native range,South America,9ff7d317-609b-4c08-bd86-3bc404b77c42,141266138,Amaranthus deflexus L.
5384458,native range,Eastern Asia,9ff7d317-609b-4c08-bd86-3bc404b77c42,141267215,Gypsophila paniculata L.
5384458,native range,Eastern Europe,9ff7d317-609b-4c08-bd86-3bc404b77c42,141267215,Gypsophila paniculata L.
5384458,native range,Europe,9ff7d317-609b-4c08-bd86-3bc404b77c42,141267215,Gypsophila paniculata L.
5384459,native range,Eastern Asia,9ff7d317-609b-4c08-bd86-3bc404b77c42,141267191,Gypsophila pilosa Huds.
5384459,native range,Eastern Europe,9ff7d317-609b-4c08-bd86-3bc404b77c42,141267191,Gypsophila pilosa Huds.
5384465,native range,Eastern Asia,9ff7d317-609b-4c08-bd86-3bc404b77c42,141267174,Gypsophila scorzonerifolia Seringe
5384465,native range,Eastern Europe,9ff7d317-609b-4c08-bd86-3bc404b77c42,141267174,Gypsophila scorzonerifolia Seringe
5384466,native range,Eastern Asia,9ff7d317-609b-4c08-bd86-3bc404b77c42,141267179,Gypsophila elegans Bieb.
5384466,native range,Eastern Europe,9ff7d317-609b-4c08-bd86-3bc404b77c42,141267179,Gypsophila elegans Bieb.
5384741,native range,Africa,9ff7d317-609b-4c08-bd86-3bc404b77c42,141267197,Silene coronaria (L.) Clairv.
5384741,native range,Eastern Asia,9ff7d317-609b-4c08-bd86-3bc404b77c42,141267197,Silene coronaria (L.) Clairv.
5384741,native range,Eastern Europe,9ff7d317-609b-4c08-bd86-3bc404b77c42,141267197,Silene coronaria (L.) Clairv.
5384741,native range,Europe,9ff7d317-609b-4c08-bd86-3bc404b77c42,141267197,Silene coronaria (L.) Clairv.
5384773,native range,Africa,9ff7d317-609b-4c08-bd86-3bc404b77c42,141267194,Silene pendula L.
5384773,native range,Eastern Asia,9ff7d317-609b-4c08-bd86-3bc404b77c42,141267194,Silene pendula L.
5384773,native range,Eastern Europe,9ff7d317-609b-4c08-bd86-3bc404b77c42,141267194,Silene pendula L.
5384773,native range,Europe,9ff7d317-609b-4c08-bd86-3bc404b77c42,141267194,Silene pendula L.
5384782,native range,Eastern Asia,9ff7d317-609b-4c08-bd86-3bc404b77c42,141267199,Silene cserei Baumg.
5384782,native range,Eastern Europe,9ff7d317-609b-4c08-bd86-3bc404b77c42,141267199,Silene cserei Baumg.
5384782,native range,Europe,9ff7d317-609b-4c08-bd86-3bc404b77c42,141267199,Silene cserei Baumg.
5384818,native range,Eastern Asia,9ff7d317-609b-4c08-bd86-3bc404b77c42,141267185,Silene dichotoma Ehrh.
5384818,native range,Eastern Europe,9ff7d317-609b-4c08-bd86-3bc404b77c42,141267185,Silene dichotoma Ehrh.
5384818,native range,Europe,9ff7d317-609b-4c08-bd86-3bc404b77c42,141267185,Silene dichotoma Ehrh.
5384848,native range,Africa,9ff7d317-609b-4c08-bd86-3bc404b77c42,141267196,Silene gallica L.
5384848,native range,Eastern Asia,9ff7d317-609b-4c08-bd86-3bc404b77c42,141267196,Silene gallica L.
5384848,native range,Eastern Europe,9ff7d317-609b-4c08-bd86-3bc404b77c42,141267196,Silene gallica L.
5384848,native range,Europe,9ff7d317-609b-4c08-bd86-3bc404b77c42,141267196,Silene gallica L.
5384852,native range,Eastern Asia,9ff7d317-609b-4c08-bd86-3bc404b77c42,141267182,Silene conoidea L.
5384852,native range,Eastern Europe,9ff7d317-609b-4c08-bd86-3bc404b77c42,141267182,Silene conoidea L.
5384852,native range,Europe,9ff7d317-609b-4c08-bd86-3bc404b77c42,141267182,Silene conoidea L.
5384889,native range,Northern America,9ff7d317-609b-4c08-bd86-3bc404b77c42,141265030,Abronia fragrans Nutt.
5384931,native range,Eastern Asia,9ff7d317-609b-4c08-bd86-3bc404b77c42,141264750,Houttuynia cordata Thunb.
5384931,native range,Eastern Europe,9ff7d317-609b-4c08-bd86-3bc404b77c42,141264750,Houttuynia cordata Thunb.
5384932,native range,Northern America,9ff7d317-609b-4c08-bd86-3bc404b77c42,141264749,Saururus cernuus L.
5386028,native range,Africa,9ff7d317-609b-4c08-bd86-3bc404b77c42,141265216,Cyanus triumfettii (All.) Á. Löve & D. Löve
5386028,native range,Eastern Asia,9ff7d317-609b-4c08-bd86-3bc404b77c42,141265216,Cyanus triumfettii (All.) Á. Löve & D. Löve
5386028,native range,Eastern Europe,9ff7d317-609b-4c08-bd86-3bc404b77c42,141265216,Cyanus triumfettii (All.) Á. Löve & D. Löve
5386028,native range,Europe,9ff7d317-609b-4c08-bd86-3bc404b77c42,141265216,Cyanus triumfettii (All.) Á. Löve & D. Löve
5386764,native range,South America,9ff7d317-609b-4c08-bd86-3bc404b77c42,141265085,Acmella oleracea (L.) R.K.Jansen
5386938,native range,Africa,9ff7d317-609b-4c08-bd86-3bc404b77c42,141265258,Tragopogon porrifolius L.
5386938,native range,Eastern Asia,9ff7d317-609b-4c08-bd86-3bc404b77c42,141265258,Tragopogon porrifolius L.
5386938,native range,Eastern Europe,9ff7d317-609b-4c08-bd86-3bc404b77c42,141265258,Tragopogon porrifolius L.
5386938,native range,Europe,9ff7d317-609b-4c08-bd86-3bc404b77c42,141265258,Tragopogon porrifolius L.
5387098,native range,Northern America,9ff7d317-609b-4c08-bd86-3bc404b77c42,141265312,Dahlia coccinea Cav.
5387639,native range,Eastern Asia,9ff7d317-609b-4c08-bd86-3bc404b77c42,141265293,Aster ageratoides Turcz.
5387639,native range,Eastern Europe,9ff7d317-609b-4c08-bd86-3bc404b77c42,141265293,Aster ageratoides Turcz.
5388595,native range,Africa,9ff7d317-609b-4c08-bd86-3bc404b77c42,141265281,Jacobaea maritima (L.) Pelser & Meijden
5388595,native range,Eastern Asia,9ff7d317-609b-4c08-bd86-3bc404b77c42,141265281,Jacobaea maritima (L.) Pelser & Meijden
5388595,native range,Eastern Europe,9ff7d317-609b-4c08-bd86-3bc404b77c42,141265281,Jacobaea maritima (L.) Pelser & Meijden
5388595,native range,Europe,9ff7d317-609b-4c08-bd86-3bc404b77c42,141265281,Jacobaea maritima (L.) Pelser & Meijden
5388967,native range,Northern America,9ff7d317-609b-4c08-bd86-3bc404b77c42,141265342,Solidago rugosa Mill.
5389017,native range,Northern America,9ff7d317-609b-4c08-bd86-3bc404b77c42,141265194,Solidago gigantea Ait.
5389029,native range,Northern America,9ff7d317-609b-4c08-bd86-3bc404b77c42,141265104,Solidago canadensis L.
5389058,native range,Northern America,9ff7d317-609b-4c08-bd86-3bc404b77c42,141265240,Solidago altissima L.
5389173,native range,Eastern Asia,9ff7d317-609b-4c08-bd86-3bc404b77c42,141265270,Telekia speciosa (Schreb.) Baumg.
5389173,native range,Eastern Europe,9ff7d317-609b-4c08-bd86-3bc404b77c42,141265270,Telekia speciosa (Schreb.) Baumg.
5389173,native range,Europe,9ff7d317-609b-4c08-bd86-3bc404b77c42,141265270,Telekia speciosa (Schreb.) Baumg.
5389402,native range,South America,9ff7d317-609b-4c08-bd86-3bc404b77c42,141265199,Bidens bipinnata L.
5390611,native range,Eastern Asia,9ff7d317-609b-4c08-bd86-3bc404b77c42,141265246,Cota altissima (L.) J. Gay
5390611,native range,Eastern Europe,9ff7d317-609b-4c08-bd86-3bc404b77c42,141265246,Cota altissima (L.) J. Gay
5390611,native range,Europe,9ff7d317-609b-4c08-bd86-3bc404b77c42,141265246,Cota altissima (L.) J. Gay
5390636,native range,Eastern Asia,9ff7d317-609b-4c08-bd86-3bc404b77c42,141265345,Cota austriaca (Jacq.) Schultz-Bip.
5390636,native range,Eastern Europe,9ff7d317-609b-4c08-bd86-3bc404b77c42,141265345,Cota austriaca (Jacq.) Schultz-Bip.
5390636,native range,Europe,9ff7d317-609b-4c08-bd86-3bc404b77c42,141265345,Cota austriaca (Jacq.) Schultz-Bip.
5391292,native range,Australia and New Zealand,9ff7d317-609b-4c08-bd86-3bc404b77c42,141265110,Centipeda minima (L.) A. Braun & Aschers.
5391292,native range,Southern Asia,9ff7d317-609b-4c08-bd86-3bc404b77c42,141265110,Centipeda minima (L.) A. Braun & Aschers.
5391480,native range,Europe,9ff7d317-609b-4c08-bd86-3bc404b77c42,141265160,Calendula officinalis L.
5391599,native range,Europe,9ff7d317-609b-4c08-bd86-3bc404b77c42,141265254,Chamaemelum nobile (L.) All.
5391810,native range,Northern America,9ff7d317-609b-4c08-bd86-3bc404b77c42,141265092,Bidens vulgata E. Greene
5391845,native range,South America,9ff7d317-609b-4c08-bd86-3bc404b77c42,141265350,Bidens pilosa L.
5391882,native range,South America,9ff7d317-609b-4c08-bd86-3bc404b77c42,141265158,Bidens subalternans DC.
5392083,native range,Northern America,9ff7d317-609b-4c08-bd86-3bc404b77c42,141265263,Bidens connata Muhlenb. ex Willd.
5392145,native range,Eastern Asia,9ff7d317-609b-4c08-bd86-3bc404b77c42,141265326,Bidens radiata Thuill.
5392145,native range,Eastern Europe,9ff7d317-609b-4c08-bd86-3bc404b77c42,141265326,Bidens radiata Thuill.
5392145,native range,Europe,9ff7d317-609b-4c08-bd86-3bc404b77c42,141265326,Bidens radiata Thuill.
5392174,native range,Americas,9ff7d317-609b-4c08-bd86-3bc404b77c42,141265099,Bidens frondosa L. var. anomala Porter ex Fernald
5392243,native range,Africa,9ff7d317-609b-4c08-bd86-3bc404b77c42,141265241,Cichorium endivia L. subsp. endivia
5392243,native range,Asia,9ff7d317-609b-4c08-bd86-3bc404b77c42,141265241,Cichorium endivia L. subsp. endivia
5392243,native range,Europe,9ff7d317-609b-4c08-bd86-3bc404b77c42,141265241,Cichorium endivia L. subsp. endivia
5392270,native range,Africa,9ff7d317-609b-4c08-bd86-3bc404b77c42,141265097,Cichorium pumilum Jacq.
5392270,native range,Asia,9ff7d317-609b-4c08-bd86-3bc404b77c42,141265097,Cichorium pumilum Jacq.
5392270,native range,Europe,9ff7d317-609b-4c08-bd86-3bc404b77c42,141265097,Cichorium pumilum Jacq.
5392683,native range,Europe,9ff7d317-609b-4c08-bd86-3bc404b77c42,141265151,Echinops exaltatus Schrad.
5392859,native range,Europe,9ff7d317-609b-4c08-bd86-3bc404b77c42,141265095,Echinops banaticus Rochel ex Schrad.
5392883,native range,Eastern Asia,9ff7d317-609b-4c08-bd86-3bc404b77c42,141265284,Echinops sphaerocephalus L.
5392883,native range,Eastern Europe,9ff7d317-609b-4c08-bd86-3bc404b77c42,141265284,Echinops sphaerocephalus L.
5392883,native range,Europe,9ff7d317-609b-4c08-bd86-3bc404b77c42,141265284,Echinops sphaerocephalus L.
5393689,native range,Africa,9ff7d317-609b-4c08-bd86-3bc404b77c42,141265230,Asteriscus aquaticus (L.) Less.
5393689,native range,Eastern Asia,9ff7d317-609b-4c08-bd86-3bc404b77c42,141265230,Asteriscus aquaticus (L.) Less.
5393689,native range,Eastern Europe,9ff7d317-609b-4c08-bd86-3bc404b77c42,141265230,Asteriscus aquaticus (L.) Less.
5393689,native range,Europe,9ff7d317-609b-4c08-bd86-3bc404b77c42,141265230,Asteriscus aquaticus (L.) Less.
5395475,native range,Eastern Asia,9ff7d317-609b-4c08-bd86-3bc404b77c42,141265147,Ligularia dentata (A. Gray) H. Hara
5395475,native range,Eastern Europe,9ff7d317-609b-4c08-bd86-3bc404b77c42,141265147,Ligularia dentata (A. Gray) H. Hara
5395559,native range,Eastern Asia,9ff7d317-609b-4c08-bd86-3bc404b77c42,163968136,Ligularia przewalskii (Maxim.) Diels
5395559,native range,Eastern Europe,9ff7d317-609b-4c08-bd86-3bc404b77c42,163968136,Ligularia przewalskii (Maxim.) Diels
5396125,native range,Northern America,9ff7d317-609b-4c08-bd86-3bc404b77c42,141265256,Eurybia divaricata (L.) Nesom
5396474,native range,Northern America,9ff7d317-609b-4c08-bd86-3bc404b77c42,141265266,Heliopsis helianthoides (L.) Sweet
5396551,native range,Northern America,9ff7d317-609b-4c08-bd86-3bc404b77c42,141265255,Tithonia rotundifolia S.F. Blake
5397564,native range,Northern America,9ff7d317-609b-4c08-bd86-3bc404b77c42,141265133,Vernonia fasciculata Michx.
5399550,native range,Africa,9ff7d317-609b-4c08-bd86-3bc404b77c42,141265161,Rhagadiolus stellatus (L.) Gaertn.
5399550,native range,Eastern Asia,9ff7d317-609b-4c08-bd86-3bc404b77c42,141265161,Rhagadiolus stellatus (L.) Gaertn.
5399550,native range,Eastern Europe,9ff7d317-609b-4c08-bd86-3bc404b77c42,141265161,Rhagadiolus stellatus (L.) Gaertn.
5399550,native range,Europe,9ff7d317-609b-4c08-bd86-3bc404b77c42,141265161,Rhagadiolus stellatus (L.) Gaertn.
5400552,native range,Northern America,9ff7d317-609b-4c08-bd86-3bc404b77c42,141265080,Ageratina altissima (L.) King & Robinson
5401239,native range,Africa,9ff7d317-609b-4c08-bd86-3bc404b77c42,141265138,Felicia tenella (L.) Nees
5401508,native range,Asia,9ff7d317-609b-4c08-bd86-3bc404b77c42,141265286,Emilia fosbergii Nicolson
5401760,native range,Americas,9ff7d317-609b-4c08-bd86-3bc404b77c42,141265307,Ageratum houstonianum Mill.
5401877,native range,Northern America,9ff7d317-609b-4c08-bd86-3bc404b77c42,141265359,Helenium autumnale L.
5402340,native range,Africa,9ff7d317-609b-4c08-bd86-3bc404b77c42,141265248,Osteospermum jucundum (Phillips) Norlindh
5402363,native range,Africa,9ff7d317-609b-4c08-bd86-3bc404b77c42,141265332,Dimorphotheca pluvialis (L.) Moench
5402627,native range,Northern America,9ff7d317-609b-4c08-bd86-3bc404b77c42,141265125,Iva annua L.
5402874,native range,Northern America,9ff7d317-609b-4c08-bd86-3bc404b77c42,141265226,Eupatorium perfoliatum L.
5403272,native range,Africa,9ff7d317-609b-4c08-bd86-3bc404b77c42,141265222,Crepis pulchra L.
5403272,native range,Eastern Asia,9ff7d317-609b-4c08-bd86-3bc404b77c42,141265222,Crepis pulchra L.
5403272,native range,Eastern Europe,9ff7d317-609b-4c08-bd86-3bc404b77c42,141265222,Crepis pulchra L.
5403272,native range,Europe,9ff7d317-609b-4c08-bd86-3bc404b77c42,141265222,Crepis pulchra L.
5403508,native range,Europe,9ff7d317-609b-4c08-bd86-3bc404b77c42,141265351,Crepis tectorum L.
5403541,native range,Europe,9ff7d317-609b-4c08-bd86-3bc404b77c42,141265301,Crepis bursifolia L.
5403742,native range,Africa,9ff7d317-609b-4c08-bd86-3bc404b77c42,141265180,Scolymus hispanicus L.
5403742,native range,Eastern Asia,9ff7d317-609b-4c08-bd86-3bc404b77c42,141265180,Scolymus hispanicus L.
5403742,native range,Eastern Europe,9ff7d317-609b-4c08-bd86-3bc404b77c42,141265180,Scolymus hispanicus L.
5403742,native range,Europe,9ff7d317-609b-4c08-bd86-3bc404b77c42,141265180,Scolymus hispanicus L.
5403743,native range,Africa,9ff7d317-609b-4c08-bd86-3bc404b77c42,141265148,Scolymus maculatus L.
5403743,native range,Eastern Asia,9ff7d317-609b-4c08-bd86-3bc404b77c42,141265148,Scolymus maculatus L.
5403743,native range,Eastern Europe,9ff7d317-609b-4c08-bd86-3bc404b77c42,141265148,Scolymus maculatus L.
5403743,native range,Europe,9ff7d317-609b-4c08-bd86-3bc404b77c42,141265148,Scolymus maculatus L.
5406789,native range,Eastern Asia,9ff7d317-609b-4c08-bd86-3bc404b77c42,141266471,Alcea ficifolia L. (Alcea rosea x rugosa)
5406789,native range,Eastern Europe,9ff7d317-609b-4c08-bd86-3bc404b77c42,141266471,Alcea ficifolia L. (Alcea rosea x rugosa)
5406789,native range,Europe,9ff7d317-609b-4c08-bd86-3bc404b77c42,141266495,Alcea rosea L.
5407810,native range,Africa,9ff7d317-609b-4c08-bd86-3bc404b77c42,141265547,Trachelium caeruleum L.
5407810,native range,Europe,9ff7d317-609b-4c08-bd86-3bc404b77c42,141265547,Trachelium caeruleum L.
5408087,native range,Africa,9ff7d317-609b-4c08-bd86-3bc404b77c42,141265543,Lobelia erinus L.
5408682,native range,Australia and New Zealand,9ff7d317-609b-4c08-bd86-3bc404b77c42,141265546,Lobelia pedunculata R. Brown
5408775,native range,Eastern Asia,9ff7d317-609b-4c08-bd86-3bc404b77c42,141265549,Lobelia sessilifolia Lambert
5408775,native range,Eastern Europe,9ff7d317-609b-4c08-bd86-3bc404b77c42,141265549,Lobelia sessilifolia Lambert
5409120,native range,Northern America,9ff7d317-609b-4c08-bd86-3bc404b77c42,141265552,Lobelia siphilitica L.
5409852,native range,Africa,9ff7d317-609b-4c08-bd86-3bc404b77c42,141265551,Campanula erinus L.
5409852,native range,Eastern Asia,9ff7d317-609b-4c08-bd86-3bc404b77c42,141265551,Campanula erinus L.
5409852,native range,Eastern Europe,9ff7d317-609b-4c08-bd86-3bc404b77c42,141265551,Campanula erinus L.
5409852,native range,Europe,9ff7d317-609b-4c08-bd86-3bc404b77c42,141265551,Campanula erinus L.
5410151,native range,Europe,9ff7d317-609b-4c08-bd86-3bc404b77c42,141265550,Campanula poscharskyana Degen
5410210,native range,Europe,9ff7d317-609b-4c08-bd86-3bc404b77c42,141265542,Campanula fenestrellata Feer
5410411,native range,Europe,9ff7d317-609b-4c08-bd86-3bc404b77c42,141265553,Campanula portenschlagiana Schult.
5410480,native range,Europe,9ff7d317-609b-4c08-bd86-3bc404b77c42,141265539,Campanula rhomboidalis L.
5410826,native range,Europe,9ff7d317-609b-4c08-bd86-3bc404b77c42,141265548,Campanula carpatica Jacq.
5411392,native range,Eastern Asia,9ff7d317-609b-4c08-bd86-3bc404b77c42,141265541,Campanula lactiflora Bieb.
5411392,native range,Eastern Europe,9ff7d317-609b-4c08-bd86-3bc404b77c42,141265541,Campanula lactiflora Bieb.
5411408,native range,Eastern Asia,9ff7d317-609b-4c08-bd86-3bc404b77c42,141265545,Campanula latifolia L.
5411408,native range,Eastern Europe,9ff7d317-609b-4c08-bd86-3bc404b77c42,141265545,Campanula latifolia L.
5411408,native range,Europe,9ff7d317-609b-4c08-bd86-3bc404b77c42,141265545,Campanula latifolia L.
5411453,native range,Europe,9ff7d317-609b-4c08-bd86-3bc404b77c42,141265544,Campanula medium L.
5414239,native range,Eastern Asia,9ff7d317-609b-4c08-bd86-3bc404b77c42,141264718,Ilex crenata Thunb.
5414239,native range,Eastern Europe,9ff7d317-609b-4c08-bd86-3bc404b77c42,141264718,Ilex crenata Thunb.
5414545,native range,Eastern Asia,9ff7d317-609b-4c08-bd86-3bc404b77c42,141264644,Periploca graeca L.
5414545,native range,Eastern Europe,9ff7d317-609b-4c08-bd86-3bc404b77c42,141264644,Periploca graeca L.
5414545,native range,Europe,9ff7d317-609b-4c08-bd86-3bc404b77c42,141264644,Periploca graeca L.
5414550,native range,Eastern Asia,9ff7d317-609b-4c08-bd86-3bc404b77c42,141264647,Vincetoxicum rossicum (Kleopow) Barbar.
5414550,native range,Eastern Europe,9ff7d317-609b-4c08-bd86-3bc404b77c42,141264647,Vincetoxicum rossicum (Kleopow) Barbar.
5414550,native range,Europe,9ff7d317-609b-4c08-bd86-3bc404b77c42,141264647,Vincetoxicum rossicum (Kleopow) Barbar.
5414551,native range,Europe,9ff7d317-609b-4c08-bd86-3bc404b77c42,141264650,Vincetoxicum nigrum (L.) Moench
5414932,native range,Northern America,9ff7d317-609b-4c08-bd86-3bc404b77c42,141265510,Chelone obliqua L.
5414959,native range,Northern America,9ff7d317-609b-4c08-bd86-3bc404b77c42,141265537,Collinsia heterophylla Buist ex Graham
5414976,native range,Africa,9ff7d317-609b-4c08-bd86-3bc404b77c42,141266610,Bartsia trixago L.
5414976,native range,Eastern Asia,9ff7d317-609b-4c08-bd86-3bc404b77c42,141266610,Bartsia trixago L.
5414976,native range,Eastern Europe,9ff7d317-609b-4c08-bd86-3bc404b77c42,141266610,Bartsia trixago L.
5414976,native range,Europe,9ff7d317-609b-4c08-bd86-3bc404b77c42,141266610,Bartsia trixago L.
5415006,native range,Africa,9ff7d317-609b-4c08-bd86-3bc404b77c42,141265499,Linaria bipartita (Vent.) Desf.
5415009,native range,Africa,9ff7d317-609b-4c08-bd86-3bc404b77c42,141265505,Linaria supina (L.) Chazelles
5415009,native range,Europe,9ff7d317-609b-4c08-bd86-3bc404b77c42,141265505,Linaria supina (L.) Chazelles
5415012,native range,Africa,9ff7d317-609b-4c08-bd86-3bc404b77c42,141265520,Linaria purpurea (L.) Mill.
5415012,native range,Europe,9ff7d317-609b-4c08-bd86-3bc404b77c42,141265520,Linaria purpurea (L.) Mill.
5415013,native range,Eastern Asia,9ff7d317-609b-4c08-bd86-3bc404b77c42,141265514,Linaria genistifolia (L.) Mill.
5415013,native range,Eastern Europe,9ff7d317-609b-4c08-bd86-3bc404b77c42,141265514,Linaria genistifolia (L.) Mill.
5415013,native range,Europe,9ff7d317-609b-4c08-bd86-3bc404b77c42,141265514,Linaria genistifolia (L.) Mill.
5415014,native range,Europe,9ff7d317-609b-4c08-bd86-3bc404b77c42,141265527,Linaria angustissima (Loisel.) Borbás
5415016,native range,Africa,9ff7d317-609b-4c08-bd86-3bc404b77c42,141265502,Linaria maroccana Hook. f.
5415018,native range,Africa,9ff7d317-609b-4c08-bd86-3bc404b77c42,141265497,Linaria incarnata (Vent.) Spreng.
5415018,native range,Europe,9ff7d317-609b-4c08-bd86-3bc404b77c42,141265497,Linaria incarnata (Vent.) Spreng.
5415039,native range,Asia,9ff7d317-609b-4c08-bd86-3bc404b77c42,141266894,Syringa vulgaris L.
5415053,native range,Eastern Asia,9ff7d317-609b-4c08-bd86-3bc404b77c42,141266902,Forsythia viridissima Lindl.
5415053,native range,Eastern Europe,9ff7d317-609b-4c08-bd86-3bc404b77c42,141266902,Forsythia viridissima Lindl.
5415056,native range,Eastern Asia,9ff7d317-609b-4c08-bd86-3bc404b77c42,141266904,Forsythia suspensa (Thunb.) Vahl
5415056,native range,Eastern Europe,9ff7d317-609b-4c08-bd86-3bc404b77c42,141266904,Forsythia suspensa (Thunb.) Vahl
5415100,native range,Northern America,9ff7d317-609b-4c08-bd86-3bc404b77c42,141264837,Proboscidea louisianica (Mill.) Thell.
5415453,native range,Africa,9ff7d317-609b-4c08-bd86-3bc404b77c42,141264711,Acanthus spinosus L.
5415453,native range,Eastern Asia,9ff7d317-609b-4c08-bd86-3bc404b77c42,141264711,Acanthus spinosus L.
5415453,native range,Eastern Europe,9ff7d317-609b-4c08-bd86-3bc404b77c42,141264711,Acanthus spinosus L.
5415453,native range,Europe,9ff7d317-609b-4c08-bd86-3bc404b77c42,141264711,Acanthus spinosus L.
5415455,native range,Africa,9ff7d317-609b-4c08-bd86-3bc404b77c42,141264712,Acanthus mollis L.
5415455,native range,Europe,9ff7d317-609b-4c08-bd86-3bc404b77c42,141264712,Acanthus mollis L.
5415463,native range,Africa,9ff7d317-609b-4c08-bd86-3bc404b77c42,168400462,Thunbergia alata Bojer ex Sims
5420957,native range,Northern America,9ff7d317-609b-4c08-bd86-3bc404b77c42,141266537,Clarkia elegans Douglas
5420978,native range,Northern America,9ff7d317-609b-4c08-bd86-3bc404b77c42,141266541,Clarkia amoena (Lehm.) A.Nelson & Macbr.
5420982,native range,Northern America,9ff7d317-609b-4c08-bd86-3bc404b77c42,141266516,Clarkia pulchella Pursh
5420991,native range,Australia and New Zealand,1738f272-6b5d-4f43-9a92-453a8c5ea50a,146042130,"Ludwigia peploides (Kunth.) P.H. Raven, 1963"
5420991,native range,Northern America,1738f272-6b5d-4f43-9a92-453a8c5ea50a,146042130,"Ludwigia peploides (Kunth.) P.H. Raven, 1963"
5420991,native range,South America,1738f272-6b5d-4f43-9a92-453a8c5ea50a,146042130,"Ludwigia peploides (Kunth.) P.H. Raven, 1963"
5421039,native range,Northern America,1738f272-6b5d-4f43-9a92-453a8c5ea50a,146042189,Ludwigia grandiflora (Michx.) Greuter & Burdet
5421039,native range,South America,1738f272-6b5d-4f43-9a92-453a8c5ea50a,146042189,Ludwigia grandiflora (Michx.) Greuter & Burdet
5421040,native range,Americas,9ff7d317-609b-4c08-bd86-3bc404b77c42,141266514,"Ludwigia hexapetala (Hook. & Arnott) Zardini, Gu & Raven"
5421116,native range,Africa,9ff7d317-609b-4c08-bd86-3bc404b77c42,141267053,Tribulus terrestris L.
5421116,native range,Eastern Asia,9ff7d317-609b-4c08-bd86-3bc404b77c42,141267053,Tribulus terrestris L.
5421116,native range,Eastern Europe,9ff7d317-609b-4c08-bd86-3bc404b77c42,141267053,Tribulus terrestris L.
5421116,native range,Europe,9ff7d317-609b-4c08-bd86-3bc404b77c42,141267053,Tribulus terrestris L.
5421180,native range,Eastern Asia,9ff7d317-609b-4c08-bd86-3bc404b77c42,143605093,Koelreuteria paniculata Laxm.
5421180,native range,Eastern Europe,9ff7d317-609b-4c08-bd86-3bc404b77c42,143605093,Koelreuteria paniculata Laxm.
5421385,native range,Northern America,9ff7d317-609b-4c08-bd86-3bc404b77c42,141264999,Sarracenia rubra Walter
5421389,native range,Northern America,9ff7d317-609b-4c08-bd86-3bc404b77c42,141265000,Sarracenia purpurea L.
5528747,native range,Africa,9ff7d317-609b-4c08-bd86-3bc404b77c42,141267181,Paronychia argentea Lam.
5528747,native range,Eastern Asia,9ff7d317-609b-4c08-bd86-3bc404b77c42,141267181,Paronychia argentea Lam.
5528747,native range,Eastern Europe,9ff7d317-609b-4c08-bd86-3bc404b77c42,141267181,Paronychia argentea Lam.
5528747,native range,Europe,9ff7d317-609b-4c08-bd86-3bc404b77c42,141267181,Paronychia argentea Lam.
5530829,native range,Eastern Asia,9ff7d317-609b-4c08-bd86-3bc404b77c42,141267121,Corydalis cheilanthifolia Hemsl.
5530829,native range,Eastern Europe,9ff7d317-609b-4c08-bd86-3bc404b77c42,141267121,Corydalis cheilanthifolia Hemsl.
5530855,native range,Eastern Asia,9ff7d317-609b-4c08-bd86-3bc404b77c42,168400576,Corydalis linstowiana Fedde
5530855,native range,Eastern Europe,9ff7d317-609b-4c08-bd86-3bc404b77c42,168400576,Corydalis linstowiana Fedde
5530881,native range,Eastern Asia,9ff7d317-609b-4c08-bd86-3bc404b77c42,141267115,Corydalis cava (L.) Schweigg. & Körte
5530881,native range,Eastern Europe,9ff7d317-609b-4c08-bd86-3bc404b77c42,141267115,Corydalis cava (L.) Schweigg. & Körte
5530881,native range,Europe,9ff7d317-609b-4c08-bd86-3bc404b77c42,141267115,Corydalis cava (L.) Schweigg. & Körte
5538108,native range,Europe,9ff7d317-609b-4c08-bd86-3bc404b77c42,141266064,Imperatoria ostruthium L.
5538946,native range,Africa,9ff7d317-609b-4c08-bd86-3bc404b77c42,141266093,Pimpinella peregrina L.
5538946,native range,Eastern Asia,9ff7d317-609b-4c08-bd86-3bc404b77c42,141266093,Pimpinella peregrina L.
5538946,native range,Eastern Europe,9ff7d317-609b-4c08-bd86-3bc404b77c42,141266093,Pimpinella peregrina L.
5538946,native range,Europe,9ff7d317-609b-4c08-bd86-3bc404b77c42,141266093,Pimpinella peregrina L.
5544928,native range,Northern America,9ff7d317-609b-4c08-bd86-3bc404b77c42,141266533,Clarkia purpurea (Curtis) A. Nelson & Macbr. subsp. quadrivulnera (Douglas) H. Lewis & M.E. Lewis
5545159,native range,Americas,9ff7d317-609b-4c08-bd86-3bc404b77c42,141266547,Ludwigia peploides (Kunth) P.H. Raven subsp. montevidensis (Spreng.) P.H. Raven
5547989,native range,Australia and New Zealand,9ff7d317-609b-4c08-bd86-3bc404b77c42,141266180,Amaranthus clementii Domin
5548011,native range,Africa,9ff7d317-609b-4c08-bd86-3bc404b77c42,141266115,Amaranthus capensis Thell. subsp. uncinatus (Thell.) Brenan
5548401,native range,South America,9ff7d317-609b-4c08-bd86-3bc404b77c42,141266120,Amaranthus standleyanus Parodi ex Covas
5549949,native range,Eastern Asia,9ff7d317-609b-4c08-bd86-3bc404b77c42,168400562,Liriope muscari (Decaisne) L.H.Bailey
5549949,native range,Eastern Europe,9ff7d317-609b-4c08-bd86-3bc404b77c42,168400562,Liriope muscari (Decaisne) L.H.Bailey
5551241,native range,Africa,9ff7d317-609b-4c08-bd86-3bc404b77c42,141265930,Iberis sempervirens L.
5551241,native range,Eastern Asia,9ff7d317-609b-4c08-bd86-3bc404b77c42,141265930,Iberis sempervirens L.
5551241,native range,Eastern Europe,9ff7d317-609b-4c08-bd86-3bc404b77c42,141265930,Iberis sempervirens L.
5551241,native range,Europe,9ff7d317-609b-4c08-bd86-3bc404b77c42,141265930,Iberis sempervirens L.
5559825,native range,Europe,9ff7d317-609b-4c08-bd86-3bc404b77c42,141265525,"Cymbalaria muralis P. Gaertn., B. Mey. & Scherb. subsp. pubescens (C. Presl) D.A. Webb"
5559837,native range,Europe,9ff7d317-609b-4c08-bd86-3bc404b77c42,141265517,Cymbalaria pallida (Ten.) Wettst.
5561475,native range,Africa,9ff7d317-609b-4c08-bd86-3bc404b77c42,141266845,Chaenostoma cordatum (Thunb.) Benth.
5567694,native range,Eastern Asia,9ff7d317-609b-4c08-bd86-3bc404b77c42,141265010,Bergenia cordifolia (Haw.) Sternb.
5567694,native range,Eastern Europe,9ff7d317-609b-4c08-bd86-3bc404b77c42,141265010,Bergenia cordifolia (Haw.) Sternb.
5567951,native range,Africa,9ff7d317-609b-4c08-bd86-3bc404b77c42,141266130,Beta macrocarpa Guss.
5567951,native range,Europe,9ff7d317-609b-4c08-bd86-3bc404b77c42,141266130,Beta macrocarpa Guss.
5568188,native range,Eastern Asia,9ff7d317-609b-4c08-bd86-3bc404b77c42,141266173,Bassia laniflora (S.G. Gmel.) A.J. Scott
5568188,native range,Eastern Europe,9ff7d317-609b-4c08-bd86-3bc404b77c42,141266173,Bassia laniflora (S.G. Gmel.) A.J. Scott
5568188,native range,Europe,9ff7d317-609b-4c08-bd86-3bc404b77c42,141266173,Bassia laniflora (S.G. Gmel.) A.J. Scott
5568322,native range,Africa,9ff7d317-609b-4c08-bd86-3bc404b77c42,141266148,Dysphania schraderiana (Schult.) Mosyakin & Clemants
5568339,native range,Australia and New Zealand,9ff7d317-609b-4c08-bd86-3bc404b77c42,141266208,Dysphania pumilio (R. Brown) Mosyakin & Clemants
5568361,native range,South America,9ff7d317-609b-4c08-bd86-3bc404b77c42,141266112,Dysphania multifida (L.) Mosyakin & Clemants
5568415,native range,Australia and New Zealand,9ff7d317-609b-4c08-bd86-3bc404b77c42,141266117,Dysphania cristata (F. Muell.) Mosyakin & Clemants
5568424,native range,Australia and New Zealand,9ff7d317-609b-4c08-bd86-3bc404b77c42,141266143,Dysphania carinata (R. Brown) Mosyakin & Clemants
5568428,native range,Africa,9ff7d317-609b-4c08-bd86-3bc404b77c42,141266125,Dysphania botrys (L.) Mosyakin & Clemants
5568428,native range,Eastern Asia,9ff7d317-609b-4c08-bd86-3bc404b77c42,141266125,Dysphania botrys (L.) Mosyakin & Clemants
5568428,native range,Eastern Europe,9ff7d317-609b-4c08-bd86-3bc404b77c42,141266125,Dysphania botrys (L.) Mosyakin & Clemants
5568428,native range,Europe,9ff7d317-609b-4c08-bd86-3bc404b77c42,141266125,Dysphania botrys (L.) Mosyakin & Clemants
5568442,native range,South America,9ff7d317-609b-4c08-bd86-3bc404b77c42,141266175,Dysphania anthelmintica (L.) Mosyakin & Clemants
5568446,native range,South America,9ff7d317-609b-4c08-bd86-3bc404b77c42,141266170,Dysphania ambrosioides (L.) Mosyakin & Clemants
5568899,native range,Eastern Asia,9ff7d317-609b-4c08-bd86-3bc404b77c42,141266140,Blitum nuttallianum Schult.
5568899,native range,Eastern Europe,9ff7d317-609b-4c08-bd86-3bc404b77c42,141266140,Blitum nuttallianum Schult.
5568899,native range,Northern America,9ff7d317-609b-4c08-bd86-3bc404b77c42,141266140,Blitum nuttallianum Schult.
5569367,native range,Australia and New Zealand,9ff7d317-609b-4c08-bd86-3bc404b77c42,141264596,Scaevola aemula R. Brown
5581279,native range,Northern America,9ff7d317-609b-4c08-bd86-3bc404b77c42,141266953,Physalis longifolia Nutt. subsp. subglabrata (Mack. & Bush) Cronquist
5582033,native range,Eastern Asia,9ff7d317-609b-4c08-bd86-3bc404b77c42,141266632,Salix udensis Trautv. & C.A. Mey.
5582033,native range,Eastern Europe,9ff7d317-609b-4c08-bd86-3bc404b77c42,141266632,Salix udensis Trautv. & C.A. Mey.
5584240,native range,Eastern Asia,9ff7d317-609b-4c08-bd86-3bc404b77c42,141267204,Silene schafta S.G. Gmel. ex Hohen.
5584240,native range,Eastern Europe,9ff7d317-609b-4c08-bd86-3bc404b77c42,141267204,Silene schafta S.G. Gmel. ex Hohen.
5584611,native range,Eastern Asia,9ff7d317-609b-4c08-bd86-3bc404b77c42,141267192,Silene chalcedonica (L.) E.H.L. Krause
5584611,native range,Eastern Europe,9ff7d317-609b-4c08-bd86-3bc404b77c42,141267192,Silene chalcedonica (L.) E.H.L. Krause
5585762,native range,Eastern Asia,9ff7d317-609b-4c08-bd86-3bc404b77c42,141267208,Gypsophila viscosa Murray
5585762,native range,Eastern Europe,9ff7d317-609b-4c08-bd86-3bc404b77c42,141267208,Gypsophila viscosa Murray
5585975,native range,Africa,9ff7d317-609b-4c08-bd86-3bc404b77c42,141267187,Silene muscipula L.
5585975,native range,Eastern Asia,9ff7d317-609b-4c08-bd86-3bc404b77c42,141267187,Silene muscipula L.
5585975,native range,Eastern Europe,9ff7d317-609b-4c08-bd86-3bc404b77c42,141267187,Silene muscipula L.
5585975,native range,Europe,9ff7d317-609b-4c08-bd86-3bc404b77c42,141267187,Silene muscipula L.
5587011,native range,Africa,9ff7d317-609b-4c08-bd86-3bc404b77c42,141267216,Minuartia mediterranea (Link) K. Malý
5587011,native range,Eastern Asia,9ff7d317-609b-4c08-bd86-3bc404b77c42,141267216,Minuartia mediterranea (Link) K. Malý
5587011,native range,Eastern Europe,9ff7d317-609b-4c08-bd86-3bc404b77c42,141267216,Minuartia mediterranea (Link) K. Malý
5587011,native range,Europe,9ff7d317-609b-4c08-bd86-3bc404b77c42,141267216,Minuartia mediterranea (Link) K. Malý
5598598,native range,Eastern Asia,9ff7d317-609b-4c08-bd86-3bc404b77c42,141267071,Lonicera acuminata Wall.
5598598,native range,Eastern Europe,9ff7d317-609b-4c08-bd86-3bc404b77c42,141267071,Lonicera acuminata Wall.
5598915,native range,Eastern Asia,9ff7d317-609b-4c08-bd86-3bc404b77c42,141267091,Lonicera pileata Oliv.
5598915,native range,Eastern Europe,9ff7d317-609b-4c08-bd86-3bc404b77c42,141267091,Lonicera pileata Oliv.
5599249,native range,Eastern Asia,9ff7d317-609b-4c08-bd86-3bc404b77c42,141267093,Lonicera nitida Wils.
5599249,native range,Eastern Europe,9ff7d317-609b-4c08-bd86-3bc404b77c42,141267093,Lonicera nitida Wils.
5605751,native range,Eastern Asia,9ff7d317-609b-4c08-bd86-3bc404b77c42,141266254,Lycopus exaltatus L. f.
5605751,native range,Eastern Europe,9ff7d317-609b-4c08-bd86-3bc404b77c42,141266254,Lycopus exaltatus L. f.
5605751,native range,Europe,9ff7d317-609b-4c08-bd86-3bc404b77c42,141266254,Lycopus exaltatus L. f.
5608183,native range,Eastern Asia,9ff7d317-609b-4c08-bd86-3bc404b77c42,141266268,Lallemantia iberica (Bieb.) Fisch. & C.A. Mey.
5608183,native range,Eastern Europe,9ff7d317-609b-4c08-bd86-3bc404b77c42,141266268,Lallemantia iberica (Bieb.) Fisch. & C.A. Mey.
5617467,native range,Eastern Asia,9ff7d317-609b-4c08-bd86-3bc404b77c42,141266480,Alcea rugosa Alef.
5617467,native range,Eastern Europe,9ff7d317-609b-4c08-bd86-3bc404b77c42,141266480,Alcea rugosa Alef.
5621983,native range,South America,9ff7d317-609b-4c08-bd86-3bc404b77c42,141264621,Echinopsis silvestrii Spegazz.
5632022,native range,Africa,9ff7d317-609b-4c08-bd86-3bc404b77c42,141266722,Dorycnium pentaphyllum Scop.
5632022,native range,Eastern Asia,9ff7d317-609b-4c08-bd86-3bc404b77c42,141266722,Dorycnium pentaphyllum Scop.
5632022,native range,Eastern Europe,9ff7d317-609b-4c08-bd86-3bc404b77c42,141266722,Dorycnium pentaphyllum Scop.
5632022,native range,Europe,9ff7d317-609b-4c08-bd86-3bc404b77c42,141266722,Dorycnium pentaphyllum Scop.
5632334,native range,Africa,9ff7d317-609b-4c08-bd86-3bc404b77c42,141266747,Trigonella hierosolymitana Boiss.
5632334,native range,Eastern Asia,9ff7d317-609b-4c08-bd86-3bc404b77c42,141266747,Trigonella hierosolymitana Boiss.
5632334,native range,Eastern Europe,9ff7d317-609b-4c08-bd86-3bc404b77c42,141266747,Trigonella hierosolymitana Boiss.
5640518,native range,Eastern Asia,9ff7d317-609b-4c08-bd86-3bc404b77c42,141264900,Primula florindae Kingdon-Ward
5640518,native range,Eastern Europe,9ff7d317-609b-4c08-bd86-3bc404b77c42,141264900,Primula florindae Kingdon-Ward
5641274,native range,Eastern Asia,9ff7d317-609b-4c08-bd86-3bc404b77c42,141264907,Primula denticulata Sm.
5641274,native range,Eastern Europe,9ff7d317-609b-4c08-bd86-3bc404b77c42,141264907,Primula denticulata Sm.
5646136,native range,Africa,9ff7d317-609b-4c08-bd86-3bc404b77c42,141264594,Elatine alsinastrum L.
5646136,native range,Eastern Asia,9ff7d317-609b-4c08-bd86-3bc404b77c42,141264594,Elatine alsinastrum L.
5646136,native range,Eastern Europe,9ff7d317-609b-4c08-bd86-3bc404b77c42,141264594,Elatine alsinastrum L.
5646136,native range,Europe,9ff7d317-609b-4c08-bd86-3bc404b77c42,141264594,Elatine alsinastrum L.
5646410,native range,South America,9ff7d317-609b-4c08-bd86-3bc404b77c42,141264591,Blumenbachia hieronymi Urban
5652131,native range,Europe,9ff7d317-609b-4c08-bd86-3bc404b77c42,141266395,Polygonum aviculare subsp. rurivagum (Jord. ex Boreau) Berher
5659657,native range,Northern America,9ff7d317-609b-4c08-bd86-3bc404b77c42,141264792,Gilia capitata Sims cf. subsp. mediomontana V. Grant
5660450,native range,Europe,9ff7d317-609b-4c08-bd86-3bc404b77c42,168400524,Pulmonaria rubra Schott
5662089,native range,Eastern Asia,9ff7d317-609b-4c08-bd86-3bc404b77c42,141266359,Anchusa ochroleuca Bieb.
5662089,native range,Eastern Europe,9ff7d317-609b-4c08-bd86-3bc404b77c42,141266359,Anchusa ochroleuca Bieb.
5662089,native range,Europe,9ff7d317-609b-4c08-bd86-3bc404b77c42,141266359,Anchusa ochroleuca Bieb.
5669632,native range,Eastern Asia,9ff7d317-609b-4c08-bd86-3bc404b77c42,141264886,Pilea peperomioides Diels
5669632,native range,Eastern Europe,9ff7d317-609b-4c08-bd86-3bc404b77c42,141264886,Pilea peperomioides Diels
5670646,native range,Africa,9ff7d317-609b-4c08-bd86-3bc404b77c42,141264883,Urtica pilulifera L.
5670646,native range,Eastern Asia,9ff7d317-609b-4c08-bd86-3bc404b77c42,141264883,Urtica pilulifera L.
5670646,native range,Eastern Europe,9ff7d317-609b-4c08-bd86-3bc404b77c42,141264883,Urtica pilulifera L.
5670646,native range,Europe,9ff7d317-609b-4c08-bd86-3bc404b77c42,141264883,Urtica pilulifera L.
5671747,native range,Eastern Asia,9ff7d317-609b-4c08-bd86-3bc404b77c42,141265804,Pennisetum alopecuroides (L.) Spreng.
5671747,native range,Eastern Europe,9ff7d317-609b-4c08-bd86-3bc404b77c42,141265804,Pennisetum alopecuroides (L.) Spreng.
5674047,native range,South America,9ff7d317-609b-4c08-bd86-3bc404b77c42,141265740,Nassella hyalina (Nees) Barkworth
5674110,native range,South America,9ff7d317-609b-4c08-bd86-3bc404b77c42,141265634,Nassella filiculmis (Delile) Barkworth
5674218,native range,Australia and New Zealand,9ff7d317-609b-4c08-bd86-3bc404b77c42,141265772,Setaria dielsii R.A.W. Herrmann
5674620,native range,Africa,9ff7d317-609b-4c08-bd86-3bc404b77c42,141265876,Echinaria capitata (L.) Desf.
5674620,native range,Eastern Asia,9ff7d317-609b-4c08-bd86-3bc404b77c42,141265876,Echinaria capitata (L.) Desf.
5674620,native range,Eastern Europe,9ff7d317-609b-4c08-bd86-3bc404b77c42,141265876,Echinaria capitata (L.) Desf.
5674620,native range,Europe,9ff7d317-609b-4c08-bd86-3bc404b77c42,141265876,Echinaria capitata (L.) Desf.
5674825,native range,Africa,9ff7d317-609b-4c08-bd86-3bc404b77c42,141265821,Cynodon incompletus Nees var. hirsutus (Stent) de Wet & J.R. Harlan
5674888,native range,Africa,9ff7d317-609b-4c08-bd86-3bc404b77c42,141265621,Schmidtia kalahariensis Stent
5674919,native range,Africa,9ff7d317-609b-4c08-bd86-3bc404b77c42,141265680,Tragus koelerioides Aschers.
5676003,native range,Eastern Asia,9ff7d317-609b-4c08-bd86-3bc404b77c42,141265880,Fargesia spathacea Franch.
5676003,native range,Eastern Europe,9ff7d317-609b-4c08-bd86-3bc404b77c42,141265880,Fargesia spathacea Franch.
5676646,native range,South America,9ff7d317-609b-4c08-bd86-3bc404b77c42,141265868,Digitaria aequiglumis (Hack.et Arechav.) Parodi
5676903,native range,Eastern Asia,9ff7d317-609b-4c08-bd86-3bc404b77c42,141265682,Apera intermedia Hack.
5676903,native range,Eastern Europe,9ff7d317-609b-4c08-bd86-3bc404b77c42,141265682,Apera intermedia Hack.
5677636,native range,Australia and New Zealand,9ff7d317-609b-4c08-bd86-3bc404b77c42,141265776,Brachyachne convergens (F. Muell.) Stapf
5678495,native range,Africa,9ff7d317-609b-4c08-bd86-3bc404b77c42,141265905,Chloris pycnothrix Trin.
5679692,native range,Australia and New Zealand,9ff7d317-609b-4c08-bd86-3bc404b77c42,141265591,Enteropogon acicularis (Lindl.) Lazarides
5679952,native range,South America,9ff7d317-609b-4c08-bd86-3bc404b77c42,141265923,Polypogon chilensis (Kunth) Pilger
5682465,native range,Europe,9ff7d317-609b-4c08-bd86-3bc404b77c42,141264932,Erica carnea L.
5686494,native range,Eastern Asia,9ff7d317-609b-4c08-bd86-3bc404b77c42,141265058,Decaisnea insignis (Griff.) Hook. f. & Thomson
5686494,native range,Eastern Europe,9ff7d317-609b-4c08-bd86-3bc404b77c42,141265058,Decaisnea insignis (Griff.) Hook. f. & Thomson
5688347,native range,Africa,9ff7d317-609b-4c08-bd86-3bc404b77c42,148437417,Sedum sediforme (Jacq.) Pau
5688347,native range,Eastern Asia,9ff7d317-609b-4c08-bd86-3bc404b77c42,148437417,Sedum sediforme (Jacq.) Pau
5688347,native range,Eastern Europe,9ff7d317-609b-4c08-bd86-3bc404b77c42,148437417,Sedum sediforme (Jacq.) Pau
5688347,native range,Europe,9ff7d317-609b-4c08-bd86-3bc404b77c42,148437417,Sedum sediforme (Jacq.) Pau
5690287,native range,Eastern Asia,9ff7d317-609b-4c08-bd86-3bc404b77c42,141265047,Sedum cepaea L.
5690287,native range,Eastern Europe,9ff7d317-609b-4c08-bd86-3bc404b77c42,141265047,Sedum cepaea L.
5690287,native range,Europe,9ff7d317-609b-4c08-bd86-3bc404b77c42,141265047,Sedum cepaea L.
5777912,native range,Eastern Europe,289244ee-e1c1-49aa-b2d7-d379391ce265,140562925,Lithoglyphus naticoides
5788062,native range,Eastern Europe,98940a79-2bf1-46e6-afd6-ba2e85a26f9f,236182338,"Babka gymnotrachelus (Kessler, 1857)"
5788513,native range,South America,e1c3be64-2799-4342-8312-49d076993132,159498357,"Spizaetus melanoleucus (Vieillot, 1816)"
5789082,native range,Southern Asia,e1c3be64-2799-4342-8312-49d076993132,159498724,"Euodice malabarica (Linnaeus, 1758)"
5795017,native range,Southern Europe,e082b10e-476f-43c1-aa61-f8d92f33029a,157062999,"Ferussacia folliculum (Schröter, 1784)"
5825913,native range,Europe,9ff7d317-609b-4c08-bd86-3bc404b77c42,141266568,Pinus nigra Arnold. subsp. laricio Maire
5828216,native range,Asia,9ff7d317-609b-4c08-bd86-3bc404b77c42,141265619,Pennisetum flaccidum Griseb.
5831060,native range,Eastern Asia,9ff7d317-609b-4c08-bd86-3bc404b77c42,141265136,Crepis foetida L. subsp. rhoeadifolia (Bieb.) Čelak.
5831060,native range,Eastern Europe,9ff7d317-609b-4c08-bd86-3bc404b77c42,141265136,Crepis foetida L. subsp. rhoeadifolia (Bieb.) Čelak.
5831060,native range,Europe,9ff7d317-609b-4c08-bd86-3bc404b77c42,141265136,Crepis foetida L. subsp. rhoeadifolia (Bieb.) Čelak.
5831906,native range,Africa,9ff7d317-609b-4c08-bd86-3bc404b77c42,141266078,Bupleurum gerardi All.
5831906,native range,Eastern Asia,9ff7d317-609b-4c08-bd86-3bc404b77c42,141266078,Bupleurum gerardi All.
5831906,native range,Eastern Europe,9ff7d317-609b-4c08-bd86-3bc404b77c42,141266078,Bupleurum gerardi All.
5831906,native range,Europe,9ff7d317-609b-4c08-bd86-3bc404b77c42,141266078,Bupleurum gerardi All.
5844936,native range,Southern Europe,e1c3be64-2799-4342-8312-49d076993132,159498669,"Cyanopica cooki Bonaparte, 1850"
5851603,native range,Eastern Europe,98940a79-2bf1-46e6-afd6-ba2e85a26f9f,141117238,"Leuciscus aspius (Linnaeus, 1758)"
5879783,native range,Africa,1f3505cd-5d98-4e23-bd3b-ffe59d05d7c2,164301141,"Thaumatotibia leucotreta (Meyrick, 1913)"
5892120,native range,Northern America,289244ee-e1c1-49aa-b2d7-d379391ce265,140562916,Dugesia tigrina
5914287,native range,Asia,9ff7d317-609b-4c08-bd86-3bc404b77c42,141264585,Melia azedarach L.
5914287,native range,Australia and New Zealand,9ff7d317-609b-4c08-bd86-3bc404b77c42,141264585,Melia azedarach L.
5928306,native range,Eastern Asia,9ff7d317-609b-4c08-bd86-3bc404b77c42,141266033,Lepidium draba L. subsp. chalepense (L.) Thell.
5928306,native range,Eastern Europe,9ff7d317-609b-4c08-bd86-3bc404b77c42,141266033,Lepidium draba L. subsp. chalepense (L.) Thell.
5928735,native range,Africa,9ff7d317-609b-4c08-bd86-3bc404b77c42,141266779,Sulla coronaria (L.) Med.
5928735,native range,Europe,9ff7d317-609b-4c08-bd86-3bc404b77c42,141266779,Sulla coronaria (L.) Med.
5959227,native range,Central America,e1c3be64-2799-4342-8312-49d076993132,159498510,"Ara macao (Linnaeus, 1758)"
5959227,native range,South America,e1c3be64-2799-4342-8312-49d076993132,159498510,"Ara macao (Linnaeus, 1758)"
5959231,native range,Central America,e1c3be64-2799-4342-8312-49d076993132,159498511,"Ara ararauna (Linnaeus, 1758)"
5959231,native range,South America,e1c3be64-2799-4342-8312-49d076993132,159498511,"Ara ararauna (Linnaeus, 1758)"
6026420,native range,Europe,9ff7d317-609b-4c08-bd86-3bc404b77c42,141266085,Seseli montanum L.
6026665,native range,Africa,9ff7d317-609b-4c08-bd86-3bc404b77c42,141266079,Torilis africana Spreng.
6026665,native range,Eastern Asia,9ff7d317-609b-4c08-bd86-3bc404b77c42,141266079,Torilis africana Spreng.
6026665,native range,Eastern Europe,9ff7d317-609b-4c08-bd86-3bc404b77c42,141266079,Torilis africana Spreng.
6026665,native range,Europe,9ff7d317-609b-4c08-bd86-3bc404b77c42,141266079,Torilis africana Spreng.
6026954,native range,Africa,9ff7d317-609b-4c08-bd86-3bc404b77c42,141266090,Scandix stellata Banks & Sol.
6026954,native range,Eastern Asia,9ff7d317-609b-4c08-bd86-3bc404b77c42,141266090,Scandix stellata Banks & Sol.
6026954,native range,Eastern Europe,9ff7d317-609b-4c08-bd86-3bc404b77c42,141266090,Scandix stellata Banks & Sol.
6026954,native range,Europe,9ff7d317-609b-4c08-bd86-3bc404b77c42,141266090,Scandix stellata Banks & Sol.
6026972,native range,Eastern Asia,9ff7d317-609b-4c08-bd86-3bc404b77c42,141266091,Bupleurum praealtum L.
6026972,native range,Eastern Europe,9ff7d317-609b-4c08-bd86-3bc404b77c42,141266091,Bupleurum praealtum L.
6026972,native range,Europe,9ff7d317-609b-4c08-bd86-3bc404b77c42,141266091,Bupleurum praealtum L.
6027089,native range,Eastern Asia,9ff7d317-609b-4c08-bd86-3bc404b77c42,141266087,Smyrnium perfoliatum L.
6027089,native range,Eastern Europe,9ff7d317-609b-4c08-bd86-3bc404b77c42,141266087,Smyrnium perfoliatum L.
6027089,native range,Europe,9ff7d317-609b-4c08-bd86-3bc404b77c42,141266087,Smyrnium perfoliatum L.
6027176,native range,Africa,9ff7d317-609b-4c08-bd86-3bc404b77c42,168400512,Opopanax chironium W.D.J. Koch
6027176,native range,Europe,9ff7d317-609b-4c08-bd86-3bc404b77c42,168400512,Opopanax chironium W.D.J. Koch
6027313,native range,Australia and New Zealand,9ff7d317-609b-4c08-bd86-3bc404b77c42,141266068,"Daucus glochidiatus (Labill.) Fisch., C.A. Mey. & Avé-Lall."
6027382,native range,Africa,9ff7d317-609b-4c08-bd86-3bc404b77c42,141266094,Daucus aureus Desf.
6027382,native range,Eastern Asia,9ff7d317-609b-4c08-bd86-3bc404b77c42,141266094,Daucus aureus Desf.
6027382,native range,Eastern Europe,9ff7d317-609b-4c08-bd86-3bc404b77c42,141266094,Daucus aureus Desf.
6027382,native range,Europe,9ff7d317-609b-4c08-bd86-3bc404b77c42,141266094,Daucus aureus Desf.
6035549,native range,Europe,9ff7d317-609b-4c08-bd86-3bc404b77c42,141266201,Chenopodium striatiforme J. Murr
6035638,native range,Northern America,9ff7d317-609b-4c08-bd86-3bc404b77c42,141266129,Chenopodium probstii Aell.
6063730,native range,Eastern Asia,9ff7d317-609b-4c08-bd86-3bc404b77c42,141265225,Senecio vernalis Waldst. & Kit.
6063730,native range,Eastern Europe,9ff7d317-609b-4c08-bd86-3bc404b77c42,141265225,Senecio vernalis Waldst. & Kit.
6063730,native range,Europe,9ff7d317-609b-4c08-bd86-3bc404b77c42,141265225,Senecio vernalis Waldst. & Kit.
6068804,native range,Africa,9ff7d317-609b-4c08-bd86-3bc404b77c42,141265742,Pennisetum petiolare (Hochst.) Chiov.
6070732,native range,Northern America,9ff7d317-609b-4c08-bd86-3bc404b77c42,168400590,Mimulus ringens L.
6076279,native range,Africa,9ff7d317-609b-4c08-bd86-3bc404b77c42,141265274,Centaurea algeriensis Coss. & Durieu
6076957,native range,Africa,9ff7d317-609b-4c08-bd86-3bc404b77c42,141265186,Pulicaria arabica (L.) Cass. subsp. hispanica (Boiss.) Murb.
6076957,native range,Europe,9ff7d317-609b-4c08-bd86-3bc404b77c42,141265186,Pulicaria arabica (L.) Cass. subsp. hispanica (Boiss.) Murb.
6084799,native range,Africa,9ff7d317-609b-4c08-bd86-3bc404b77c42,141265730,Aira caryophyllea subsp. plesiantha (Jord.) K. Richt.
6084799,native range,Europe,9ff7d317-609b-4c08-bd86-3bc404b77c42,141265730,Aira caryophyllea subsp. plesiantha (Jord.) K. Richt.
6085036,native range,Africa,9ff7d317-609b-4c08-bd86-3bc404b77c42,141265588,Vulpia ciliata Dum. subsp. ciliata
6085036,native range,Eastern Asia,9ff7d317-609b-4c08-bd86-3bc404b77c42,141265588,Vulpia ciliata Dum. subsp. ciliata
6085036,native range,Eastern Europe,9ff7d317-609b-4c08-bd86-3bc404b77c42,141265588,Vulpia ciliata Dum. subsp. ciliata
6085036,native range,Europe,9ff7d317-609b-4c08-bd86-3bc404b77c42,141265588,Vulpia ciliata Dum. subsp. ciliata
6100962,native range,Eastern Asia,e1c3be64-2799-4342-8312-49d076993132,159498671,"Urocissa erythroryncha (Boddaert, 1783)"
6100962,native range,Southern Asia,e1c3be64-2799-4342-8312-49d076993132,159498671,"Urocissa erythroryncha (Boddaert, 1783)"
6101013,native range,Eastern Asia,e1c3be64-2799-4342-8312-49d076993132,159498662,"Chloris spinoides (Vigors, 1831)"
6101013,native range,Southern Asia,e1c3be64-2799-4342-8312-49d076993132,159498662,"Chloris spinoides (Vigors, 1831)"
6101215,native range,Africa,e1c3be64-2799-4342-8312-49d076993132,159498300,"Leptoptilos crumenifer (Lesson, 1831)"
6101223,native range,Africa,e1c3be64-2799-4342-8312-49d076993132,159498346,"Streptopelia senegalensis (Linnaeus, 1766)"
6101223,native range,Asia,e1c3be64-2799-4342-8312-49d076993132,159498346,"Streptopelia senegalensis (Linnaeus, 1766)"
6109534,native range,Northern America,9ff7d317-609b-4c08-bd86-3bc404b77c42,141266182,Amaranthus retroflexus L.
6109699,native range,Africa,9ff7d317-609b-4c08-bd86-3bc404b77c42,141264813,Phoenix dactylifera L.
6109699,native range,Eastern Asia,9ff7d317-609b-4c08-bd86-3bc404b77c42,141264813,Phoenix dactylifera L.
6109699,native range,Eastern Europe,9ff7d317-609b-4c08-bd86-3bc404b77c42,141264813,Phoenix dactylifera L.
6156934,native range,Northern America,a12e2bf8-13ce-4d0b-b2d4-b1cd20450a63,213159101,"Chrysemys picta bellii (Gray, 1831)"
6157026,native range,Northern America,a12e2bf8-13ce-4d0b-b2d4-b1cd20450a63,180661219,"Trachemys scripta elegans (Wied, 1838)"
6157035,native range,Northern America,a12e2bf8-13ce-4d0b-b2d4-b1cd20450a63,180661220,"Trachemys scripta troostii (Holbrook, 1836)"
6157050,native range,Northern America,a12e2bf8-13ce-4d0b-b2d4-b1cd20450a63,213159098,"Graptemys pseudogeographica kohnii (Baur, 1890)"
6159238,native range,Asia,a12e2bf8-13ce-4d0b-b2d4-b1cd20450a63,213159043,"Lacerta strigata (Eichwald, 1831)"
6161327,native range,Africa,a12e2bf8-13ce-4d0b-b2d4-b1cd20450a63,180661100,"Natrix tessellata (Laurenti, 1768)"
6161327,native range,Asia,a12e2bf8-13ce-4d0b-b2d4-b1cd20450a63,180661100,"Natrix tessellata (Laurenti, 1768)"
6161340,native range,Africa,a12e2bf8-13ce-4d0b-b2d4-b1cd20450a63,180661101,"Natrix maura (Linnaeus, 1758)"
6300805,native range,Europe,9ff7d317-609b-4c08-bd86-3bc404b77c42,141265117,Pilosella bauhini (Schult. ex Besser) Arv.-Touv.
6308164,native range,Africa,9ff7d317-609b-4c08-bd86-3bc404b77c42,141266082,Scandix australis L. subsp. grandiflora (L.) Thell.
6308164,native range,Eastern Asia,9ff7d317-609b-4c08-bd86-3bc404b77c42,141266082,Scandix australis L. subsp. grandiflora (L.) Thell.
6308164,native range,Eastern Europe,9ff7d317-609b-4c08-bd86-3bc404b77c42,141266082,Scandix australis L. subsp. grandiflora (L.) Thell.
6308164,native range,Europe,9ff7d317-609b-4c08-bd86-3bc404b77c42,141266082,Scandix australis L. subsp. grandiflora (L.) Thell.
6313049,native range,Europe,9ff7d317-609b-4c08-bd86-3bc404b77c42,141265673,Triticum polonicum L.
6313051,native range,Europe,9ff7d317-609b-4c08-bd86-3bc404b77c42,141265581,Triticum durum Desf.
6362904,native range,Northern America,9ff7d317-609b-4c08-bd86-3bc404b77c42,141266627,Populus trichocarpa Torr. & A. Gray ex Hook.
6363496,native range,Eastern Asia,9ff7d317-609b-4c08-bd86-3bc404b77c42,141267209,Dianthus superbus L.
6363496,native range,Eastern Europe,9ff7d317-609b-4c08-bd86-3bc404b77c42,141267209,Dianthus superbus L.
6363496,native range,Europe,9ff7d317-609b-4c08-bd86-3bc404b77c42,141267209,Dianthus superbus L.
6366597,native range,Europe,9ff7d317-609b-4c08-bd86-3bc404b77c42,141264742,Gentiana acaulis L.
6369140,native range,Eastern Asia,9ff7d317-609b-4c08-bd86-3bc404b77c42,141265405,Prunus domestica L. subsp. domestica
6369140,native range,Eastern Europe,9ff7d317-609b-4c08-bd86-3bc404b77c42,141265405,Prunus domestica L. subsp. domestica
6369819,native range,Northern America,9ff7d317-609b-4c08-bd86-3bc404b77c42,141266437,Sambucus canadensis L.
6371424,native range,Africa,9ff7d317-609b-4c08-bd86-3bc404b77c42,168400480,Rhamnus alaterus L.
6371424,native range,Eastern Asia,9ff7d317-609b-4c08-bd86-3bc404b77c42,168400480,Rhamnus alaterus L.
6371424,native range,Eastern Europe,9ff7d317-609b-4c08-bd86-3bc404b77c42,168400480,Rhamnus alaterus L.
6371424,native range,Europe,9ff7d317-609b-4c08-bd86-3bc404b77c42,168400480,Rhamnus alaterus L.
6374790,native range,Asia,9ff7d317-609b-4c08-bd86-3bc404b77c42,141266877,Clematis integrifolia L.
6374790,native range,Europe,9ff7d317-609b-4c08-bd86-3bc404b77c42,141266877,Clematis integrifolia L.
6374953,native range,Eastern Asia,9ff7d317-609b-4c08-bd86-3bc404b77c42,141266874,Helleborus orientalis Lam.
6374953,native range,Eastern Europe,9ff7d317-609b-4c08-bd86-3bc404b77c42,141266874,Helleborus orientalis Lam.
6374953,native range,Europe,9ff7d317-609b-4c08-bd86-3bc404b77c42,141266874,Helleborus orientalis Lam.
6376216,native range,Eastern Asia,9ff7d317-609b-4c08-bd86-3bc404b77c42,168400551,Clematis montana Buch.-Ham. ex DC.
6376216,native range,Eastern Europe,9ff7d317-609b-4c08-bd86-3bc404b77c42,168400551,Clematis montana Buch.-Ham. ex DC.
6376340,native range,Eastern Asia,9ff7d317-609b-4c08-bd86-3bc404b77c42,141266879,Thalictrum aquilegiifolium L.
6376340,native range,Eastern Europe,9ff7d317-609b-4c08-bd86-3bc404b77c42,141266879,Thalictrum aquilegiifolium L.
6376340,native range,Europe,9ff7d317-609b-4c08-bd86-3bc404b77c42,141266879,Thalictrum aquilegiifolium L.
6387003,native range,Americas,9ff7d317-609b-4c08-bd86-3bc404b77c42,141264695,Equisetum hyemale L. subsp. affine (Engelm.) Calder & R.L. Taylor
6391417,native range,Europe,9ff7d317-609b-4c08-bd86-3bc404b77c42,141266387,Rumex thyrsiflorus Fingerh.
6400569,native range,Northern America,9ff7d317-609b-4c08-bd86-3bc404b77c42,141264929,Ledum palustre L.
6402873,native range,Northern America,9ff7d317-609b-4c08-bd86-3bc404b77c42,141266946,Physalis ixocarpa Brot. ex Hornem.
6409536,native range,Eastern Asia,9ff7d317-609b-4c08-bd86-3bc404b77c42,141266246,Ballota nigra L. subsp. nigra
6409536,native range,Eastern Europe,9ff7d317-609b-4c08-bd86-3bc404b77c42,141266246,Ballota nigra L. subsp. nigra
6409536,native range,Europe,9ff7d317-609b-4c08-bd86-3bc404b77c42,141266246,Ballota nigra L. subsp. nigra
6409706,native range,Africa,9ff7d317-609b-4c08-bd86-3bc404b77c42,141266229,Salvia verbenaca L.
6409706,native range,Eastern Asia,9ff7d317-609b-4c08-bd86-3bc404b77c42,141266229,Salvia verbenaca L.
6409706,native range,Eastern Europe,9ff7d317-609b-4c08-bd86-3bc404b77c42,141266229,Salvia verbenaca L.
6409706,native range,Europe,9ff7d317-609b-4c08-bd86-3bc404b77c42,141266229,Salvia verbenaca L.
6410563,native range,Eastern Asia,9ff7d317-609b-4c08-bd86-3bc404b77c42,141266241,Leonurus japonicus Houtt.
6410563,native range,Eastern Europe,9ff7d317-609b-4c08-bd86-3bc404b77c42,141266241,Leonurus japonicus Houtt.
6411098,native range,Europe,9ff7d317-609b-4c08-bd86-3bc404b77c42,141266269,Lamium galeobdolon (L.) L. subsp. argentatum (Smejkal) J. Duvigneaud
6420901,native range,Northern America,9ff7d317-609b-4c08-bd86-3bc404b77c42,141266365,Nemophila menziesii Hook. & Arnott var. menziesii
6427623,native range,Northern America,9ff7d317-609b-4c08-bd86-3bc404b77c42,141266505,Oenothera canovirens E.S. Steele
6427785,native range,Northern America,9ff7d317-609b-4c08-bd86-3bc404b77c42,141266511,Oenothera fruticosa L. subsp. glauca (Michaux) Straley
6431611,native range,Africa,9ff7d317-609b-4c08-bd86-3bc404b77c42,141265859,Vulpia geniculata (L.) Link
6431611,native range,Europe,9ff7d317-609b-4c08-bd86-3bc404b77c42,141265859,Vulpia geniculata (L.) Link
6431764,native range,Northern America,9ff7d317-609b-4c08-bd86-3bc404b77c42,141265831,Aristida longespica Poiret
6432925,native range,Europe,9ff7d317-609b-4c08-bd86-3bc404b77c42,141266896,Fraxinus angustifolia Vahl subsp. oxycarpa (Bieb. ex Willd.) F. & R. Afonso
6443709,native range,Eastern Asia,9ff7d317-609b-4c08-bd86-3bc404b77c42,141265257,Tragopogon dubius Scop.
6443709,native range,Eastern Europe,9ff7d317-609b-4c08-bd86-3bc404b77c42,141265257,Tragopogon dubius Scop.
6443709,native range,Europe,9ff7d317-609b-4c08-bd86-3bc404b77c42,141265257,Tragopogon dubius Scop.
6447496,native range,Australia and New Zealand,9ff7d317-609b-4c08-bd86-3bc404b77c42,141266189,Atriplex leptocarpa F. Muell.
6447806,native range,Eastern Asia,9ff7d317-609b-4c08-bd86-3bc404b77c42,141266185,Axyris amaranthoides L.
6447806,native range,Eastern Europe,9ff7d317-609b-4c08-bd86-3bc404b77c42,141266185,Axyris amaranthoides L.
6449041,native range,Asia,9ff7d317-609b-4c08-bd86-3bc404b77c42,141265681,Panicum miliaceum L. subsp. miliaceum
6476679,native range,Australia and New Zealand,1f3505cd-5d98-4e23-bd3b-ffe59d05d7c2,164300900,"Caenoplana bicolor (Graff, 1899)"
6550056,native range,Europe,9ff7d317-609b-4c08-bd86-3bc404b77c42,141266066,Daucus carota L. subsp. sativus (Hoffmann) Arcang.
6559940,native range,Europe,9ff7d317-609b-4c08-bd86-3bc404b77c42,141265657,Helictotrichon bromoides (Gouan) C.E. Hubbard
6709291,native range,Eastern Asia,9ff7d317-609b-4c08-bd86-3bc404b77c42,141266382,Reynoutria compacta (Hook. f.) Nakai
6709291,native range,Eastern Europe,9ff7d317-609b-4c08-bd86-3bc404b77c42,141266382,Reynoutria compacta (Hook. f.) Nakai
6710856,native range,Australia and New Zealand,9ff7d317-609b-4c08-bd86-3bc404b77c42,141265653,Austrostipa scabra (Lindl.) S.W.L. Jacobs & J. Everett subsp. scabra
6718178,native range,Africa,1f3505cd-5d98-4e23-bd3b-ffe59d05d7c2,164301092,"Cryptachaea blattea (Urquhart, 1886)"
7009279,native range,Australia and New Zealand,289244ee-e1c1-49aa-b2d7-d379391ce265,140562912,Laonome calida
7062200,native range,Northern America,a12e2bf8-13ce-4d0b-b2d4-b1cd20450a63,180661221,"Trachemys scripta scripta (Schoepff, 1792)"
7066596,native range,Northern America,9ff7d317-609b-4c08-bd86-3bc404b77c42,141265247,"Zinnia angustifolia Humb., Bonpl. & Kunth var. angustifolia"
7068379,native range,Europe,9ff7d317-609b-4c08-bd86-3bc404b77c42,141266787,Vicia sativa L. subsp. sativa
7068732,native range,Europe,9ff7d317-609b-4c08-bd86-3bc404b77c42,141266000,Arabidopsis arenosa (L.) Lawalrée subsp. arenosa
7068845,native range,Europe,9ff7d317-609b-4c08-bd86-3bc404b77c42,141266163,Beta vulgaris L. subsp. vulgaris
7070211,native range,Africa,9ff7d317-609b-4c08-bd86-3bc404b77c42,141267139,Cyperus longus L. subsp. tenuiflorus (Rottb.) Kük.
7070211,native range,Asia,9ff7d317-609b-4c08-bd86-3bc404b77c42,141267158,Cyperus longus L. subsp. longus
7070211,native range,Europe,9ff7d317-609b-4c08-bd86-3bc404b77c42,141267158,Cyperus longus L. subsp. longus
7096205,native range,Africa,9ff7d317-609b-4c08-bd86-3bc404b77c42,141266274,Clinopodium nepeta Kuntze subsp. nepeta
7096205,native range,Eastern Asia,9ff7d317-609b-4c08-bd86-3bc404b77c42,141266274,Clinopodium nepeta Kuntze subsp. nepeta
7096205,native range,Eastern Europe,9ff7d317-609b-4c08-bd86-3bc404b77c42,141266274,Clinopodium nepeta Kuntze subsp. nepeta
7096205,native range,Europe,9ff7d317-609b-4c08-bd86-3bc404b77c42,141266274,Clinopodium nepeta Kuntze subsp. nepeta
7102937,native range,Eastern Asia,9ff7d317-609b-4c08-bd86-3bc404b77c42,141264860,Euonymus japonicus Thunb.
7102937,native range,Eastern Europe,9ff7d317-609b-4c08-bd86-3bc404b77c42,141264860,Euonymus japonicus Thunb.
7116158,native range,South America,9ff7d317-609b-4c08-bd86-3bc404b77c42,141266494,Sphaeralcea bonariensis (Cav.) Griseb.
7127354,native range,Eastern Asia,9ff7d317-609b-4c08-bd86-3bc404b77c42,141264898,Cyclamen coum Mill.
7127354,native range,Eastern Europe,9ff7d317-609b-4c08-bd86-3bc404b77c42,141264898,Cyclamen coum Mill.
7127354,native range,Europe,9ff7d317-609b-4c08-bd86-3bc404b77c42,141264898,Cyclamen coum Mill.
7127810,native range,Africa,9ff7d317-609b-4c08-bd86-3bc404b77c42,141264901,Cyclamen hederifolium Ait.
7127810,native range,Eastern Asia,9ff7d317-609b-4c08-bd86-3bc404b77c42,141264901,Cyclamen hederifolium Ait.
7127810,native range,Eastern Europe,9ff7d317-609b-4c08-bd86-3bc404b77c42,141264901,Cyclamen hederifolium Ait.
7127810,native range,Europe,9ff7d317-609b-4c08-bd86-3bc404b77c42,141264901,Cyclamen hederifolium Ait.
7135755,native range,Eastern Asia,9ff7d317-609b-4c08-bd86-3bc404b77c42,141264930,Rhododendron luteum Sweet
7135755,native range,Eastern Europe,9ff7d317-609b-4c08-bd86-3bc404b77c42,141264930,Rhododendron luteum Sweet
7135755,native range,Europe,9ff7d317-609b-4c08-bd86-3bc404b77c42,141264930,Rhododendron luteum Sweet
7150619,native range,Africa,9ff7d317-609b-4c08-bd86-3bc404b77c42,141264645,Gomphocarpus fruticosus (L.) W.T.Aiton
7153734,native range,Eastern Asia,9ff7d317-609b-4c08-bd86-3bc404b77c42,168400577,Papaver commutatum Fisch. & C.A. Mey.
7153734,native range,Eastern Europe,9ff7d317-609b-4c08-bd86-3bc404b77c42,168400577,Papaver commutatum Fisch. & C.A. Mey.
7153734,native range,Europe,9ff7d317-609b-4c08-bd86-3bc404b77c42,168400577,Papaver commutatum Fisch. & C.A. Mey.
7156971,native range,South America,9ff7d317-609b-4c08-bd86-3bc404b77c42,168400464,Oxalis triangularis A. St. Hil.
7157952,native range,Northern America,9ff7d317-609b-4c08-bd86-3bc404b77c42,141264855,Dryopteris erythrosora (D.C. Eaton) Kuntze
7158449,native range,Eastern Asia,9ff7d317-609b-4c08-bd86-3bc404b77c42,141264852,Polystichum polyblepharum (Roem. ex Kunze) C. Presl
7158449,native range,Eastern Europe,9ff7d317-609b-4c08-bd86-3bc404b77c42,141264852,Polystichum polyblepharum (Roem. ex Kunze) C. Presl
7161168,native range,Americas,9ff7d317-609b-4c08-bd86-3bc404b77c42,141266536,Lopezia racemosa Cav.
7172720,native range,Africa,9ff7d317-609b-4c08-bd86-3bc404b77c42,141265038,Sedum dasyphyllum L.
7172720,native range,Eastern Asia,9ff7d317-609b-4c08-bd86-3bc404b77c42,141265038,Sedum dasyphyllum L.
7172720,native range,Eastern Europe,9ff7d317-609b-4c08-bd86-3bc404b77c42,141265038,Sedum dasyphyllum L.
7172720,native range,Europe,9ff7d317-609b-4c08-bd86-3bc404b77c42,141265038,Sedum dasyphyllum L.
7172831,native range,Eastern Asia,9ff7d317-609b-4c08-bd86-3bc404b77c42,141265033,Sedum aizoon L.
7172831,native range,Eastern Europe,9ff7d317-609b-4c08-bd86-3bc404b77c42,141265033,Sedum aizoon L.
7190901,native range,Northern America,a12e2bf8-13ce-4d0b-b2d4-b1cd20450a63,213159099,"Graptemys pseudogeographica pseudogeographica (Gray, 1831)"
7222196,native range,Eastern Asia,9ff7d317-609b-4c08-bd86-3bc404b77c42,141265172,Achillea cartilaginea Ledeb. ex Reichenb. s.l.
7222196,native range,Eastern Europe,9ff7d317-609b-4c08-bd86-3bc404b77c42,141265172,Achillea cartilaginea Ledeb. ex Reichenb. s.l.
7222196,native range,Europe,9ff7d317-609b-4c08-bd86-3bc404b77c42,141265172,Achillea cartilaginea Ledeb. ex Reichenb. s.l.
7223177,native range,Africa,9ff7d317-609b-4c08-bd86-3bc404b77c42,141265243,Crepis sancta (L.) Bornm. subsp. nemausensis (Vill.) Babc.
7223177,native range,Eastern Asia,9ff7d317-609b-4c08-bd86-3bc404b77c42,141265243,Crepis sancta (L.) Bornm. subsp. nemausensis (Vill.) Babc.
7223177,native range,Eastern Europe,9ff7d317-609b-4c08-bd86-3bc404b77c42,141265243,Crepis sancta (L.) Bornm. subsp. nemausensis (Vill.) Babc.
7223177,native range,Europe,9ff7d317-609b-4c08-bd86-3bc404b77c42,141265243,Crepis sancta (L.) Bornm. subsp. nemausensis (Vill.) Babc.
7223276,native range,Africa,9ff7d317-609b-4c08-bd86-3bc404b77c42,141265209,Centaurea solstitialis L. subsp. solstitialis
7223276,native range,Eastern Asia,9ff7d317-609b-4c08-bd86-3bc404b77c42,141265209,Centaurea solstitialis L. subsp. solstitialis
7223276,native range,Eastern Europe,9ff7d317-609b-4c08-bd86-3bc404b77c42,141265209,Centaurea solstitialis L. subsp. solstitialis
7223276,native range,Europe,9ff7d317-609b-4c08-bd86-3bc404b77c42,141265209,Centaurea solstitialis L. subsp. solstitialis
7223680,native range,Northern America,9ff7d317-609b-4c08-bd86-3bc404b77c42,141264789,Gilia capitata Sims subsp. capitata
7224069,native range,Eastern Asia,9ff7d317-609b-4c08-bd86-3bc404b77c42,141266072,Petroselinum crispum (Mill.) Nyman ex A.W. Hill
7224069,native range,Eastern Europe,9ff7d317-609b-4c08-bd86-3bc404b77c42,141266072,Petroselinum crispum (Mill.) Nyman ex A.W. Hill
7224427,native range,Eastern Asia,9ff7d317-609b-4c08-bd86-3bc404b77c42,141266681,Trifolium hybridum L. subsp. hybridum
7224427,native range,Eastern Europe,9ff7d317-609b-4c08-bd86-3bc404b77c42,141266681,Trifolium hybridum L. subsp. hybridum
7224427,native range,Europe,9ff7d317-609b-4c08-bd86-3bc404b77c42,141266681,Trifolium hybridum L. subsp. hybridum
7225456,native range,Africa,9ff7d317-609b-4c08-bd86-3bc404b77c42,141266763,Vicia narbonensis L. subsp. narbonensis
7225456,native range,Eastern Asia,9ff7d317-609b-4c08-bd86-3bc404b77c42,141266763,Vicia narbonensis L. subsp. narbonensis
7225456,native range,Eastern Europe,9ff7d317-609b-4c08-bd86-3bc404b77c42,141266763,Vicia narbonensis L. subsp. narbonensis
7225456,native range,Europe,9ff7d317-609b-4c08-bd86-3bc404b77c42,141266763,Vicia narbonensis L. subsp. narbonensis
7225471,native range,Africa,9ff7d317-609b-4c08-bd86-3bc404b77c42,141266794,Vicia villosa Roth subsp. villosa
7225471,native range,Eastern Asia,9ff7d317-609b-4c08-bd86-3bc404b77c42,141266794,Vicia villosa Roth subsp. villosa
7225471,native range,Eastern Europe,9ff7d317-609b-4c08-bd86-3bc404b77c42,141266794,Vicia villosa Roth subsp. villosa
7225471,native range,Europe,9ff7d317-609b-4c08-bd86-3bc404b77c42,141266794,Vicia villosa Roth subsp. villosa
7225621,native range,Africa,9ff7d317-609b-4c08-bd86-3bc404b77c42,141266028,Neslia paniculata (L.) Desv. subsp. paniculata
7225621,native range,Eastern Asia,9ff7d317-609b-4c08-bd86-3bc404b77c42,141266028,Neslia paniculata (L.) Desv. subsp. paniculata
7225621,native range,Eastern Europe,9ff7d317-609b-4c08-bd86-3bc404b77c42,141266028,Neslia paniculata (L.) Desv. subsp. paniculata
7225621,native range,Europe,9ff7d317-609b-4c08-bd86-3bc404b77c42,141266028,Neslia paniculata (L.) Desv. subsp. paniculata
7225712,native range,Africa,9ff7d317-609b-4c08-bd86-3bc404b77c42,141264953,Convolvulus silvaticus Kit.
7225712,native range,Eastern Asia,9ff7d317-609b-4c08-bd86-3bc404b77c42,141264953,Convolvulus silvaticus Kit.
7225712,native range,Eastern Europe,9ff7d317-609b-4c08-bd86-3bc404b77c42,141264953,Convolvulus silvaticus Kit.
7225712,native range,Europe,9ff7d317-609b-4c08-bd86-3bc404b77c42,141264953,Convolvulus silvaticus Kit.
7226776,native range,Africa,9ff7d317-609b-4c08-bd86-3bc404b77c42,141265704,Setaria verticillata (L.) Beauv. var. verticillata
7226776,native range,Asia,9ff7d317-609b-4c08-bd86-3bc404b77c42,141265704,Setaria verticillata (L.) Beauv. var. verticillata
7226776,native range,Europe,9ff7d317-609b-4c08-bd86-3bc404b77c42,141265704,Setaria verticillata (L.) Beauv. var. verticillata
7226794,native range,Asia,9ff7d317-609b-4c08-bd86-3bc404b77c42,143605085,Bromus japonicus Thunb. subsp. subsquarrosus (Borbás) Pénzes
7226794,native range,Europe,9ff7d317-609b-4c08-bd86-3bc404b77c42,143605085,Bromus japonicus Thunb. subsp. subsquarrosus (Borbás) Pénzes
7226804,native range,Africa,9ff7d317-609b-4c08-bd86-3bc404b77c42,141265790,Avena sterilis L. subsp. sterilis
7226804,native range,Eastern Asia,9ff7d317-609b-4c08-bd86-3bc404b77c42,141265790,Avena sterilis L. subsp. sterilis
7226804,native range,Eastern Europe,9ff7d317-609b-4c08-bd86-3bc404b77c42,141265790,Avena sterilis L. subsp. sterilis
7226804,native range,Europe,9ff7d317-609b-4c08-bd86-3bc404b77c42,141265790,Avena sterilis L. subsp. sterilis
7227181,native range,Africa,9ff7d317-609b-4c08-bd86-3bc404b77c42,141267127,Carex muricata L. subsp. muricata
7227181,native range,Eastern Asia,9ff7d317-609b-4c08-bd86-3bc404b77c42,141267127,Carex muricata L. subsp. muricata
7227181,native range,Eastern Europe,9ff7d317-609b-4c08-bd86-3bc404b77c42,141267127,Carex muricata L. subsp. muricata
7227181,native range,Europe,9ff7d317-609b-4c08-bd86-3bc404b77c42,141267127,Carex muricata L. subsp. muricata
7230699,native range,Eastern Asia,9ff7d317-609b-4c08-bd86-3bc404b77c42,141266575,Pinus nigra Arnold subsp. nigra
7230699,native range,Eastern Europe,9ff7d317-609b-4c08-bd86-3bc404b77c42,141266575,Pinus nigra Arnold subsp. nigra
7230699,native range,Europe,9ff7d317-609b-4c08-bd86-3bc404b77c42,141266575,Pinus nigra Arnold subsp. nigra
7262908,native range,Eastern Asia,9ff7d317-609b-4c08-bd86-3bc404b77c42,141266284,Acer cappadocicum Gled.
7262908,native range,Eastern Europe,9ff7d317-609b-4c08-bd86-3bc404b77c42,141266284,Acer cappadocicum Gled.
7262958,native range,Africa,9ff7d317-609b-4c08-bd86-3bc404b77c42,141266286,Acer monspessulanum L.
7262958,native range,Eastern Asia,9ff7d317-609b-4c08-bd86-3bc404b77c42,141266286,Acer monspessulanum L.
7262958,native range,Eastern Europe,9ff7d317-609b-4c08-bd86-3bc404b77c42,141266286,Acer monspessulanum L.
7262958,native range,Europe,9ff7d317-609b-4c08-bd86-3bc404b77c42,141266286,Acer monspessulanum L.
7263145,native range,Eastern Asia,9ff7d317-609b-4c08-bd86-3bc404b77c42,141266295,Acer rufinerve Siebold & Zucc.
7263145,native range,Eastern Europe,9ff7d317-609b-4c08-bd86-3bc404b77c42,141266295,Acer rufinerve Siebold & Zucc.
7266329,native range,Eastern Asia,9ff7d317-609b-4c08-bd86-3bc404b77c42,163968277,Salix euxina I.V.Belyaeva
7266329,native range,Eastern Europe,9ff7d317-609b-4c08-bd86-3bc404b77c42,163968277,Salix euxina I.V.Belyaeva
7266343,native range,Africa,9ff7d317-609b-4c08-bd86-3bc404b77c42,141266619,Salix purpurea L. var. purpurea
7266343,native range,Eastern Asia,9ff7d317-609b-4c08-bd86-3bc404b77c42,141266619,Salix purpurea L. var. purpurea
7266343,native range,Eastern Europe,9ff7d317-609b-4c08-bd86-3bc404b77c42,141266619,Salix purpurea L. var. purpurea
7266343,native range,Europe,9ff7d317-609b-4c08-bd86-3bc404b77c42,141266619,Salix purpurea L. var. purpurea
7267492,native range,Africa,9ff7d317-609b-4c08-bd86-3bc404b77c42,141267212,Silene nocturna L. subsp. nocturna
7267492,native range,Eastern Asia,9ff7d317-609b-4c08-bd86-3bc404b77c42,141267212,Silene nocturna L. subsp. nocturna
7267492,native range,Eastern Europe,9ff7d317-609b-4c08-bd86-3bc404b77c42,141267212,Silene nocturna L. subsp. nocturna
7267492,native range,Europe,9ff7d317-609b-4c08-bd86-3bc404b77c42,141267212,Silene nocturna L. subsp. nocturna
7267631,native range,Eastern Asia,9ff7d317-609b-4c08-bd86-3bc404b77c42,141267207,Dianthus giganteus D'Urv. subsp. giganteus
7267631,native range,Eastern Europe,9ff7d317-609b-4c08-bd86-3bc404b77c42,141267207,Dianthus giganteus D'Urv. subsp. giganteus
7267631,native range,Europe,9ff7d317-609b-4c08-bd86-3bc404b77c42,141267207,Dianthus giganteus D'Urv. subsp. giganteus
7270381,native range,Europe,9ff7d317-609b-4c08-bd86-3bc404b77c42,141264740,Gentiana asclepiadea L.
7270761,native range,Eastern Asia,9ff7d317-609b-4c08-bd86-3bc404b77c42,141264679,Actinidia deliciosa (Chevalier) C.S. Liang & A.R. Ferguson
7270761,native range,Eastern Europe,9ff7d317-609b-4c08-bd86-3bc404b77c42,141264679,Actinidia deliciosa (Chevalier) C.S. Liang & A.R. Ferguson
7271631,native range,Eastern Asia,9ff7d317-609b-4c08-bd86-3bc404b77c42,141265424,Pyrus communis L. subsp. communis
7271631,native range,Eastern Europe,9ff7d317-609b-4c08-bd86-3bc404b77c42,141265424,Pyrus communis L. subsp. communis
7271631,native range,Europe,9ff7d317-609b-4c08-bd86-3bc404b77c42,141265424,Pyrus communis L. subsp. communis
7272312,native range,Eastern Asia,9ff7d317-609b-4c08-bd86-3bc404b77c42,141265457,Filipendula camtschatica (Pall.) Maxim.
7272312,native range,Eastern Europe,9ff7d317-609b-4c08-bd86-3bc404b77c42,141265457,Filipendula camtschatica (Pall.) Maxim.
7272439,native range,Africa,9ff7d317-609b-4c08-bd86-3bc404b77c42,141265455,Potentilla recta L. subsp. recta
7272439,native range,Eastern Asia,9ff7d317-609b-4c08-bd86-3bc404b77c42,141265455,Potentilla recta L. subsp. recta
7272439,native range,Eastern Europe,9ff7d317-609b-4c08-bd86-3bc404b77c42,141265455,Potentilla recta L. subsp. recta
7272439,native range,Europe,9ff7d317-609b-4c08-bd86-3bc404b77c42,141265455,Potentilla recta L. subsp. recta
7277106,native range,Europe,9ff7d317-609b-4c08-bd86-3bc404b77c42,141266861,Helleborus lividus Aiton
7277286,native range,Africa,9ff7d317-609b-4c08-bd86-3bc404b77c42,141266871,Thalictrum speciosissimum L.
7277286,native range,Europe,9ff7d317-609b-4c08-bd86-3bc404b77c42,141266871,Thalictrum speciosissimum L.
7278040,native range,Eastern Asia,9ff7d317-609b-4c08-bd86-3bc404b77c42,168400552,Thalictrum delavayi Franch.
7278040,native range,Eastern Europe,9ff7d317-609b-4c08-bd86-3bc404b77c42,168400552,Thalictrum delavayi Franch.
7278926,native range,Africa,9ff7d317-609b-4c08-bd86-3bc404b77c42,141266503,Malope malacoides L.
7278926,native range,Eastern Asia,9ff7d317-609b-4c08-bd86-3bc404b77c42,141266503,Malope malacoides L.
7278926,native range,Eastern Europe,9ff7d317-609b-4c08-bd86-3bc404b77c42,141266503,Malope malacoides L.
7278926,native range,Europe,9ff7d317-609b-4c08-bd86-3bc404b77c42,141266503,Malope malacoides L.
7288892,native range,South America,9ff7d317-609b-4c08-bd86-3bc404b77c42,141266890,Calandrinia compressa Schrad. ex DC.
7291264,native range,Eastern Asia,9ff7d317-609b-4c08-bd86-3bc404b77c42,141266410,Bistorta amplexicaulis (D. Don) Greene
7291264,native range,Eastern Europe,9ff7d317-609b-4c08-bd86-3bc404b77c42,141266410,Bistorta amplexicaulis (D. Don) Greene
7293094,native range,Eastern Asia,9ff7d317-609b-4c08-bd86-3bc404b77c42,141264802,Elaeagnus macrophylla Thunb.
7293094,native range,Eastern Europe,9ff7d317-609b-4c08-bd86-3bc404b77c42,141264802,Elaeagnus macrophylla Thunb.
7293222,native range,Eastern Asia,9ff7d317-609b-4c08-bd86-3bc404b77c42,141267056,Linum austriacum L. subsp. austriacum
7293222,native range,Eastern Europe,9ff7d317-609b-4c08-bd86-3bc404b77c42,141267056,Linum austriacum L. subsp. austriacum
7293222,native range,Europe,9ff7d317-609b-4c08-bd86-3bc404b77c42,141267056,Linum austriacum L. subsp. austriacum
7293727,native range,Eastern Asia,9ff7d317-609b-4c08-bd86-3bc404b77c42,163968198,Ampelopsis glandulosa (Wall.) Momiy.
7293727,native range,Eastern Europe,9ff7d317-609b-4c08-bd86-3bc404b77c42,163968198,Ampelopsis glandulosa (Wall.) Momiy.
7294644,native range,Eastern Asia,9ff7d317-609b-4c08-bd86-3bc404b77c42,141266334,Nonea pulla (L.) DC.
7294644,native range,Eastern Europe,9ff7d317-609b-4c08-bd86-3bc404b77c42,141266334,Nonea pulla (L.) DC.
7294681,native range,Eastern Asia,9ff7d317-609b-4c08-bd86-3bc404b77c42,141266341,Pulmonaria longifolia (Bast.) Boreau
7294681,native range,Eastern Europe,9ff7d317-609b-4c08-bd86-3bc404b77c42,141266341,Pulmonaria longifolia (Bast.) Boreau
7294681,native range,Europe,9ff7d317-609b-4c08-bd86-3bc404b77c42,141266341,Pulmonaria longifolia (Bast.) Boreau
7294722,native range,Africa,9ff7d317-609b-4c08-bd86-3bc404b77c42,141266332,Cerinthe minor L.
7294722,native range,Eastern Asia,9ff7d317-609b-4c08-bd86-3bc404b77c42,141266332,Cerinthe minor L.
7294722,native range,Eastern Europe,9ff7d317-609b-4c08-bd86-3bc404b77c42,141266332,Cerinthe minor L.
7294722,native range,Europe,9ff7d317-609b-4c08-bd86-3bc404b77c42,141266332,Cerinthe minor L.
7294771,native range,Eastern Asia,9ff7d317-609b-4c08-bd86-3bc404b77c42,141266355,Heliotropium suaveolens Bieb.
7294771,native range,Eastern Europe,9ff7d317-609b-4c08-bd86-3bc404b77c42,141266355,Heliotropium suaveolens Bieb.
7294771,native range,Europe,9ff7d317-609b-4c08-bd86-3bc404b77c42,141266355,Heliotropium suaveolens Bieb.
7295374,native range,Eastern Asia,9ff7d317-609b-4c08-bd86-3bc404b77c42,141266348,Anchusa officinalis L. subsp. officinalis
7295374,native range,Eastern Europe,9ff7d317-609b-4c08-bd86-3bc404b77c42,141266348,Anchusa officinalis L. subsp. officinalis
7295374,native range,Europe,9ff7d317-609b-4c08-bd86-3bc404b77c42,141266348,Anchusa officinalis L. subsp. officinalis
7296375,native range,Australia and New Zealand,9ff7d317-609b-4c08-bd86-3bc404b77c42,168400439,Viola hederacea Labill.
7298858,native range,Africa,9ff7d317-609b-4c08-bd86-3bc404b77c42,141267061,Valerianella coronata (L.) DC.
7298858,native range,Eastern Asia,9ff7d317-609b-4c08-bd86-3bc404b77c42,141267061,Valerianella coronata (L.) DC.
7298858,native range,Eastern Europe,9ff7d317-609b-4c08-bd86-3bc404b77c42,141267061,Valerianella coronata (L.) DC.
7298858,native range,Europe,9ff7d317-609b-4c08-bd86-3bc404b77c42,141267061,Valerianella coronata (L.) DC.
7298987,native range,Africa,9ff7d317-609b-4c08-bd86-3bc404b77c42,168400573,Centranthus calcitrapae (L.) Dufr.
7298987,native range,Eastern Asia,9ff7d317-609b-4c08-bd86-3bc404b77c42,168400573,Centranthus calcitrapae (L.) Dufr.
7298987,native range,Eastern Europe,9ff7d317-609b-4c08-bd86-3bc404b77c42,168400573,Centranthus calcitrapae (L.) Dufr.
7298987,native range,Europe,9ff7d317-609b-4c08-bd86-3bc404b77c42,168400573,Centranthus calcitrapae (L.) Dufr.
7300922,native range,South America,9ff7d317-609b-4c08-bd86-3bc404b77c42,141264884,Pilea hyalina Fenzl
7303024,native range,South America,9ff7d317-609b-4c08-bd86-3bc404b77c42,141265529,Plantago myosuros Lam.
7303104,native range,Africa,9ff7d317-609b-4c08-bd86-3bc404b77c42,141265530,Plantago afra L.
7303104,native range,Eastern Asia,9ff7d317-609b-4c08-bd86-3bc404b77c42,141265530,Plantago afra L.
7303104,native range,Eastern Europe,9ff7d317-609b-4c08-bd86-3bc404b77c42,141265530,Plantago afra L.
7303104,native range,Europe,9ff7d317-609b-4c08-bd86-3bc404b77c42,141265530,Plantago afra L.
7303117,native range,Europe,9ff7d317-609b-4c08-bd86-3bc404b77c42,141265519,Plantago sempervirens Crantz
7307327,native range,Eastern Asia,9ff7d317-609b-4c08-bd86-3bc404b77c42,141266227,Agastache rugosa (Fisch. & C.A. Mey.) O. Kuntze
7307327,native range,Eastern Europe,9ff7d317-609b-4c08-bd86-3bc404b77c42,141266227,Agastache rugosa (Fisch. & C.A. Mey.) O. Kuntze
7307492,native range,Eastern Asia,9ff7d317-609b-4c08-bd86-3bc404b77c42,141266247,Leonurus quinquelobatus Gilib.
7307492,native range,Eastern Europe,9ff7d317-609b-4c08-bd86-3bc404b77c42,141266247,Leonurus quinquelobatus Gilib.
7307492,native range,Europe,9ff7d317-609b-4c08-bd86-3bc404b77c42,141266247,Leonurus quinquelobatus Gilib.
7307829,native range,Africa,9ff7d317-609b-4c08-bd86-3bc404b77c42,141266261,Lavandula dentata L.
7307829,native range,Europe,9ff7d317-609b-4c08-bd86-3bc404b77c42,141266261,Lavandula dentata L.
7308043,native range,Africa,9ff7d317-609b-4c08-bd86-3bc404b77c42,141266267,Lamium garganicum L. subsp. garganicum
7308043,native range,Eastern Asia,9ff7d317-609b-4c08-bd86-3bc404b77c42,141266267,Lamium garganicum L. subsp. garganicum
7308043,native range,Eastern Europe,9ff7d317-609b-4c08-bd86-3bc404b77c42,141266267,Lamium garganicum L. subsp. garganicum
7308043,native range,Europe,9ff7d317-609b-4c08-bd86-3bc404b77c42,141266267,Lamium garganicum L. subsp. garganicum
7308335,native range,Europe,9ff7d317-609b-4c08-bd86-3bc404b77c42,141266244,Mentha spicata L. subsp. glabrata (Lej. & Court.) Lebeau
7308640,native range,Eastern Asia,9ff7d317-609b-4c08-bd86-3bc404b77c42,141266214,Caryopteris incana (Thunberg ex Houttuyn) Miquel
7308640,native range,Eastern Europe,9ff7d317-609b-4c08-bd86-3bc404b77c42,141266214,Caryopteris incana (Thunberg ex Houttuyn) Miquel
7309012,native range,Eastern Asia,9ff7d317-609b-4c08-bd86-3bc404b77c42,141266255,Callicarpa bodinieri H. Lév.
7309012,native range,Eastern Europe,9ff7d317-609b-4c08-bd86-3bc404b77c42,141266255,Callicarpa bodinieri H. Lév.
7313595,native range,Eastern Asia,9ff7d317-609b-4c08-bd86-3bc404b77c42,141264978,Asarum europaeum L.
7313595,native range,Eastern Europe,9ff7d317-609b-4c08-bd86-3bc404b77c42,141264978,Asarum europaeum L.
7313595,native range,Europe,9ff7d317-609b-4c08-bd86-3bc404b77c42,141264978,Asarum europaeum L.
7314281,native range,South America,9ff7d317-609b-4c08-bd86-3bc404b77c42,141267219,Paronychia brasiliana DC.
7315023,native range,Africa,9ff7d317-609b-4c08-bd86-3bc404b77c42,141267123,Roemeria hybrida (L.) DC.
7315023,native range,Eastern Asia,9ff7d317-609b-4c08-bd86-3bc404b77c42,141267123,Roemeria hybrida (L.) DC.
7315023,native range,Eastern Europe,9ff7d317-609b-4c08-bd86-3bc404b77c42,141267123,Roemeria hybrida (L.) DC.
7315023,native range,Europe,9ff7d317-609b-4c08-bd86-3bc404b77c42,141267123,Roemeria hybrida (L.) DC.
7315030,native range,Africa,9ff7d317-609b-4c08-bd86-3bc404b77c42,141267116,Glaucium grandiflorum Boiss. & A. Huet
7315030,native range,Eastern Asia,9ff7d317-609b-4c08-bd86-3bc404b77c42,141267116,Glaucium grandiflorum Boiss. & A. Huet
7315030,native range,Eastern Europe,9ff7d317-609b-4c08-bd86-3bc404b77c42,141267116,Glaucium grandiflorum Boiss. & A. Huet
7315063,native range,Europe,9ff7d317-609b-4c08-bd86-3bc404b77c42,141267107,Pseudofumaria alba (Mill.) Lidén
7315072,native range,Africa,9ff7d317-609b-4c08-bd86-3bc404b77c42,141267118,Papaver atlanticum (Ball) Coss.
7318448,native range,Africa,9ff7d317-609b-4c08-bd86-3bc404b77c42,141266052,Eryngium bourgatii Gouan
7318448,native range,Eastern Asia,9ff7d317-609b-4c08-bd86-3bc404b77c42,141266052,Eryngium bourgatii Gouan
7318448,native range,Eastern Europe,9ff7d317-609b-4c08-bd86-3bc404b77c42,141266052,Eryngium bourgatii Gouan
7318448,native range,Europe,9ff7d317-609b-4c08-bd86-3bc404b77c42,141266052,Eryngium bourgatii Gouan
7319302,native range,Eastern Asia,9ff7d317-609b-4c08-bd86-3bc404b77c42,141264856,Dryopteris cycadina (Franch. & Sav.) C. Christens.
7319302,native range,Eastern Europe,9ff7d317-609b-4c08-bd86-3bc404b77c42,141264856,Dryopteris cycadina (Franch. & Sav.) C. Christens.
7322292,native range,Northern America,9ff7d317-609b-4c08-bd86-3bc404b77c42,141266531,Oenothera cambrica Rostański
7322393,native range,South America,9ff7d317-609b-4c08-bd86-3bc404b77c42,141266546,Oenothera indecora Cambess.
7322529,native range,Europe,9ff7d317-609b-4c08-bd86-3bc404b77c42,141266549,Oenothera rubricaulis Kleb.
7323251,native range,Northern America,9ff7d317-609b-4c08-bd86-3bc404b77c42,141266106,Amaranthus acutilobus Uline & Bray
7323341,native range,Africa,9ff7d317-609b-4c08-bd86-3bc404b77c42,141266171,Amaranthus capensis Thell. subsp. capensis
7323632,native range,Australia and New Zealand,9ff7d317-609b-4c08-bd86-3bc404b77c42,141266144,Ptilotus spicatus Benth.
7323711,native range,South America,9ff7d317-609b-4c08-bd86-3bc404b77c42,141266177,Amaranthus hybridus L. subsp. quitensis (Kunth) Costea & Carretero
7323810,native range,Australia and New Zealand,9ff7d317-609b-4c08-bd86-3bc404b77c42,141266160,Amaranthus mitchellii Benth.
7323834,native range,Australia and New Zealand,9ff7d317-609b-4c08-bd86-3bc404b77c42,141266162,Amaranthus macrocarpus Benth. var. macrocarpus
7323906,native range,Africa,9ff7d317-609b-4c08-bd86-3bc404b77c42,141264950,Convolvulus tricolor L. subsp. tricolor
7323906,native range,Eastern Asia,9ff7d317-609b-4c08-bd86-3bc404b77c42,141264950,Convolvulus tricolor L. subsp. tricolor
7323906,native range,Eastern Europe,9ff7d317-609b-4c08-bd86-3bc404b77c42,141264950,Convolvulus tricolor L. subsp. tricolor
7323906,native range,Europe,9ff7d317-609b-4c08-bd86-3bc404b77c42,141264950,Convolvulus tricolor L. subsp. tricolor
7324507,native range,Northern America,9ff7d317-609b-4c08-bd86-3bc404b77c42,141264957,Ipomoea lacunosa L. f. lacunosa
7327990,native range,Asia,1738f272-6b5d-4f43-9a92-453a8c5ea50a,146042126,Rhododendron ponticum Linnaeus
7327990,native range,Eastern Asia,9ff7d317-609b-4c08-bd86-3bc404b77c42,141264935,Rhododendron ponticum L.
7327990,native range,Eastern Europe,9ff7d317-609b-4c08-bd86-3bc404b77c42,141264935,Rhododendron ponticum L.
7327990,native range,Europe,9ff7d317-609b-4c08-bd86-3bc404b77c42,141264935,Rhododendron ponticum L.
7331548,native range,Africa,9ff7d317-609b-4c08-bd86-3bc404b77c42,141266850,Alonsoa intermedia Lodd.
7331666,native range,Europe,9ff7d317-609b-4c08-bd86-3bc404b77c42,141266614,Melampyrum nemorosum L.
7331861,native range,Europe,9ff7d317-609b-4c08-bd86-3bc404b77c42,141265494,"Cymbalaria muralis P. Gaertn., B. Mey. & Scherb. subsp. muralis"
7331874,native range,Europe,9ff7d317-609b-4c08-bd86-3bc404b77c42,168400502,Veronica repens Clarion ex DC.
7332416,native range,Africa,9ff7d317-609b-4c08-bd86-3bc404b77c42,141265496,Chaenorhinum origanifolium (L.) Kostel.
7332416,native range,Europe,9ff7d317-609b-4c08-bd86-3bc404b77c42,141265496,Chaenorhinum origanifolium (L.) Kostel.
7332517,native range,Europe,9ff7d317-609b-4c08-bd86-3bc404b77c42,141266613,Orobanche flava C.F.P. Mart. ex F.W. Schultz
7333212,native range,Europe,9ff7d317-609b-4c08-bd86-3bc404b77c42,141265493,Antirrhinum graniticum Rothm.
7333320,native range,Eastern Asia,9ff7d317-609b-4c08-bd86-3bc404b77c42,141265495,Ellisiophyllum pinnatum (Wall. ex Benth.) Makino
7333320,native range,Eastern Europe,9ff7d317-609b-4c08-bd86-3bc404b77c42,141265495,Ellisiophyllum pinnatum (Wall. ex Benth.) Makino
7334263,native range,Africa,9ff7d317-609b-4c08-bd86-3bc404b77c42,141265048,Crassula decumbens Thunb.
7334263,native range,Australia and New Zealand,9ff7d317-609b-4c08-bd86-3bc404b77c42,141265048,Crassula decumbens Thunb.
7334368,native range,Africa,9ff7d317-609b-4c08-bd86-3bc404b77c42,141265051,Umbilicus rupestris (Salisb.) Dandy
7334368,native range,Eastern Asia,9ff7d317-609b-4c08-bd86-3bc404b77c42,141265051,Umbilicus rupestris (Salisb.) Dandy
7334368,native range,Eastern Europe,9ff7d317-609b-4c08-bd86-3bc404b77c42,141265051,Umbilicus rupestris (Salisb.) Dandy
7334368,native range,Europe,9ff7d317-609b-4c08-bd86-3bc404b77c42,141265051,Umbilicus rupestris (Salisb.) Dandy
7334489,native range,Northern America,9ff7d317-609b-4c08-bd86-3bc404b77c42,168400488,Sedum palmeri S. Watson
7334631,native range,Eastern Asia,9ff7d317-609b-4c08-bd86-3bc404b77c42,141265055,Sedum telephium L. subsp. maximum (L.) Rouy & E.G. Camus
7334631,native range,Eastern Europe,9ff7d317-609b-4c08-bd86-3bc404b77c42,141265055,Sedum telephium L. subsp. maximum (L.) Rouy & E.G. Camus
7334631,native range,Europe,9ff7d317-609b-4c08-bd86-3bc404b77c42,141265055,Sedum telephium L. subsp. maximum (L.) Rouy & E.G. Camus
7339396,native range,Eastern Asia,9ff7d317-609b-4c08-bd86-3bc404b77c42,141265020,Saxifraga rotundifolia L.
7339396,native range,Eastern Europe,9ff7d317-609b-4c08-bd86-3bc404b77c42,141265020,Saxifraga rotundifolia L.
7339396,native range,Europe,9ff7d317-609b-4c08-bd86-3bc404b77c42,141265020,Saxifraga rotundifolia L.
7339492,native range,Eastern Asia,9ff7d317-609b-4c08-bd86-3bc404b77c42,141265014,Rodgersia aesculifolia Batalin
7339492,native range,Eastern Europe,9ff7d317-609b-4c08-bd86-3bc404b77c42,141265014,Rodgersia aesculifolia Batalin
7340811,native range,Africa,e1c3be64-2799-4342-8312-49d076993132,159498704,"Euplectes macroura (Gmelin, 1789)"
7344766,native range,Northern America,9ff7d317-609b-4c08-bd86-3bc404b77c42,141265337,Rudbeckia fulgida Ait.
7346090,native range,Northern America,9ff7d317-609b-4c08-bd86-3bc404b77c42,141267252,Erythranthe moschata ( Douglas ex Lindl. ) G.L. Nesom
7346102,native range,Northern America,9ff7d317-609b-4c08-bd86-3bc404b77c42,141267251,Erythranthe guttata (DC.) G.L. Nesom (incl. hybrids)
7361239,native range,Australia and New Zealand,9ff7d317-609b-4c08-bd86-3bc404b77c42,141265801,Triraphis mollis R. Brown
7372514,native range,Europe,9ff7d317-609b-4c08-bd86-3bc404b77c42,141265933,Malcolmia maritima (L.) R. Brown
7373959,native range,Africa,9ff7d317-609b-4c08-bd86-3bc404b77c42,141266724,Medicago intertexta (L.) Mill. subsp. ciliaris (L.) Ponert
7373959,native range,Eastern Asia,9ff7d317-609b-4c08-bd86-3bc404b77c42,141266724,Medicago intertexta (L.) Mill. subsp. ciliaris (L.) Ponert
7373959,native range,Eastern Europe,9ff7d317-609b-4c08-bd86-3bc404b77c42,141266724,Medicago intertexta (L.) Mill. subsp. ciliaris (L.) Ponert
7373959,native range,Europe,9ff7d317-609b-4c08-bd86-3bc404b77c42,141266724,Medicago intertexta (L.) Mill. subsp. ciliaris (L.) Ponert
7393329,native range,Americas,9ff7d317-609b-4c08-bd86-3bc404b77c42,141266600,Cucurbita moschata Duchesne
7403263,native range,Europe,9ff7d317-609b-4c08-bd86-3bc404b77c42,141265360,Lactuca sativa L.
7407436,native range,Northern America,9ff7d317-609b-4c08-bd86-3bc404b77c42,141266156,Chenopodiastrum simplex (Torr.) Fuentes & al.
7409013,native range,Eastern Asia,9ff7d317-609b-4c08-bd86-3bc404b77c42,141265478,Prunus domestica L. subsp. instititia (L.) Bonnier & Layens
7409013,native range,Eastern Europe,9ff7d317-609b-4c08-bd86-3bc404b77c42,141265478,Prunus domestica L. subsp. instititia (L.) Bonnier & Layens
7415922,native range,Africa,9ff7d317-609b-4c08-bd86-3bc404b77c42,141266413,Rumex pulcher L. subsp. woodsii (De Not.) Arcang.
7415922,native range,Eastern Asia,9ff7d317-609b-4c08-bd86-3bc404b77c42,141266413,Rumex pulcher L. subsp. woodsii (De Not.) Arcang.
7415922,native range,Eastern Europe,9ff7d317-609b-4c08-bd86-3bc404b77c42,141266413,Rumex pulcher L. subsp. woodsii (De Not.) Arcang.
7415922,native range,Europe,9ff7d317-609b-4c08-bd86-3bc404b77c42,141266413,Rumex pulcher L. subsp. woodsii (De Not.) Arcang.
7421129,native range,Africa,9ff7d317-609b-4c08-bd86-3bc404b77c42,141267153,Cyperus longus L. subsp. badius (Desf.) Bonnier & Layens
7421129,native range,Asia,9ff7d317-609b-4c08-bd86-3bc404b77c42,141267153,Cyperus longus L. subsp. badius (Desf.) Bonnier & Layens
7421129,native range,Europe,9ff7d317-609b-4c08-bd86-3bc404b77c42,141267153,Cyperus longus L. subsp. badius (Desf.) Bonnier & Layens
7426824,native range,Europe,9ff7d317-609b-4c08-bd86-3bc404b77c42,141266654,Vicia loiseaui (d'Alleizette) Fridlender
7427650,native range,Africa,9ff7d317-609b-4c08-bd86-3bc404b77c42,141264948,Convolvulus tricolor L. subsp. cupanianus (Tod.) Cavara & Grande
7427650,native range,Eastern Asia,9ff7d317-609b-4c08-bd86-3bc404b77c42,141264948,Convolvulus tricolor L. subsp. cupanianus (Tod.) Cavara & Grande
7427650,native range,Eastern Europe,9ff7d317-609b-4c08-bd86-3bc404b77c42,141264948,Convolvulus tricolor L. subsp. cupanianus (Tod.) Cavara & Grande
7427650,native range,Europe,9ff7d317-609b-4c08-bd86-3bc404b77c42,141264948,Convolvulus tricolor L. subsp. cupanianus (Tod.) Cavara & Grande
7433196,native range,Eastern Asia,9ff7d317-609b-4c08-bd86-3bc404b77c42,141264864,Euonymus latifolius (L.) Mill.
7433196,native range,Eastern Europe,9ff7d317-609b-4c08-bd86-3bc404b77c42,141264864,Euonymus latifolius (L.) Mill.
7433196,native range,Europe,9ff7d317-609b-4c08-bd86-3bc404b77c42,141264864,Euonymus latifolius (L.) Mill.
7437438,native range,Eastern Asia,9ff7d317-609b-4c08-bd86-3bc404b77c42,141266257,Clinopodium grandiflorum (L.) O. Kuntze
7437438,native range,Eastern Europe,9ff7d317-609b-4c08-bd86-3bc404b77c42,141266257,Clinopodium grandiflorum (L.) O. Kuntze
7437438,native range,Europe,9ff7d317-609b-4c08-bd86-3bc404b77c42,141266257,Clinopodium grandiflorum (L.) O. Kuntze
7437751,native range,Africa,9ff7d317-609b-4c08-bd86-3bc404b77c42,141264885,Urtica membranacea Poiret ex Savigny
7437751,native range,Eastern Asia,9ff7d317-609b-4c08-bd86-3bc404b77c42,141264885,Urtica membranacea Poiret ex Savigny
7437751,native range,Eastern Europe,9ff7d317-609b-4c08-bd86-3bc404b77c42,141264885,Urtica membranacea Poiret ex Savigny
7437751,native range,Europe,9ff7d317-609b-4c08-bd86-3bc404b77c42,141264885,Urtica membranacea Poiret ex Savigny
7443846,native range,Eastern Asia,9ff7d317-609b-4c08-bd86-3bc404b77c42,141267067,Dipsacus strigosus Willd. ex Roem. & Schult.
7443846,native range,Eastern Europe,9ff7d317-609b-4c08-bd86-3bc404b77c42,141267067,Dipsacus strigosus Willd. ex Roem. & Schult.
7443846,native range,Europe,9ff7d317-609b-4c08-bd86-3bc404b77c42,141267067,Dipsacus strigosus Willd. ex Roem. & Schult.
7455425,native range,Americas,9ff7d317-609b-4c08-bd86-3bc404b77c42,308609192,Phyla nodiflora (L.) Greene var. minor (Hook.) N. O'Leary & Múlgura
7466434,native range,Eastern Asia,9ff7d317-609b-4c08-bd86-3bc404b77c42,141266063,Pastinaca sativa L. subsp. urens (Req. ex Godr.) Čelak.
7466434,native range,Eastern Europe,9ff7d317-609b-4c08-bd86-3bc404b77c42,141266063,Pastinaca sativa L. subsp. urens (Req. ex Godr.) Čelak.
7466434,native range,Europe,9ff7d317-609b-4c08-bd86-3bc404b77c42,141266063,Pastinaca sativa L. subsp. urens (Req. ex Godr.) Čelak.
7475424,native range,Europe,9ff7d317-609b-4c08-bd86-3bc404b77c42,168400572,Scabiosa lucida Vill.
7477038,native range,Europe,9ff7d317-609b-4c08-bd86-3bc404b77c42,141266832,Scrophularia scorodonia L.
7484581,native range,Northern America,9ff7d317-609b-4c08-bd86-3bc404b77c42,141266768,Desmanthus illinoensis (Michaux) Mc. Millan ex Robinson & Fernald
7497356,native range,Americas,9ff7d317-609b-4c08-bd86-3bc404b77c42,141265355,Tagetes tenuifolia Cav.
7501634,native range,Eastern Asia,9ff7d317-609b-4c08-bd86-3bc404b77c42,141265440,Rosa multiflora Thunb. ex Murray
7501634,native range,Eastern Europe,9ff7d317-609b-4c08-bd86-3bc404b77c42,141265440,Rosa multiflora Thunb. ex Murray
7504215,native range,Africa,9ff7d317-609b-4c08-bd86-3bc404b77c42,141267072,Knautia integrifolia (L.) Bertol.
7504215,native range,Eastern Asia,9ff7d317-609b-4c08-bd86-3bc404b77c42,141267072,Knautia integrifolia (L.) Bertol.
7504215,native range,Eastern Europe,9ff7d317-609b-4c08-bd86-3bc404b77c42,141267072,Knautia integrifolia (L.) Bertol.
7504215,native range,Europe,9ff7d317-609b-4c08-bd86-3bc404b77c42,141267072,Knautia integrifolia (L.) Bertol.
7505045,native range,South America,9ff7d317-609b-4c08-bd86-3bc404b77c42,141265219,Soliva anthemifolia (Juss.) R. Brown
7505521,native range,Eastern Europe,e082b10e-476f-43c1-aa61-f8d92f33029a,157062937,"Zebrina detrita (O.F. Müller, 1774)"
7505521,native range,Southern Europe,e082b10e-476f-43c1-aa61-f8d92f33029a,157062937,"Zebrina detrita (O.F. Müller, 1774)"
7505521,native range,Western Asia,e082b10e-476f-43c1-aa61-f8d92f33029a,157062937,"Zebrina detrita (O.F. Müller, 1774)"
7505521,native range,Western Europe,e082b10e-476f-43c1-aa61-f8d92f33029a,157062937,"Zebrina detrita (O.F. Müller, 1774)"
7510471,native range,Eastern Asia,9ff7d317-609b-4c08-bd86-3bc404b77c42,141266399,Polygonum argyrocoleon Steud. ex Kunze
7510471,native range,Eastern Europe,9ff7d317-609b-4c08-bd86-3bc404b77c42,141266399,Polygonum argyrocoleon Steud. ex Kunze
7517279,native range,Australia and New Zealand,9ff7d317-609b-4c08-bd86-3bc404b77c42,141265715,Austrodanthonia tenuior (Steud.) H.P. Linder
7519710,native range,Africa,9ff7d317-609b-4c08-bd86-3bc404b77c42,141266608,Orobanche amethystea Thuill.
7519710,native range,Eastern Asia,9ff7d317-609b-4c08-bd86-3bc404b77c42,141266608,Orobanche amethystea Thuill.
7519710,native range,Eastern Europe,9ff7d317-609b-4c08-bd86-3bc404b77c42,141266608,Orobanche amethystea Thuill.
7519710,native range,Europe,9ff7d317-609b-4c08-bd86-3bc404b77c42,141266608,Orobanche amethystea Thuill.
7520678,native range,Western Africa,e082b10e-476f-43c1-aa61-f8d92f33029a,157062968,"Striosubulina striatella (Rang, 1831)"
7523432,native range,Africa,9ff7d317-609b-4c08-bd86-3bc404b77c42,141267211,Silene behen L.
7523432,native range,Eastern Asia,9ff7d317-609b-4c08-bd86-3bc404b77c42,141267211,Silene behen L.
7523432,native range,Eastern Europe,9ff7d317-609b-4c08-bd86-3bc404b77c42,141267211,Silene behen L.
7523432,native range,Europe,9ff7d317-609b-4c08-bd86-3bc404b77c42,141267211,Silene behen L.
7536406,native range,Northern America,9ff7d317-609b-4c08-bd86-3bc404b77c42,141266352,Nemophila menziesii Hook. & Arnott var. integrifolia Parish
7540164,native range,Europe,1738f272-6b5d-4f43-9a92-453a8c5ea50a,146042480,"Arion vulgaris (Moquin-Tandon, 1855)"
7549853,native range,Americas,9ff7d317-609b-4c08-bd86-3bc404b77c42,141265780,Disakisperma dubia (Kunth) P.M. Peterson & N. Snow
7560711,native range,Americas,9ff7d317-609b-4c08-bd86-3bc404b77c42,141266325,Oxalis tetraphylla Cav.
7563173,native range,Eastern Europe,289244ee-e1c1-49aa-b2d7-d379391ce265,140562987,Orchestia cavimana
7564934,native range,Europe,9ff7d317-609b-4c08-bd86-3bc404b77c42,141266609,Odontites jaubertianus (Boreau) D. Dietrich ex Walp.
7569785,native range,Europe,9ff7d317-609b-4c08-bd86-3bc404b77c42,141265300,Hieracium pilosum Schleich. ex Froel.
7572133,native range,Asia,1f3505cd-5d98-4e23-bd3b-ffe59d05d7c2,164301250,"Anoplophora glabripennis (Motschulsky, 1854)"
7576179,native range,Northern America,a12e2bf8-13ce-4d0b-b2d4-b1cd20450a63,213159075,"Pantherophis spiloides (Duméril, Bibron and Duméril, 1854)"
7582319,native range,Africa,a12e2bf8-13ce-4d0b-b2d4-b1cd20450a63,180661156,"Trioceros hoehnelii (Steindachner, 1891)"
7587923,native range,Asia,9ff7d317-609b-4c08-bd86-3bc404b77c42,141265203,Euchiton sphaericus (Willd.) Holub
7587923,native range,Australia and New Zealand,9ff7d317-609b-4c08-bd86-3bc404b77c42,141265203,Euchiton sphaericus (Willd.) Holub
7594735,native range,Europe,9ff7d317-609b-4c08-bd86-3bc404b77c42,141267156,Carex praecox Schreb. subsp. intermedia (Čelak.) W. Schultze-Motel
7600608,native range,Africa,9ff7d317-609b-4c08-bd86-3bc404b77c42,141266649,Trifolium sylvaticum Loisel.
7600608,native range,Eastern Asia,9ff7d317-609b-4c08-bd86-3bc404b77c42,141266649,Trifolium sylvaticum Loisel.
7600608,native range,Eastern Europe,9ff7d317-609b-4c08-bd86-3bc404b77c42,141266649,Trifolium sylvaticum Loisel.
7600608,native range,Europe,9ff7d317-609b-4c08-bd86-3bc404b77c42,141266649,Trifolium sylvaticum Loisel.
7602322,native range,Australia and New Zealand,9ff7d317-609b-4c08-bd86-3bc404b77c42,141264888,Urtica incisa Poiret
7606014,native range,Australia and New Zealand,9ff7d317-609b-4c08-bd86-3bc404b77c42,141266178,Alternanthera angustifolia R. Brown
7619206,native range,Africa,9ff7d317-609b-4c08-bd86-3bc404b77c42,141266444,Erodium trifolium (Cav.) Cav.
7624620,native range,Eastern Asia,9ff7d317-609b-4c08-bd86-3bc404b77c42,141266401,Rumex crispus L. subsp. robustus (Rech.) Pestova
7624620,native range,Eastern Europe,9ff7d317-609b-4c08-bd86-3bc404b77c42,141266401,Rumex crispus L. subsp. robustus (Rech.) Pestova
7624620,native range,Europe,9ff7d317-609b-4c08-bd86-3bc404b77c42,141266401,Rumex crispus L. subsp. robustus (Rech.) Pestova
7627205,native range,Africa,9ff7d317-609b-4c08-bd86-3bc404b77c42,168400496,Glebionis coronaria (L.) Cass. ex Spach
7627205,native range,Eastern Asia,9ff7d317-609b-4c08-bd86-3bc404b77c42,168400496,Glebionis coronaria (L.) Cass. ex Spach
7627205,native range,Eastern Europe,9ff7d317-609b-4c08-bd86-3bc404b77c42,168400496,Glebionis coronaria (L.) Cass. ex Spach
7627205,native range,Europe,9ff7d317-609b-4c08-bd86-3bc404b77c42,168400496,Glebionis coronaria (L.) Cass. ex Spach
7628663,native range,Europe,9ff7d317-609b-4c08-bd86-3bc404b77c42,141264699,Viola cornuta L.
7636833,native range,Europe,9ff7d317-609b-4c08-bd86-3bc404b77c42,141266895,Syringa josikaea Jacq. ex Reichenb.
7644304,native range,South America,9ff7d317-609b-4c08-bd86-3bc404b77c42,141266147,Chenopodium borbasioides A. Ludwig
7645889,native range,Africa,9ff7d317-609b-4c08-bd86-3bc404b77c42,141266728,Sesbania cannabina (Retz.) Pers.
7645889,native range,Asia,9ff7d317-609b-4c08-bd86-3bc404b77c42,141266728,Sesbania cannabina (Retz.) Pers.
7645889,native range,Australia and New Zealand,9ff7d317-609b-4c08-bd86-3bc404b77c42,141266728,Sesbania cannabina (Retz.) Pers.
7645931,native range,Eastern Asia,9ff7d317-609b-4c08-bd86-3bc404b77c42,141266631,Salix acutifolia Willd.
7645931,native range,Eastern Europe,9ff7d317-609b-4c08-bd86-3bc404b77c42,141266631,Salix acutifolia Willd.
7645931,native range,Europe,9ff7d317-609b-4c08-bd86-3bc404b77c42,141266631,Salix acutifolia Willd.
7655198,native range,Australia and New Zealand,9ff7d317-609b-4c08-bd86-3bc404b77c42,141266207,Alternanthera denticulata R. Brown
7670473,native range,Asia,1f3505cd-5d98-4e23-bd3b-ffe59d05d7c2,164300684,"Batrachochytrium salamandrivorans A. Martel, Blooi, Bossuyt & Pasmans, 2013"
7671397,native range,Eastern Asia,9ff7d317-609b-4c08-bd86-3bc404b77c42,141266592,Phuopsis stylosa (Trin.) Benth. & Hook. f. ex B.D. Jackson
7671397,native range,Eastern Europe,9ff7d317-609b-4c08-bd86-3bc404b77c42,141266592,Phuopsis stylosa (Trin.) Benth. & Hook. f. ex B.D. Jackson
7678610,native range,Europe,9ff7d317-609b-4c08-bd86-3bc404b77c42,141265932,Raphanus sativus L.
7681436,native range,Europe,9ff7d317-609b-4c08-bd86-3bc404b77c42,141266656,Cytisus multiflorus (L'Hérit.) Sweet
7683374,native range,Europe,9ff7d317-609b-4c08-bd86-3bc404b77c42,141265521,Linaria hirta (L.) Moench
7685459,native range,Australia and New Zealand,9ff7d317-609b-4c08-bd86-3bc404b77c42,141266111,Atriplex pseudocampanulata Aell.
7690055,native range,Asia,e1c3be64-2799-4342-8312-49d076993132,159498657,"Carpodacus sibiricus (Pallas, 1773)"
7695021,native range,Europe,9ff7d317-609b-4c08-bd86-3bc404b77c42,141264915,Epimedium alpinum L.
7706146,native range,Europe,9ff7d317-609b-4c08-bd86-3bc404b77c42,141265182,Crepis nicaeensis Balb.
7707087,native range,Australia and New Zealand,9ff7d317-609b-4c08-bd86-3bc404b77c42,141266142,Dysphania glomulifera (Nees) P.G. Wilson
7711892,native range,Eastern Asia,9ff7d317-609b-4c08-bd86-3bc404b77c42,141266044,Boreava orientalis Jaub. & Spach
7711892,native range,Eastern Europe,9ff7d317-609b-4c08-bd86-3bc404b77c42,141266044,Boreava orientalis Jaub. & Spach
7727786,native range,Africa,9ff7d317-609b-4c08-bd86-3bc404b77c42,141265512,Plantago loeflingii L.
7727786,native range,Eastern Asia,9ff7d317-609b-4c08-bd86-3bc404b77c42,141265512,Plantago loeflingii L.
7727786,native range,Eastern Europe,9ff7d317-609b-4c08-bd86-3bc404b77c42,141265512,Plantago loeflingii L.
7727786,native range,Europe,9ff7d317-609b-4c08-bd86-3bc404b77c42,141265512,Plantago loeflingii L.
7730307,native range,South America,9ff7d317-609b-4c08-bd86-3bc404b77c42,141267253,Erythranthe lutea (L.) G.L.Nesom (incl. hybrids)
7733140,native range,Africa,9ff7d317-609b-4c08-bd86-3bc404b77c42,141266611,Parentucellia viscosa (L.) Caruel
7733140,native range,Eastern Asia,9ff7d317-609b-4c08-bd86-3bc404b77c42,141266611,Parentucellia viscosa (L.) Caruel
7733140,native range,Eastern Europe,9ff7d317-609b-4c08-bd86-3bc404b77c42,141266611,Parentucellia viscosa (L.) Caruel
7733140,native range,Europe,9ff7d317-609b-4c08-bd86-3bc404b77c42,141266611,Parentucellia viscosa (L.) Caruel
7738621,native range,Australia and New Zealand,9ff7d317-609b-4c08-bd86-3bc404b77c42,141265766,Dinebra divaricatissima (S.T. Blake) P.M. Peterson & N. Snow
7738766,native range,Eastern Asia,9ff7d317-609b-4c08-bd86-3bc404b77c42,141265832,Miscanthus sacchariflorus (Maxim.) Benth.
7738766,native range,Eastern Europe,9ff7d317-609b-4c08-bd86-3bc404b77c42,141265832,Miscanthus sacchariflorus (Maxim.) Benth.
7740617,native range,Eastern Asia,9ff7d317-609b-4c08-bd86-3bc404b77c42,141264608,Skimmia japonica Thunb.
7740617,native range,Eastern Europe,9ff7d317-609b-4c08-bd86-3bc404b77c42,141264608,Skimmia japonica Thunb.
7740944,native range,Eastern Asia,9ff7d317-609b-4c08-bd86-3bc404b77c42,141265959,Matthiola longipetala (Vent.) DC. subsp. bicornis (Sibth. & Smith) P.W. Ball
7740944,native range,Eastern Europe,9ff7d317-609b-4c08-bd86-3bc404b77c42,141265959,Matthiola longipetala (Vent.) DC. subsp. bicornis (Sibth. & Smith) P.W. Ball
7740944,native range,Europe,9ff7d317-609b-4c08-bd86-3bc404b77c42,141265959,Matthiola longipetala (Vent.) DC. subsp. bicornis (Sibth. & Smith) P.W. Ball
7746901,native range,Eastern Asia,9ff7d317-609b-4c08-bd86-3bc404b77c42,141267180,Silene otites (L.) Wibel
7746901,native range,Eastern Europe,9ff7d317-609b-4c08-bd86-3bc404b77c42,141267180,Silene otites (L.) Wibel
7746901,native range,Europe,9ff7d317-609b-4c08-bd86-3bc404b77c42,141267180,Silene otites (L.) Wibel
7749287,native range,Eastern Asia,9ff7d317-609b-4c08-bd86-3bc404b77c42,141265157,Petasites albus (L.) Gaertn.
7749287,native range,Eastern Europe,9ff7d317-609b-4c08-bd86-3bc404b77c42,141265157,Petasites albus (L.) Gaertn.
7749287,native range,Europe,9ff7d317-609b-4c08-bd86-3bc404b77c42,141265157,Petasites albus (L.) Gaertn.
7757431,native range,Africa,9ff7d317-609b-4c08-bd86-3bc404b77c42,141266234,Clinopodium nepeta Kuntze subsp. glandulosum (Req.) Govaerts
7757431,native range,Eastern Asia,9ff7d317-609b-4c08-bd86-3bc404b77c42,141266234,Clinopodium nepeta Kuntze subsp. glandulosum (Req.) Govaerts
7757431,native range,Eastern Europe,9ff7d317-609b-4c08-bd86-3bc404b77c42,141266234,Clinopodium nepeta Kuntze subsp. glandulosum (Req.) Govaerts
7757431,native range,Europe,9ff7d317-609b-4c08-bd86-3bc404b77c42,141266234,Clinopodium nepeta Kuntze subsp. glandulosum (Req.) Govaerts
7768495,native range,Eastern Asia,9ff7d317-609b-4c08-bd86-3bc404b77c42,141265037,Sedum stoloniferum S.G. Gmel.
7768495,native range,Eastern Europe,9ff7d317-609b-4c08-bd86-3bc404b77c42,141265037,Sedum stoloniferum S.G. Gmel.
7769230,native range,Africa,9ff7d317-609b-4c08-bd86-3bc404b77c42,141266757,Lens nigricans (Bieb.) Godr.
7769230,native range,Eastern Asia,9ff7d317-609b-4c08-bd86-3bc404b77c42,141266757,Lens nigricans (Bieb.) Godr.
7769230,native range,Eastern Europe,9ff7d317-609b-4c08-bd86-3bc404b77c42,141266757,Lens nigricans (Bieb.) Godr.
7769230,native range,Europe,9ff7d317-609b-4c08-bd86-3bc404b77c42,141266757,Lens nigricans (Bieb.) Godr.
7784175,native range,Europe,9ff7d317-609b-4c08-bd86-3bc404b77c42,141265501,Veronica glauca Smith
7790614,native range,Northern America,9ff7d317-609b-4c08-bd86-3bc404b77c42,141265363,Crataegus pedicellata Sarg.
7791733,native range,Northern America,289244ee-e1c1-49aa-b2d7-d379391ce265,140562932,Mya arenaria
7795128,native range,Northern America,9ff7d317-609b-4c08-bd86-3bc404b77c42,141267160,Carex crus-corvi Shuttlw.
7795888,native range,Europe,9ff7d317-609b-4c08-bd86-3bc404b77c42,141265848,Triticum aestivum L.
7806790,native range,Africa,9ff7d317-609b-4c08-bd86-3bc404b77c42,141266374,Arnebia decumbens (Vent.) Coss. & Kralik
7806790,native range,Eastern Asia,9ff7d317-609b-4c08-bd86-3bc404b77c42,141266374,Arnebia decumbens (Vent.) Coss. & Kralik
7806790,native range,Eastern Europe,9ff7d317-609b-4c08-bd86-3bc404b77c42,141266374,Arnebia decumbens (Vent.) Coss. & Kralik
7806790,native range,Europe,9ff7d317-609b-4c08-bd86-3bc404b77c42,141266374,Arnebia decumbens (Vent.) Coss. & Kralik
7810452,native range,Africa,9ff7d317-609b-4c08-bd86-3bc404b77c42,141265560,Dasypyrum villosum (L.) P. Candargy
7810452,native range,Eastern Asia,9ff7d317-609b-4c08-bd86-3bc404b77c42,141265560,Dasypyrum villosum (L.) P. Candargy
7810452,native range,Eastern Europe,9ff7d317-609b-4c08-bd86-3bc404b77c42,141265560,Dasypyrum villosum (L.) P. Candargy
7810452,native range,Europe,9ff7d317-609b-4c08-bd86-3bc404b77c42,141265560,Dasypyrum villosum (L.) P. Candargy
7810918,native range,Eastern Asia,9ff7d317-609b-4c08-bd86-3bc404b77c42,141266849,Scrophularia vernalis L.
7810918,native range,Eastern Europe,9ff7d317-609b-4c08-bd86-3bc404b77c42,141266849,Scrophularia vernalis L.
7810918,native range,Europe,9ff7d317-609b-4c08-bd86-3bc404b77c42,141266849,Scrophularia vernalis L.
7814921,native range,Northern America,9ff7d317-609b-4c08-bd86-3bc404b77c42,141266527,Clarkia bottae (Spach) F.H. & M.E. Lewis
7818643,native range,Eastern Asia,9ff7d317-609b-4c08-bd86-3bc404b77c42,141265430,Prunus armeniaca L.
7818643,native range,Eastern Europe,9ff7d317-609b-4c08-bd86-3bc404b77c42,141265430,Prunus armeniaca L.
7820753,native range,Asia,22211949-9a6e-445f-86c0-6a0e019bc055,181971912,"Magallana gigas (Thunberg, 1793)"
7823272,native range,Northern America,9ff7d317-609b-4c08-bd86-3bc404b77c42,141266886,Ranunculus pensylvanicus L.f.
7823743,native range,Africa,9ff7d317-609b-4c08-bd86-3bc404b77c42,141266470,Malva maroccana (Batt. & Trabut) Verloove & Lambinon
7823743,native range,Europe,9ff7d317-609b-4c08-bd86-3bc404b77c42,141266470,Malva maroccana (Batt. & Trabut) Verloove & Lambinon
7826351,native range,Europe,9ff7d317-609b-4c08-bd86-3bc404b77c42,141266885,Ranunculus lanuginosus L.
7832723,native range,Northern America,9ff7d317-609b-4c08-bd86-3bc404b77c42,141265113,Symphyotrichum lateriflorum (L.) Á. & D. Löve
7844167,native range,Africa,9ff7d317-609b-4c08-bd86-3bc404b77c42,141266765,Colutea arborescens L.
7844167,native range,Eastern Asia,9ff7d317-609b-4c08-bd86-3bc404b77c42,141266765,Colutea arborescens L.
7844167,native range,Eastern Europe,9ff7d317-609b-4c08-bd86-3bc404b77c42,141266765,Colutea arborescens L.
7844167,native range,Europe,9ff7d317-609b-4c08-bd86-3bc404b77c42,141266765,Colutea arborescens L.
7846821,native range,South America,9ff7d317-609b-4c08-bd86-3bc404b77c42,141266165,Oxybasis macrosperma (Hook. f.) Fuentes & al.
7848132,native range,Eastern Asia,9ff7d317-609b-4c08-bd86-3bc404b77c42,141265408,Malus sieboldii (Regel) Rehd.
7848132,native range,Eastern Europe,9ff7d317-609b-4c08-bd86-3bc404b77c42,141265408,Malus sieboldii (Regel) Rehd.
7848321,native range,Europe,9ff7d317-609b-4c08-bd86-3bc404b77c42,141265500,Linaria triornithophora (L.) Willd.
7853188,native range,Europe,9ff7d317-609b-4c08-bd86-3bc404b77c42,141264759,Reseda lutea L. subsp. vivantii (Monts.) Rovira
7855120,native range,Africa,9ff7d317-609b-4c08-bd86-3bc404b77c42,141266615,Odontites luteus (L.) Clairv.
7855120,native range,Eastern Asia,9ff7d317-609b-4c08-bd86-3bc404b77c42,141266615,Odontites luteus (L.) Clairv.
7855120,native range,Eastern Europe,9ff7d317-609b-4c08-bd86-3bc404b77c42,141266615,Odontites luteus (L.) Clairv.
7855120,native range,Europe,9ff7d317-609b-4c08-bd86-3bc404b77c42,141266615,Odontites luteus (L.) Clairv.
7863397,native range,Europe,9ff7d317-609b-4c08-bd86-3bc404b77c42,141265039,Sedum anopetalum DC.
7877091,native range,Africa,9ff7d317-609b-4c08-bd86-3bc404b77c42,141266137,Dysphania pseudomultiflora (J. Murr) Verloove & Lambinon
7878507,native range,South America,9ff7d317-609b-4c08-bd86-3bc404b77c42,141267254,Erythranthe cuprea (Dombrain) G.L. Nesom (incl. hybrids)
7883427,native range,Europe,9ff7d317-609b-4c08-bd86-3bc404b77c42,141265587,Triticum monococcum L.
7885624,native range,Africa,9ff7d317-609b-4c08-bd86-3bc404b77c42,141266602,Cucumis myriocarpus Naudin
7894250,native range,Eastern Asia,9ff7d317-609b-4c08-bd86-3bc404b77c42,141266947,Datura ferox L.
7894250,native range,Eastern Europe,9ff7d317-609b-4c08-bd86-3bc404b77c42,141266947,Datura ferox L.
7901010,native range,Europe,9ff7d317-609b-4c08-bd86-3bc404b77c42,141266418,Rumex obtusifolius L. subsp. sylvestris (Wallr.) Čelak.
7902463,native range,Eastern Asia,9ff7d317-609b-4c08-bd86-3bc404b77c42,141267076,Lonicera maackii (Rupr.) Maxim.
7902463,native range,Eastern Europe,9ff7d317-609b-4c08-bd86-3bc404b77c42,141267076,Lonicera maackii (Rupr.) Maxim.
7903057,native range,Europe,9ff7d317-609b-4c08-bd86-3bc404b77c42,141266036,Brassica rapa L.
7903764,native range,Eastern Asia,9ff7d317-609b-4c08-bd86-3bc404b77c42,141265299,Senecio sarracenicus L.
7903764,native range,Eastern Europe,9ff7d317-609b-4c08-bd86-3bc404b77c42,141265299,Senecio sarracenicus L.
7903764,native range,Europe,9ff7d317-609b-4c08-bd86-3bc404b77c42,141265299,Senecio sarracenicus L.
7905507,native range,Northern America,9ff7d317-609b-4c08-bd86-3bc404b77c42,141266184,Amaranthus albus L.
7911993,native range,Eastern Asia,9ff7d317-609b-4c08-bd86-3bc404b77c42,141266402,Rumex pseudonatronatus (Borbás) Murb.
7911993,native range,Eastern Europe,9ff7d317-609b-4c08-bd86-3bc404b77c42,141266402,Rumex pseudonatronatus (Borbás) Murb.
7911993,native range,Europe,9ff7d317-609b-4c08-bd86-3bc404b77c42,141266402,Rumex pseudonatronatus (Borbás) Murb.
7925720,native range,Africa,9ff7d317-609b-4c08-bd86-3bc404b77c42,141265487,Sanguisorba minor Scop. subsp. balearica (Bourgeau ex Nyman) Muñoz Garmendia & C. Navarro
7925720,native range,Eastern Asia,9ff7d317-609b-4c08-bd86-3bc404b77c42,141265487,Sanguisorba minor Scop. subsp. balearica (Bourgeau ex Nyman) Muñoz Garmendia & C. Navarro
7925720,native range,Eastern Europe,9ff7d317-609b-4c08-bd86-3bc404b77c42,141265487,Sanguisorba minor Scop. subsp. balearica (Bourgeau ex Nyman) Muñoz Garmendia & C. Navarro
7925720,native range,Europe,9ff7d317-609b-4c08-bd86-3bc404b77c42,141265487,Sanguisorba minor Scop. subsp. balearica (Bourgeau ex Nyman) Muñoz Garmendia & C. Navarro
7926816,native range,Africa,9ff7d317-609b-4c08-bd86-3bc404b77c42,141266446,Monsonia angustifolia E. Mey. ex A. Rich.
7933495,native range,Australia and New Zealand,9ff7d317-609b-4c08-bd86-3bc404b77c42,141266192,Sclerolaena muricata (Moq.) Domin
7938233,native range,Africa,9ff7d317-609b-4c08-bd86-3bc404b77c42,141267176,Stellaria media (L.) Cirillo subsp. cupaniana (Jord. & Fourr.) Nyman
7938233,native range,Eastern Asia,9ff7d317-609b-4c08-bd86-3bc404b77c42,141267176,Stellaria media (L.) Cirillo subsp. cupaniana (Jord. & Fourr.) Nyman
7938233,native range,Eastern Europe,9ff7d317-609b-4c08-bd86-3bc404b77c42,141267176,Stellaria media (L.) Cirillo subsp. cupaniana (Jord. & Fourr.) Nyman
7938233,native range,Europe,9ff7d317-609b-4c08-bd86-3bc404b77c42,141267176,Stellaria media (L.) Cirillo subsp. cupaniana (Jord. & Fourr.) Nyman
7948459,native range,Africa,9ff7d317-609b-4c08-bd86-3bc404b77c42,141265881,Aira elegantissima Schur
7948459,native range,Eastern Asia,9ff7d317-609b-4c08-bd86-3bc404b77c42,141265881,Aira elegantissima Schur
7948459,native range,Eastern Europe,9ff7d317-609b-4c08-bd86-3bc404b77c42,141265881,Aira elegantissima Schur
7948459,native range,Europe,9ff7d317-609b-4c08-bd86-3bc404b77c42,141265881,Aira elegantissima Schur
7958783,native range,Europe,9ff7d317-609b-4c08-bd86-3bc404b77c42,141266342,Pulmonaria mollis Wulfen ex Hornem.
7961815,native range,Eastern Asia,9ff7d317-609b-4c08-bd86-3bc404b77c42,141267134,Schoenoplectiella bucharica (Roshev.) Hayasaka
7961815,native range,Eastern Europe,9ff7d317-609b-4c08-bd86-3bc404b77c42,141267134,Schoenoplectiella bucharica (Roshev.) Hayasaka
7963687,native range,Africa,9ff7d317-609b-4c08-bd86-3bc404b77c42,141265513,Linaria chalepensis (L.) Mill.
7963687,native range,Eastern Asia,9ff7d317-609b-4c08-bd86-3bc404b77c42,141265513,Linaria chalepensis (L.) Mill.
7963687,native range,Eastern Europe,9ff7d317-609b-4c08-bd86-3bc404b77c42,141265513,Linaria chalepensis (L.) Mill.
7963687,native range,Europe,9ff7d317-609b-4c08-bd86-3bc404b77c42,141265513,Linaria chalepensis (L.) Mill.
7978544,native range,Northern America,9ff7d317-609b-4c08-bd86-3bc404b77c42,141264827,Hydrocotyle ranunculoides L. f.
7978544,native range,South America,1738f272-6b5d-4f43-9a92-453a8c5ea50a,146042203,Hydrocotyle ranunculoides L.f.
7987143,native range,Asia,1f3505cd-5d98-4e23-bd3b-ffe59d05d7c2,164301249,"Anoplophora chinensis (Forster, 1771)"
7989836,native range,Eastern Asia,9ff7d317-609b-4c08-bd86-3bc404b77c42,141266340,Symphytum caucasicum M. Bieb.
7989836,native range,Eastern Europe,9ff7d317-609b-4c08-bd86-3bc404b77c42,141266340,Symphytum caucasicum M. Bieb.
7998563,native range,Australia and New Zealand,9ff7d317-609b-4c08-bd86-3bc404b77c42,141265899,Diplachne parviflora (R. Brown) Benth.
8002952,native range,Northern America,9ff7d317-609b-4c08-bd86-3bc404b77c42,141265245,Ambrosia artemisiifolia L.
8006893,native range,Eastern Asia,9ff7d317-609b-4c08-bd86-3bc404b77c42,141265534,Kickxia elatine (L.) Dum. subsp. crinita (Mabille) Greuter
8006893,native range,Eastern Europe,9ff7d317-609b-4c08-bd86-3bc404b77c42,141265534,Kickxia elatine (L.) Dum. subsp. crinita (Mabille) Greuter
8006893,native range,Europe,9ff7d317-609b-4c08-bd86-3bc404b77c42,141265534,Kickxia elatine (L.) Dum. subsp. crinita (Mabille) Greuter
8011733,native range,Eastern Asia,9ff7d317-609b-4c08-bd86-3bc404b77c42,141267089,Weigela floribunda (Siebold & Zucc.) K. Koch
8011733,native range,Eastern Europe,9ff7d317-609b-4c08-bd86-3bc404b77c42,141267089,Weigela floribunda (Siebold & Zucc.) K. Koch
8012084,native range,Europe,9ff7d317-609b-4c08-bd86-3bc404b77c42,141267183,Dianthus subacaulis Vill.
8012439,native range,Northern America,9ff7d317-609b-4c08-bd86-3bc404b77c42,141267078,Symphoricarpos albus (L.) S.F. Blake
8014163,native range,Europe,1738f272-6b5d-4f43-9a92-453a8c5ea50a,146042439,"Lehmannia valentiana (Férussac, 1822)"
8014163,native range,Southern Europe,e082b10e-476f-43c1-aa61-f8d92f33029a,157063061,"Ambigolimax valentianus (A. Férussac, 1822)"
8014966,native range,Africa,e1c3be64-2799-4342-8312-49d076993132,159498390,"Falco biarmicus Temminck, 1825"
8014966,native range,Southern Europe,e1c3be64-2799-4342-8312-49d076993132,159498390,"Falco biarmicus Temminck, 1825"
8018277,native range,Europe,9ff7d317-609b-4c08-bd86-3bc404b77c42,141265341,Centaurea pectinata L.
8018483,native range,Northern America,9ff7d317-609b-4c08-bd86-3bc404b77c42,141265732,Eragrostis neomexicana Vasey
8021567,native range,Eastern Asia,9ff7d317-609b-4c08-bd86-3bc404b77c42,141267167,Hypericum olympicum L.
8021567,native range,Eastern Europe,9ff7d317-609b-4c08-bd86-3bc404b77c42,141267167,Hypericum olympicum L.
8021567,native range,Europe,9ff7d317-609b-4c08-bd86-3bc404b77c42,141267167,Hypericum olympicum L.
8022932,native range,Africa,9ff7d317-609b-4c08-bd86-3bc404b77c42,141265531,Plantago lagopus L.
8022932,native range,Eastern Asia,9ff7d317-609b-4c08-bd86-3bc404b77c42,141265531,Plantago lagopus L.
8022932,native range,Eastern Europe,9ff7d317-609b-4c08-bd86-3bc404b77c42,141265531,Plantago lagopus L.
8022932,native range,Europe,9ff7d317-609b-4c08-bd86-3bc404b77c42,141265531,Plantago lagopus L.
8042568,native range,Europe,9ff7d317-609b-4c08-bd86-3bc404b77c42,141265089,Artemisia abrotanum L.
8044946,native range,Eastern Asia,9ff7d317-609b-4c08-bd86-3bc404b77c42,141264924,Epimedium pinnatum Fisch. ex DC.
8044946,native range,Eastern Europe,9ff7d317-609b-4c08-bd86-3bc404b77c42,141264924,Epimedium pinnatum Fisch. ex DC.
8045533,native range,Eastern Asia,9ff7d317-609b-4c08-bd86-3bc404b77c42,148437422,Potentilla supina L. subsp. costata Soják
8045533,native range,Eastern Europe,9ff7d317-609b-4c08-bd86-3bc404b77c42,148437422,Potentilla supina L. subsp. costata Soják
8047362,native range,Australia and New Zealand,9ff7d317-609b-4c08-bd86-3bc404b77c42,141265820,Sporobolus creber De Nardi
8049400,native range,Africa,9ff7d317-609b-4c08-bd86-3bc404b77c42,141266616,Parentucellia latifolia (L.) Caruel
8049400,native range,Eastern Asia,9ff7d317-609b-4c08-bd86-3bc404b77c42,141266616,Parentucellia latifolia (L.) Caruel
8049400,native range,Eastern Europe,9ff7d317-609b-4c08-bd86-3bc404b77c42,141266616,Parentucellia latifolia (L.) Caruel
8049400,native range,Europe,9ff7d317-609b-4c08-bd86-3bc404b77c42,141266616,Parentucellia latifolia (L.) Caruel
8060423,native range,Eastern Asia,9ff7d317-609b-4c08-bd86-3bc404b77c42,141264605,Cercidiphyllum japonicum Siebold
8060423,native range,Eastern Europe,9ff7d317-609b-4c08-bd86-3bc404b77c42,141264605,Cercidiphyllum japonicum Siebold
8076173,native range,Africa,9ff7d317-609b-4c08-bd86-3bc404b77c42,141264903,Lysimachia monelli (L.) U. Manns & Anderb.
8076173,native range,Europe,9ff7d317-609b-4c08-bd86-3bc404b77c42,141264903,Lysimachia monelli (L.) U. Manns & Anderb.
8077391,native range,Southern Asia,9ff7d317-609b-4c08-bd86-3bc404b77c42,141264609,Citrus aurantium L.
8078031,native range,Africa,9ff7d317-609b-4c08-bd86-3bc404b77c42,141265347,Artemisia afra Jacq.
8080300,native range,Europe,9ff7d317-609b-4c08-bd86-3bc404b77c42,141266065,Pimpinella anisum L.
8080743,native range,Eastern Asia,9ff7d317-609b-4c08-bd86-3bc404b77c42,141267019,Scilla siberica Haw.
8080743,native range,Eastern Europe,9ff7d317-609b-4c08-bd86-3bc404b77c42,141267019,Scilla siberica Haw.
8091002,native range,Eastern Asia,9ff7d317-609b-4c08-bd86-3bc404b77c42,141265035,Jovibarba sobolifera (Sims) Opiz
8091002,native range,Eastern Europe,9ff7d317-609b-4c08-bd86-3bc404b77c42,141265035,Jovibarba sobolifera (Sims) Opiz
8091002,native range,Europe,9ff7d317-609b-4c08-bd86-3bc404b77c42,141265035,Jovibarba sobolifera (Sims) Opiz
8091998,native range,Africa,9ff7d317-609b-4c08-bd86-3bc404b77c42,141267210,Vaccaria hispanica (Mill.) Rauschert
8091998,native range,Eastern Asia,9ff7d317-609b-4c08-bd86-3bc404b77c42,141267210,Vaccaria hispanica (Mill.) Rauschert
8091998,native range,Eastern Europe,9ff7d317-609b-4c08-bd86-3bc404b77c42,141267210,Vaccaria hispanica (Mill.) Rauschert
8091998,native range,Europe,9ff7d317-609b-4c08-bd86-3bc404b77c42,141267210,Vaccaria hispanica (Mill.) Rauschert
8096233,native range,Africa,9ff7d317-609b-4c08-bd86-3bc404b77c42,168400582,Spergula bocconei (Scheele) Pedersen
8096233,native range,Eastern Asia,9ff7d317-609b-4c08-bd86-3bc404b77c42,168400582,Spergula bocconei (Scheele) Pedersen
8096233,native range,Eastern Europe,9ff7d317-609b-4c08-bd86-3bc404b77c42,168400582,Spergula bocconei (Scheele) Pedersen
8096233,native range,Europe,9ff7d317-609b-4c08-bd86-3bc404b77c42,168400582,Spergula bocconei (Scheele) Pedersen
8112114,native range,Northern America,9ff7d317-609b-4c08-bd86-3bc404b77c42,141265630,Hystrix patula Moench
8114833,native range,Europe,9ff7d317-609b-4c08-bd86-3bc404b77c42,141265515,Anarrhinum bellidifolium (L.) Willd.
8116963,native range,Europe,9ff7d317-609b-4c08-bd86-3bc404b77c42,163968221,Acanthus hungaricus (Borbás) Baen.
8118326,native range,Africa,9ff7d317-609b-4c08-bd86-3bc404b77c42,141266230,Teucrium resupinatum Desf.
8118326,native range,Europe,9ff7d317-609b-4c08-bd86-3bc404b77c42,141266230,Teucrium resupinatum Desf.
8129694,native range,Europe,9ff7d317-609b-4c08-bd86-3bc404b77c42,141264629,Armeria arenaria (Pers.) Schult.
8133114,native range,Eastern Asia,9ff7d317-609b-4c08-bd86-3bc404b77c42,141265206,Aster amellus L.
8133114,native range,Eastern Europe,9ff7d317-609b-4c08-bd86-3bc404b77c42,141265206,Aster amellus L.
8133114,native range,Europe,9ff7d317-609b-4c08-bd86-3bc404b77c42,141265206,Aster amellus L.
8134874,native range,Northern America,9ff7d317-609b-4c08-bd86-3bc404b77c42,141265874,Glyceria striata (Lam.) Hitchc. subsp. diffomis Portal
8144599,native range,Eastern Asia,9ff7d317-609b-4c08-bd86-3bc404b77c42,141267106,Papaver nudicaule L.
8144599,native range,Eastern Europe,9ff7d317-609b-4c08-bd86-3bc404b77c42,141267106,Papaver nudicaule L.
8149923,native range,Eastern Asia,9ff7d317-609b-4c08-bd86-3bc404b77c42,141265393,Prunus persica (L.) Batsch
8149923,native range,Eastern Europe,9ff7d317-609b-4c08-bd86-3bc404b77c42,141265393,Prunus persica (L.) Batsch
8150863,native range,Eastern Asia,9ff7d317-609b-4c08-bd86-3bc404b77c42,141267205,Silene cretica L.
8150863,native range,Eastern Europe,9ff7d317-609b-4c08-bd86-3bc404b77c42,141267205,Silene cretica L.
8150863,native range,Europe,9ff7d317-609b-4c08-bd86-3bc404b77c42,141267205,Silene cretica L.
8153538,native range,Europe,9ff7d317-609b-4c08-bd86-3bc404b77c42,141266526,Oenothera oehlkersii Kappus
8160803,native range,South America,9ff7d317-609b-4c08-bd86-3bc404b77c42,141266202,Alternanthera tenella Colla
8168344,native range,Europe,9ff7d317-609b-4c08-bd86-3bc404b77c42,141264821,Hedera hibernica (Kirchner) Bean
8170635,native range,Eastern Asia,9ff7d317-609b-4c08-bd86-3bc404b77c42,141265467,Spiraea japonica L. f.
8170635,native range,Eastern Europe,9ff7d317-609b-4c08-bd86-3bc404b77c42,141265467,Spiraea japonica L. f.
8174035,native range,Europe,9ff7d317-609b-4c08-bd86-3bc404b77c42,141265770,Avena nuda L.
8183217,native range,Europe,9ff7d317-609b-4c08-bd86-3bc404b77c42,141266626,Salix dasyclados Wimm.
8184157,native range,Africa,9ff7d317-609b-4c08-bd86-3bc404b77c42,141267220,Silene stricta L.
8184157,native range,Europe,9ff7d317-609b-4c08-bd86-3bc404b77c42,141267220,Silene stricta L.
8185812,native range,Africa,9ff7d317-609b-4c08-bd86-3bc404b77c42,141266313,Mesembryanthemum cordifolium L.f.
8186932,native range,Eastern Asia,9ff7d317-609b-4c08-bd86-3bc404b77c42,141266836,Scrophularia scopolii Pers.
8186932,native range,Eastern Europe,9ff7d317-609b-4c08-bd86-3bc404b77c42,141266836,Scrophularia scopolii Pers.
8186932,native range,Europe,9ff7d317-609b-4c08-bd86-3bc404b77c42,141266836,Scrophularia scopolii Pers.
8190231,native range,Africa,22211949-9a6e-445f-86c0-6a0e019bc055,181971905,"Corbicula fluminea (O.F.Müller, 1774)"
8190231,native range,Asia,289244ee-e1c1-49aa-b2d7-d379391ce265,140562941,Corbicula fluminea
8192063,native range,Australia and New Zealand,9ff7d317-609b-4c08-bd86-3bc404b77c42,141265637,Eragrostis lacunaria F. Muell. ex Benth.
8193111,native range,Eastern Asia,9ff7d317-609b-4c08-bd86-3bc404b77c42,141266734,Melilotus officinalis Lam.
8193111,native range,Eastern Europe,9ff7d317-609b-4c08-bd86-3bc404b77c42,141266734,Melilotus officinalis Lam.
8193111,native range,Europe,9ff7d317-609b-4c08-bd86-3bc404b77c42,141266734,Melilotus officinalis Lam.
8195160,native range,Eastern Asia,9ff7d317-609b-4c08-bd86-3bc404b77c42,141265353,Artemisia pontica L.
8195160,native range,Eastern Europe,9ff7d317-609b-4c08-bd86-3bc404b77c42,141265353,Artemisia pontica L.
8195160,native range,Europe,9ff7d317-609b-4c08-bd86-3bc404b77c42,141265353,Artemisia pontica L.
8199647,native range,Africa,9ff7d317-609b-4c08-bd86-3bc404b77c42,141265212,Cichorium calvum Schultz-Bip.
8201823,native range,Eastern Asia,9ff7d317-609b-4c08-bd86-3bc404b77c42,141267065,Valeriana phu L.
8201823,native range,Eastern Europe,9ff7d317-609b-4c08-bd86-3bc404b77c42,141267065,Valeriana phu L.
8207952,native range,Europe,9ff7d317-609b-4c08-bd86-3bc404b77c42,141266018,Matthiola incana (L.) R. Brown
8219807,native range,Asia,a12e2bf8-13ce-4d0b-b2d4-b1cd20450a63,213159053,"Trimeresurus albolabris (Gray, 1842)"
8223023,native range,Europe,9ff7d317-609b-4c08-bd86-3bc404b77c42,141265015,Saxifraga x geum L.
8227753,native range,Eastern Asia,9ff7d317-609b-4c08-bd86-3bc404b77c42,141266345,Anchusa procera Besser
8227753,native range,Eastern Europe,9ff7d317-609b-4c08-bd86-3bc404b77c42,141266345,Anchusa procera Besser
8227753,native range,Europe,9ff7d317-609b-4c08-bd86-3bc404b77c42,141266345,Anchusa procera Besser
8228334,native range,Asia,a12e2bf8-13ce-4d0b-b2d4-b1cd20450a63,213159001,"Daboia palaestinae (Werner, 1938)"
8241853,native range,Eastern Asia,9ff7d317-609b-4c08-bd86-3bc404b77c42,141264612,Athyrium niponicum (Mett.) Hance
8241853,native range,Eastern Europe,9ff7d317-609b-4c08-bd86-3bc404b77c42,141264612,Athyrium niponicum (Mett.) Hance
8242349,native range,Eastern Asia,9ff7d317-609b-4c08-bd86-3bc404b77c42,141267084,Lonicera chrysantha Turcz. ex Ledeb.
8242349,native range,Eastern Europe,9ff7d317-609b-4c08-bd86-3bc404b77c42,141267084,Lonicera chrysantha Turcz. ex Ledeb.
8243150,native range,Eastern Asia,9ff7d317-609b-4c08-bd86-3bc404b77c42,141266168,Spirobassia hirsuta (L.) Freitag & G. Kadereit
8243150,native range,Eastern Europe,9ff7d317-609b-4c08-bd86-3bc404b77c42,141266168,Spirobassia hirsuta (L.) Freitag & G. Kadereit
8243150,native range,Europe,9ff7d317-609b-4c08-bd86-3bc404b77c42,141266168,Spirobassia hirsuta (L.) Freitag & G. Kadereit
8244019,native range,Europe,9ff7d317-609b-4c08-bd86-3bc404b77c42,141266058,Trachyspermum ammi (L.) Sprague ex Turrill
8246651,native range,Europe,9ff7d317-609b-4c08-bd86-3bc404b77c42,141266860,Adonis flammea Jacq.
8251158,native range,Northern America,9ff7d317-609b-4c08-bd86-3bc404b77c42,168400503,Penstemon digitalis Nutt.
8257546,native range,Americas,9ff7d317-609b-4c08-bd86-3bc404b77c42,141265726,Diplachne fusca (L.) P. Beauv. ex. Roemer. & Schult. subsp. fascicularis (Lam.) P.M. Peterson & N. Snow
8257857,native range,Africa,9ff7d317-609b-4c08-bd86-3bc404b77c42,141266623,Salix elaeagnos Scop. subsp. angustifolia (Cariot) Rech. f.
8257857,native range,Eastern Asia,9ff7d317-609b-4c08-bd86-3bc404b77c42,141266623,Salix elaeagnos Scop. subsp. angustifolia (Cariot) Rech. f.
8257857,native range,Eastern Europe,9ff7d317-609b-4c08-bd86-3bc404b77c42,141266623,Salix elaeagnos Scop. subsp. angustifolia (Cariot) Rech. f.
8257857,native range,Europe,9ff7d317-609b-4c08-bd86-3bc404b77c42,141266623,Salix elaeagnos Scop. subsp. angustifolia (Cariot) Rech. f.
8279669,native range,Europe,9ff7d317-609b-4c08-bd86-3bc404b77c42,141267175,Silene viscosa (L.) Pers.
8287616,native range,Africa,9ff7d317-609b-4c08-bd86-3bc404b77c42,141265535,Linaria simplex (Willd.) DC.
8287616,native range,Eastern Asia,9ff7d317-609b-4c08-bd86-3bc404b77c42,141265535,Linaria simplex (Willd.) DC.
8287616,native range,Eastern Europe,9ff7d317-609b-4c08-bd86-3bc404b77c42,141265535,Linaria simplex (Willd.) DC.
8287616,native range,Europe,9ff7d317-609b-4c08-bd86-3bc404b77c42,141265535,Linaria simplex (Willd.) DC.
8288647,native range,Eastern Asia,9ff7d317-609b-4c08-bd86-3bc404b77c42,141264850,Pterocarya fraxinifolia (Lam.) Spach
8288647,native range,Eastern Europe,9ff7d317-609b-4c08-bd86-3bc404b77c42,141264850,Pterocarya fraxinifolia (Lam.) Spach
8288930,native range,Eastern Asia,9ff7d317-609b-4c08-bd86-3bc404b77c42,141265352,Pilosella piloselloides (Vill.) Soják
8288930,native range,Eastern Europe,9ff7d317-609b-4c08-bd86-3bc404b77c42,141265352,Pilosella piloselloides (Vill.) Soják
8288930,native range,Europe,9ff7d317-609b-4c08-bd86-3bc404b77c42,141265352,Pilosella piloselloides (Vill.) Soják
8298495,native range,Northern America,1738f272-6b5d-4f43-9a92-453a8c5ea50a,146042166,Galinsoga quadriradiata Ruiz & Pav.
8298495,native range,South America,9ff7d317-609b-4c08-bd86-3bc404b77c42,141265319,Galinsoga quadriradiata Ruiz & Pav.
8302634,native range,Europe,9ff7d317-609b-4c08-bd86-3bc404b77c42,141266555,Oenothera suaveolens Pers.
8305028,native range,Europe,9ff7d317-609b-4c08-bd86-3bc404b77c42,141265265,Centaurea phrygia L.
8307577,native range,Asia,22211949-9a6e-445f-86c0-6a0e019bc055,181971962,"Cryptorchestia garbinii Ruffo, Tarocco & Latella, 2014"
8323119,native range,South America,9ff7d317-609b-4c08-bd86-3bc404b77c42,141265227,"Bidens triplinervia Humb., Bonpl. & Kunth var. macrantha (Wedd.) Sherff"
8323485,native range,Northern America,e1c3be64-2799-4342-8312-49d076993132,159498666,"Haemorhous mexicanus (P.L.Statius Müller, 1776)"
8332019,native range,Europe,9ff7d317-609b-4c08-bd86-3bc404b77c42,141265907,Hordeum distichon L.
8335191,native range,Africa,9ff7d317-609b-4c08-bd86-3bc404b77c42,141265760,Piptatherum miliaceum (L.) Coss. subsp. miliaceum
8335191,native range,Eastern Asia,9ff7d317-609b-4c08-bd86-3bc404b77c42,141265760,Piptatherum miliaceum (L.) Coss. subsp. miliaceum
8335191,native range,Eastern Europe,9ff7d317-609b-4c08-bd86-3bc404b77c42,141265760,Piptatherum miliaceum (L.) Coss. subsp. miliaceum
8335191,native range,Europe,9ff7d317-609b-4c08-bd86-3bc404b77c42,141265760,Piptatherum miliaceum (L.) Coss. subsp. miliaceum
8336551,native range,Africa,9ff7d317-609b-4c08-bd86-3bc404b77c42,141266404,Polygonum arenarium Waldst. & Kit. subsp. pulchellum (Loisel.) D.A. Webb & Chater
8336551,native range,Eastern Asia,9ff7d317-609b-4c08-bd86-3bc404b77c42,141266404,Polygonum arenarium Waldst. & Kit. subsp. pulchellum (Loisel.) D.A. Webb & Chater
8336551,native range,Eastern Europe,9ff7d317-609b-4c08-bd86-3bc404b77c42,141266404,Polygonum arenarium Waldst. & Kit. subsp. pulchellum (Loisel.) D.A. Webb & Chater
8336551,native range,Europe,9ff7d317-609b-4c08-bd86-3bc404b77c42,141266404,Polygonum arenarium Waldst. & Kit. subsp. pulchellum (Loisel.) D.A. Webb & Chater
8338571,native range,Africa,9ff7d317-609b-4c08-bd86-3bc404b77c42,141265651,Hordeum geniculatum All.
8338571,native range,Eastern Asia,9ff7d317-609b-4c08-bd86-3bc404b77c42,141265651,Hordeum geniculatum All.
8338571,native range,Eastern Europe,9ff7d317-609b-4c08-bd86-3bc404b77c42,141265651,Hordeum geniculatum All.
8338571,native range,Europe,9ff7d317-609b-4c08-bd86-3bc404b77c42,141265651,Hordeum geniculatum All.
8338793,native range,South America,9ff7d317-609b-4c08-bd86-3bc404b77c42,141266489,Modiola caroliniana (L.) G. Don f.
8342911,native range,Eastern Asia,9ff7d317-609b-4c08-bd86-3bc404b77c42,141267122,Papaver setiferum Goldblatt
8342911,native range,Eastern Europe,9ff7d317-609b-4c08-bd86-3bc404b77c42,141267122,Papaver setiferum Goldblatt
8346536,native range,South America,9ff7d317-609b-4c08-bd86-3bc404b77c42,141265184,Schkuhria pinnata (Lam.) O. Kuntze ex Thell. var. pinnata
8350395,native range,Americas,9ff7d317-609b-4c08-bd86-3bc404b77c42,141266060,Cyclospermum leptophyllum (Pers.) Sprague ex Britton & P.G. Wilson
8356787,native range,Eastern Asia,9ff7d317-609b-4c08-bd86-3bc404b77c42,141265388,Photinia villosa (Thunb.) DC.
8356787,native range,Eastern Europe,9ff7d317-609b-4c08-bd86-3bc404b77c42,141265388,Photinia villosa (Thunb.) DC.
8358048,native range,Eastern Asia,9ff7d317-609b-4c08-bd86-3bc404b77c42,141265371,Potentilla recta L. subsp. obscura (Willd.) Arcang.
8358048,native range,Eastern Europe,9ff7d317-609b-4c08-bd86-3bc404b77c42,141265371,Potentilla recta L. subsp. obscura (Willd.) Arcang.
8358048,native range,Europe,9ff7d317-609b-4c08-bd86-3bc404b77c42,141265371,Potentilla recta L. subsp. obscura (Willd.) Arcang.
8362005,native range,Eastern Asia,9ff7d317-609b-4c08-bd86-3bc404b77c42,141265582,Sasa palmata (Burbidge) E.G. Camus
8362005,native range,Eastern Europe,9ff7d317-609b-4c08-bd86-3bc404b77c42,141265582,Sasa palmata (Burbidge) E.G. Camus
8364220,native range,Africa,9ff7d317-609b-4c08-bd86-3bc404b77c42,141266084,Torilis leptophylla (L.) Reichenb. f.
8364220,native range,Eastern Asia,9ff7d317-609b-4c08-bd86-3bc404b77c42,141266084,Torilis leptophylla (L.) Reichenb. f.
8364220,native range,Eastern Europe,9ff7d317-609b-4c08-bd86-3bc404b77c42,141266084,Torilis leptophylla (L.) Reichenb. f.
8364220,native range,Europe,9ff7d317-609b-4c08-bd86-3bc404b77c42,141266084,Torilis leptophylla (L.) Reichenb. f.
8369366,native range,Americas,9ff7d317-609b-4c08-bd86-3bc404b77c42,141265693,Diplachne fusca (L.) P. Beauv. ex. Roemer. & Schult. subsp. uninervia (J. Presl) P.M. Peterson & N. Snow
8370958,native range,Africa,9ff7d317-609b-4c08-bd86-3bc404b77c42,141265081,Matricaria recutita L. var. coronata (J. Gay ex Boiss.) Fertig
8370958,native range,Eastern Asia,9ff7d317-609b-4c08-bd86-3bc404b77c42,141265081,Matricaria recutita L. var. coronata (J. Gay ex Boiss.) Fertig
8370958,native range,Eastern Europe,9ff7d317-609b-4c08-bd86-3bc404b77c42,141265081,Matricaria recutita L. var. coronata (J. Gay ex Boiss.) Fertig
8370958,native range,Europe,9ff7d317-609b-4c08-bd86-3bc404b77c42,141265081,Matricaria recutita L. var. coronata (J. Gay ex Boiss.) Fertig
8373355,native range,Eastern Asia,9ff7d317-609b-4c08-bd86-3bc404b77c42,141265321,Artemisia annua L.
8373355,native range,Eastern Europe,9ff7d317-609b-4c08-bd86-3bc404b77c42,141265321,Artemisia annua L.
8373355,native range,Europe,9ff7d317-609b-4c08-bd86-3bc404b77c42,141265321,Artemisia annua L.
8380575,native range,Africa,9ff7d317-609b-4c08-bd86-3bc404b77c42,141264688,Tamarix gallica L.
8380575,native range,Europe,9ff7d317-609b-4c08-bd86-3bc404b77c42,141264688,Tamarix gallica L.
8381801,native range,Eastern Asia,9ff7d317-609b-4c08-bd86-3bc404b77c42,141265392,Dasiphora davurica (Nestler) Komarov var. mandshurica (Maxim.) Verloove & Lambinon
8381801,native range,Eastern Europe,9ff7d317-609b-4c08-bd86-3bc404b77c42,141265392,Dasiphora davurica (Nestler) Komarov var. mandshurica (Maxim.) Verloove & Lambinon
8386733,native range,Northern America,9ff7d317-609b-4c08-bd86-3bc404b77c42,141266361,Amsinckia lycopsoides Lehm. ex Fisch. & C.A. Mey.
8400045,native range,Europe,9ff7d317-609b-4c08-bd86-3bc404b77c42,141264934,Daboecia cantabrica (Huds.) K.Koch
8406661,native range,Europe,9ff7d317-609b-4c08-bd86-3bc404b77c42,168400583,Silene uniflora Roth
8408816,native range,Eastern Asia,9ff7d317-609b-4c08-bd86-3bc404b77c42,168400469,Colchicum byzantinum Ker Gawl.
8408816,native range,Eastern Europe,9ff7d317-609b-4c08-bd86-3bc404b77c42,168400469,Colchicum byzantinum Ker Gawl.
8418338,native range,Eastern Asia,9ff7d317-609b-4c08-bd86-3bc404b77c42,168400437,Hydrocotyle sibthorpioides Lam.
8418338,native range,Eastern Europe,9ff7d317-609b-4c08-bd86-3bc404b77c42,168400437,Hydrocotyle sibthorpioides Lam.
8419625,native range,Africa,9ff7d317-609b-4c08-bd86-3bc404b77c42,141267193,Silene scabriflora Brot.
8419625,native range,Europe,9ff7d317-609b-4c08-bd86-3bc404b77c42,141267193,Silene scabriflora Brot.
8420312,native range,South America,9ff7d317-609b-4c08-bd86-3bc404b77c42,141265648,Phalaris platensis Henrard ex Heukels
8421156,native range,Northern America,9ff7d317-609b-4c08-bd86-3bc404b77c42,141265251,Symphyotrichum laeve (L.) A. & D. Love (incl. S. versicolor (Willd.) Nesom)
8427624,native range,Europe,9ff7d317-609b-4c08-bd86-3bc404b77c42,141266320,Oxalis corniculata L.
8428499,native range,Northern America,9ff7d317-609b-4c08-bd86-3bc404b77c42,141266498,Sidalcea oregana (Nutt.) A. Gray
8429167,native range,Africa,9ff7d317-609b-4c08-bd86-3bc404b77c42,141266865,Delphinium orientale J. Gay
8429167,native range,Eastern Asia,9ff7d317-609b-4c08-bd86-3bc404b77c42,141266865,Delphinium orientale J. Gay
8429167,native range,Eastern Europe,9ff7d317-609b-4c08-bd86-3bc404b77c42,141266865,Delphinium orientale J. Gay
8429167,native range,Europe,9ff7d317-609b-4c08-bd86-3bc404b77c42,141266865,Delphinium orientale J. Gay
8537667,native range,Africa,9ff7d317-609b-4c08-bd86-3bc404b77c42,141265114,Chondrilla juncea L.
8537667,native range,Eastern Asia,9ff7d317-609b-4c08-bd86-3bc404b77c42,141265114,Chondrilla juncea L.
8537667,native range,Eastern Europe,9ff7d317-609b-4c08-bd86-3bc404b77c42,141265114,Chondrilla juncea L.
8537667,native range,Europe,9ff7d317-609b-4c08-bd86-3bc404b77c42,141265114,Chondrilla juncea L.
8542672,native range,Australia and New Zealand,9ff7d317-609b-4c08-bd86-3bc404b77c42,141265070,Cotula australis (Sieber ex Spreng.) Hook. f.
8566446,native range,Eastern Asia,9ff7d317-609b-4c08-bd86-3bc404b77c42,141266292,Aesculus indica (Wallich ex Cambess.) Hook.
8566446,native range,Eastern Europe,9ff7d317-609b-4c08-bd86-3bc404b77c42,141266292,Aesculus indica (Wallich ex Cambess.) Hook.
8577467,native range,Northern America,9ff7d317-609b-4c08-bd86-3bc404b77c42,141266110,Amaranthus tuberculatus (Moq.) Sauer var. rudis (Sauer) Costea & Tardif
8584304,native range,Africa,9ff7d317-609b-4c08-bd86-3bc404b77c42,141265134,Guizotia abyssinica (L. f.) Cass.
8599762,native range,Eastern Asia,1f3505cd-5d98-4e23-bd3b-ffe59d05d7c2,164301186,"Aproceros leucopoda Takeuchi, 1939"
8602699,native range,Eastern Asia,9ff7d317-609b-4c08-bd86-3bc404b77c42,141264600,Lindernia procumbens (Krocker) Borbás
8602699,native range,Eastern Europe,9ff7d317-609b-4c08-bd86-3bc404b77c42,141264600,Lindernia procumbens (Krocker) Borbás
8602699,native range,Europe,9ff7d317-609b-4c08-bd86-3bc404b77c42,141264600,Lindernia procumbens (Krocker) Borbás
8624880,native range,Southern Europe,e082b10e-476f-43c1-aa61-f8d92f33029a,157063124,"Cernuella virgata (Da Costa, 1778)"
8701771,native range,South America,1f3505cd-5d98-4e23-bd3b-ffe59d05d7c2,164300894,"Obama nungara Carbayo, Alvarez-Presas, Jones & Riutort, 2016"
8720751,native range,Eastern Asia,9ff7d317-609b-4c08-bd86-3bc404b77c42,141266430,Aconogonon divaricatum (L.) Nakai
8720751,native range,Eastern Europe,9ff7d317-609b-4c08-bd86-3bc404b77c42,141266430,Aconogonon divaricatum (L.) Nakai
8745918,native range,Europe,1738f272-6b5d-4f43-9a92-453a8c5ea50a,146042406,"Deroceras invadens Reise, Hutchinson, Schunack & Schlitt, 2011"
8745918,native range,Western Africa,e082b10e-476f-43c1-aa61-f8d92f33029a,157063248,"Deroceras invadens Reise, Hutchinson, Schunack & Schlitt, 2011"
8782549,native range,Northern America,a12e2bf8-13ce-4d0b-b2d4-b1cd20450a63,180661079,"Anolis (Daudin, 1802)"
8782549,native range,South America,a12e2bf8-13ce-4d0b-b2d4-b1cd20450a63,180661079,"Anolis (Daudin, 1802)"
8790531,native range,Africa,1f3505cd-5d98-4e23-bd3b-ffe59d05d7c2,168130912,"Achatina fulica (Férussac, 1821)"
8848208,native range,Eastern Asia,9ff7d317-609b-4c08-bd86-3bc404b77c42,141266421,Rubrivena polystachya (Wall. ex Meisn.) M. Král
8848208,native range,Eastern Europe,9ff7d317-609b-4c08-bd86-3bc404b77c42,141266421,Rubrivena polystachya (Wall. ex Meisn.) M. Král
8889878,native range,Asia,a12e2bf8-13ce-4d0b-b2d4-b1cd20450a63,180661171,"Elaphe taeniura (Cope, 1861)"
8898408,native range,Northern America,a12e2bf8-13ce-4d0b-b2d4-b1cd20450a63,180661207,"Pseudemys concinna (Le Conte, 1830)"
8909595,native range,Northern America,289244ee-e1c1-49aa-b2d7-d379391ce265,140563019,Orconectes limosus
8909809,native range,Africa,a12e2bf8-13ce-4d0b-b2d4-b1cd20450a63,180661216,"Emys orbicularis (Linnaeus, 1758)"
8909809,native range,Asia,a12e2bf8-13ce-4d0b-b2d4-b1cd20450a63,180661216,"Emys orbicularis (Linnaeus, 1758)"
8909872,native range,Africa,9ff7d317-609b-4c08-bd86-3bc404b77c42,141266424,Emex australis Steinh.
8911082,native range,Africa,9ff7d317-609b-4c08-bd86-3bc404b77c42,141266183,Amaranthus blitum L. s.l.
8911082,native range,Asia,9ff7d317-609b-4c08-bd86-3bc404b77c42,141266183,Amaranthus blitum L. s.l.
8911082,native range,Europe,9ff7d317-609b-4c08-bd86-3bc404b77c42,141266183,Amaranthus blitum L. s.l.
8918909,native range,Africa,9ff7d317-609b-4c08-bd86-3bc404b77c42,141265703,Bromus hordeaceus L. subsp. molliformis (Lloyd) Maire & Weiller
8918909,native range,Eastern Asia,9ff7d317-609b-4c08-bd86-3bc404b77c42,141265703,Bromus hordeaceus L. subsp. molliformis (Lloyd) Maire & Weiller
8918909,native range,Eastern Europe,9ff7d317-609b-4c08-bd86-3bc404b77c42,141265703,Bromus hordeaceus L. subsp. molliformis (Lloyd) Maire & Weiller
8918909,native range,Europe,9ff7d317-609b-4c08-bd86-3bc404b77c42,141265703,Bromus hordeaceus L. subsp. molliformis (Lloyd) Maire & Weiller
8925248,native range,Africa,9ff7d317-609b-4c08-bd86-3bc404b77c42,141266582,Galium parisiense L. var. parisiense
8925248,native range,Eastern Asia,9ff7d317-609b-4c08-bd86-3bc404b77c42,141266582,Galium parisiense L. var. parisiense
8925248,native range,Eastern Europe,9ff7d317-609b-4c08-bd86-3bc404b77c42,141266582,Galium parisiense L. var. parisiense
8925248,native range,Europe,9ff7d317-609b-4c08-bd86-3bc404b77c42,141266582,Galium parisiense L. var. parisiense
8946295,native range,Eastern Europe,289244ee-e1c1-49aa-b2d7-d379391ce265,140563021,Astacus leptodactylus
8949622,native range,Eastern Asia,9ff7d317-609b-4c08-bd86-3bc404b77c42,141266839,Verbascum chaixii Vill.
8949622,native range,Eastern Europe,9ff7d317-609b-4c08-bd86-3bc404b77c42,141266839,Verbascum chaixii Vill.
8949622,native range,Europe,9ff7d317-609b-4c08-bd86-3bc404b77c42,141266839,Verbascum chaixii Vill.
8953936,native range,South America,a12e2bf8-13ce-4d0b-b2d4-b1cd20450a63,180661070,"Caiman crocodilus (Linnaeus, 1758)"
8969026,native range,South America,9ff7d317-609b-4c08-bd86-3bc404b77c42,141266967,Physalis philadelphica Lam.
8983123,native range,Eastern Asia,9ff7d317-609b-4c08-bd86-3bc404b77c42,141265504,Veronica teucrium L. subsp. teucrium
8983123,native range,Eastern Europe,9ff7d317-609b-4c08-bd86-3bc404b77c42,141265504,Veronica teucrium L. subsp. teucrium
8983123,native range,Europe,9ff7d317-609b-4c08-bd86-3bc404b77c42,141265504,Veronica teucrium L. subsp. teucrium
8991514,native range,Central America,e1c3be64-2799-4342-8312-49d076993132,159498384,"Caracara cheriway (Jacquin, 1784)"
8991514,native range,South America,e1c3be64-2799-4342-8312-49d076993132,159498384,"Caracara cheriway (Jacquin, 1784)"
8993502,native range,Africa,9ff7d317-609b-4c08-bd86-3bc404b77c42,141267186,Silene italica (L.) Pers.
8993502,native range,Eastern Asia,9ff7d317-609b-4c08-bd86-3bc404b77c42,141267186,Silene italica (L.) Pers.
8993502,native range,Eastern Europe,9ff7d317-609b-4c08-bd86-3bc404b77c42,141267186,Silene italica (L.) Pers.
8993502,native range,Europe,9ff7d317-609b-4c08-bd86-3bc404b77c42,141267186,Silene italica (L.) Pers.
8994150,native range,Northern America,9ff7d317-609b-4c08-bd86-3bc404b77c42,141266517,Oenothera deflexa R.R. Gates
9018536,native range,Eastern Asia,9ff7d317-609b-4c08-bd86-3bc404b77c42,141266380,Aconogonon campanulatum (Hook. f.) H. Hara
9018536,native range,Eastern Europe,9ff7d317-609b-4c08-bd86-3bc404b77c42,141266380,Aconogonon campanulatum (Hook. f.) H. Hara
9022569,native range,Asia,a12e2bf8-13ce-4d0b-b2d4-b1cd20450a63,180661167,"Chrysopelea ornata (Shaw, 1802)"
9060332,native range,Americas,9ff7d317-609b-4c08-bd86-3bc404b77c42,141264951,Ipomoea wrightii A. Gray
9067615,native range,Northern America,9ff7d317-609b-4c08-bd86-3bc404b77c42,141264592,Mentzelia albicaulis (Dougl. ex Hook.) Dougl. ex Hook.
9073641,native range,Eastern Asia,9ff7d317-609b-4c08-bd86-3bc404b77c42,141265979,Camelina sativa (L.) Crantz
9073641,native range,Eastern Europe,9ff7d317-609b-4c08-bd86-3bc404b77c42,141265979,Camelina sativa (L.) Crantz
9073641,native range,Europe,9ff7d317-609b-4c08-bd86-3bc404b77c42,141265979,Camelina sativa (L.) Crantz
9080185,native range,Northern America,9ff7d317-609b-4c08-bd86-3bc404b77c42,141266195,Amaranthus hypochondriacus L.
9148577,native range,Eastern Asia,9ff7d317-609b-4c08-bd86-3bc404b77c42,141264777,Alnus incana (L.) Moench
9148577,native range,Eastern Europe,9ff7d317-609b-4c08-bd86-3bc404b77c42,141264777,Alnus incana (L.) Moench
9148577,native range,Europe,9ff7d317-609b-4c08-bd86-3bc404b77c42,141264777,Alnus incana (L.) Moench
9151957,native range,Africa,9ff7d317-609b-4c08-bd86-3bc404b77c42,141266678,Medicago sativa L.
9151957,native range,Eastern Asia,9ff7d317-609b-4c08-bd86-3bc404b77c42,141266678,Medicago sativa L.
9151957,native range,Eastern Europe,9ff7d317-609b-4c08-bd86-3bc404b77c42,141266678,Medicago sativa L.
9151957,native range,Europe,9ff7d317-609b-4c08-bd86-3bc404b77c42,141266678,Medicago sativa L.
9153437,native range,Europe,9ff7d317-609b-4c08-bd86-3bc404b77c42,141266622,Salix daphnoides Vill.
9177060,native range,Europe,9ff7d317-609b-4c08-bd86-3bc404b77c42,141267223,Allium scorodoprasum L.
9182765,native range,Africa,9ff7d317-609b-4c08-bd86-3bc404b77c42,141265139,Calendula arvensis L.
9182765,native range,Eastern Asia,9ff7d317-609b-4c08-bd86-3bc404b77c42,141265139,Calendula arvensis L.
9182765,native range,Eastern Europe,9ff7d317-609b-4c08-bd86-3bc404b77c42,141265139,Calendula arvensis L.
9182765,native range,Europe,9ff7d317-609b-4c08-bd86-3bc404b77c42,141265139,Calendula arvensis L.
9187223,native range,Northern America,a12e2bf8-13ce-4d0b-b2d4-b1cd20450a63,180661179,"Pituophis melanoleucus (Daudin, 1803)"
9188840,native range,Asia,1738f272-6b5d-4f43-9a92-453a8c5ea50a,146042227,Epilobium ciliatum Raf.
9188840,native range,Northern America,9ff7d317-609b-4c08-bd86-3bc404b77c42,141266506,Epilobium ciliatum Rafin.
9188840,native range,South America,1738f272-6b5d-4f43-9a92-453a8c5ea50a,146042227,Epilobium ciliatum Raf.
9195230,native range,South America,a12e2bf8-13ce-4d0b-b2d4-b1cd20450a63,180661176,"Spilotes pullatus (Linnaeus, 1758)"
9202318,native range,Northern America,9ff7d317-609b-4c08-bd86-3bc404b77c42,141265327,Symphyotrichum lanceolatum (Willd.) Nesom (incl. S. tradescantii (L.) Nesom)
9206251,native range,Northern America,9ff7d317-609b-4c08-bd86-3bc404b77c42,141265339,Helianthus annuus L.
9228111,native range,Africa,9ff7d317-609b-4c08-bd86-3bc404b77c42,141267125,Fumaria bastardii Boreau
9228111,native range,Eastern Asia,9ff7d317-609b-4c08-bd86-3bc404b77c42,141267125,Fumaria bastardii Boreau
9228111,native range,Eastern Europe,9ff7d317-609b-4c08-bd86-3bc404b77c42,141267125,Fumaria bastardii Boreau
9228111,native range,Europe,9ff7d317-609b-4c08-bd86-3bc404b77c42,141267125,Fumaria bastardii Boreau
9228211,native range,Northern America,a12e2bf8-13ce-4d0b-b2d4-b1cd20450a63,180661227,"Graptemys pseudogeographica (Gray, 1831)"
9231612,native range,Africa,9ff7d317-609b-4c08-bd86-3bc404b77c42,141265909,Lolium subulatum Vis.
9231612,native range,Eastern Asia,9ff7d317-609b-4c08-bd86-3bc404b77c42,141265909,Lolium subulatum Vis.
9231612,native range,Eastern Europe,9ff7d317-609b-4c08-bd86-3bc404b77c42,141265909,Lolium subulatum Vis.
9231612,native range,Europe,9ff7d317-609b-4c08-bd86-3bc404b77c42,141265909,Lolium subulatum Vis.
9235549,native range,Eastern Asia,e1c3be64-2799-4342-8312-49d076993132,159498600,"Anas formosa Georgi, 1775"
9245228,native range,Europe,9ff7d317-609b-4c08-bd86-3bc404b77c42,141265453,Sorbus hybrida L.
9254355,native range,Australia and New Zealand,9ff7d317-609b-4c08-bd86-3bc404b77c42,163968247,Isotoma axillaris Lindl.
9267300,native range,Australia and New Zealand,9ff7d317-609b-4c08-bd86-3bc404b77c42,141265599,Eragrostis advena (Stapf) S.M. Phillips
9288935,native range,Australia and New Zealand,e1c3be64-2799-4342-8312-49d076993132,159498604,"Anas rhynchotis Latham, 1802"
9297163,native range,Africa,9ff7d317-609b-4c08-bd86-3bc404b77c42,141266455,Erodium malacoides (L.) L'Hérit.
9297163,native range,Eastern Asia,9ff7d317-609b-4c08-bd86-3bc404b77c42,141266455,Erodium malacoides (L.) L'Hérit.
9297163,native range,Eastern Europe,9ff7d317-609b-4c08-bd86-3bc404b77c42,141266455,Erodium malacoides (L.) L'Hérit.
9297163,native range,Europe,9ff7d317-609b-4c08-bd86-3bc404b77c42,141266455,Erodium malacoides (L.) L'Hérit.
9306058,native range,Europe,9ff7d317-609b-4c08-bd86-3bc404b77c42,141265435,Sorbus latifolia (Lam.) Pers.
9317568,native range,Africa,9ff7d317-609b-4c08-bd86-3bc404b77c42,141265691,Piptatherum miliaceum (L.) Coss. subsp. thomasii (Duby) Freitag
9317568,native range,Eastern Asia,9ff7d317-609b-4c08-bd86-3bc404b77c42,141265691,Piptatherum miliaceum (L.) Coss. subsp. thomasii (Duby) Freitag
9317568,native range,Eastern Europe,9ff7d317-609b-4c08-bd86-3bc404b77c42,141265691,Piptatherum miliaceum (L.) Coss. subsp. thomasii (Duby) Freitag
9317568,native range,Europe,9ff7d317-609b-4c08-bd86-3bc404b77c42,141265691,Piptatherum miliaceum (L.) Coss. subsp. thomasii (Duby) Freitag
9326020,native range,Southeastern Asia,e1c3be64-2799-4342-8312-49d076993132,159498410,"Gallus gallus (Linnaeus, 1758)"
9326020,native range,Southern Asia,e1c3be64-2799-4342-8312-49d076993132,159498410,"Gallus gallus (Linnaeus, 1758)"
9376410,native range,Africa,9ff7d317-609b-4c08-bd86-3bc404b77c42,141266314,Delosperma cooperi (Hook.f.) L. Bolus
9379326,native range,Africa,9ff7d317-609b-4c08-bd86-3bc404b77c42,141265609,Crypsis aculeata (L.) Ait.
9379326,native range,Eastern Asia,9ff7d317-609b-4c08-bd86-3bc404b77c42,141265609,Crypsis aculeata (L.) Ait.
9379326,native range,Eastern Europe,9ff7d317-609b-4c08-bd86-3bc404b77c42,141265609,Crypsis aculeata (L.) Ait.
9379326,native range,Europe,9ff7d317-609b-4c08-bd86-3bc404b77c42,141265609,Crypsis aculeata (L.) Ait.
9382645,native range,Northern America,9ff7d317-609b-4c08-bd86-3bc404b77c42,141265389,Rosa virginiana J. Herrmann
9382716,native range,Africa,9ff7d317-609b-4c08-bd86-3bc404b77c42,141265795,Crypsis schoenoides (L.) Lam.
9382716,native range,Eastern Asia,9ff7d317-609b-4c08-bd86-3bc404b77c42,141265795,Crypsis schoenoides (L.) Lam.
9382716,native range,Eastern Europe,9ff7d317-609b-4c08-bd86-3bc404b77c42,141265795,Crypsis schoenoides (L.) Lam.
9382716,native range,Europe,9ff7d317-609b-4c08-bd86-3bc404b77c42,141265795,Crypsis schoenoides (L.) Lam.
9398259,native range,Europe,1738f272-6b5d-4f43-9a92-453a8c5ea50a,146042237,Spartina anglica C.E. Hubbard
9405036,native range,Central America,e1c3be64-2799-4342-8312-49d076993132,159498606,"Anas cyanoptera Vieillot, 1816"
9405036,native range,Northern America,e1c3be64-2799-4342-8312-49d076993132,159498606,"Anas cyanoptera Vieillot, 1816"
9405036,native range,South America,e1c3be64-2799-4342-8312-49d076993132,159498606,"Anas cyanoptera Vieillot, 1816"
9405645,native range,Europe,9ff7d317-609b-4c08-bd86-3bc404b77c42,141266377,Anchusa ovata Lehm.
9419993,native range,Africa,9ff7d317-609b-4c08-bd86-3bc404b77c42,141266440,Erodium moschatum (L.) L'Hérit. var. moschatum
9419993,native range,Eastern Asia,9ff7d317-609b-4c08-bd86-3bc404b77c42,141266440,Erodium moschatum (L.) L'Hérit. var. moschatum
9419993,native range,Eastern Europe,9ff7d317-609b-4c08-bd86-3bc404b77c42,141266440,Erodium moschatum (L.) L'Hérit. var. moschatum
9419993,native range,Europe,9ff7d317-609b-4c08-bd86-3bc404b77c42,141266440,Erodium moschatum (L.) L'Hérit. var. moschatum
9429152,native range,Africa,9ff7d317-609b-4c08-bd86-3bc404b77c42,141266457,Erodium ciconium (L.) L'Hérit.
9429152,native range,Eastern Asia,9ff7d317-609b-4c08-bd86-3bc404b77c42,141266457,Erodium ciconium (L.) L'Hérit.
9429152,native range,Eastern Europe,9ff7d317-609b-4c08-bd86-3bc404b77c42,141266457,Erodium ciconium (L.) L'Hérit.
9429152,native range,Europe,9ff7d317-609b-4c08-bd86-3bc404b77c42,141266457,Erodium ciconium (L.) L'Hérit.
9442679,native range,Eastern Asia,289244ee-e1c1-49aa-b2d7-d379391ce265,140562894,Bratislavia dadayi
9442679,native range,Northern America,289244ee-e1c1-49aa-b2d7-d379391ce265,140562894,Bratislavia dadayi
9448191,native range,Africa,9ff7d317-609b-4c08-bd86-3bc404b77c42,141265132,Carduus nutans L. subsp. leiophyllus (Petrovič) Arènes
9448191,native range,Eastern Asia,9ff7d317-609b-4c08-bd86-3bc404b77c42,141265132,Carduus nutans L. subsp. leiophyllus (Petrovič) Arènes
9448191,native range,Eastern Europe,9ff7d317-609b-4c08-bd86-3bc404b77c42,141265132,Carduus nutans L. subsp. leiophyllus (Petrovič) Arènes
9448191,native range,Europe,9ff7d317-609b-4c08-bd86-3bc404b77c42,141265132,Carduus nutans L. subsp. leiophyllus (Petrovič) Arènes
9450106,native range,Southeastern Asia,e1c3be64-2799-4342-8312-49d076993132,159498596,"Anas poecilorhyncha J.R.Forster, 1781"
9450106,native range,Southern Asia,e1c3be64-2799-4342-8312-49d076993132,159498596,"Anas poecilorhyncha J.R.Forster, 1781"
9454901,native range,Australia and New Zealand,9ff7d317-609b-4c08-bd86-3bc404b77c42,141266193,Amaranthus macrocarpus Benth. var. pallidus Benth.
9462721,native range,South America,e1c3be64-2799-4342-8312-49d076993132,159498597,"Anas versicolor Vieillot, 1816"
9479629,native range,Northern America,289244ee-e1c1-49aa-b2d7-d379391ce265,140562900,Tasserkidrilus americanus
9480191,native range,Asia,1738f272-6b5d-4f43-9a92-453a8c5ea50a,146042276,Anas falcata (Georgi 1775)
9480191,native range,Eastern Asia,e1c3be64-2799-4342-8312-49d076993132,159498591,"Anas falcata Georgi, 1775"
9484350,native range,Africa,9ff7d317-609b-4c08-bd86-3bc404b77c42,141265917,Lachnagrostis eriantha (Hack.) A.J. Br.
9491873,native range,Asia,1738f272-6b5d-4f43-9a92-453a8c5ea50a,146042309,"Tetraodon fluviatilis F. Hamilton, 1822"
9496048,native range,Africa,e1c3be64-2799-4342-8312-49d076993132,159498593,"Anas hottentota (Eyton, 1838)"
9508460,native range,South America,e1c3be64-2799-4342-8312-49d076993132,159498595,"Anas sibilatrix Poeppig, 1829"
9508942,native range,Africa,9ff7d317-609b-4c08-bd86-3bc404b77c42,141266232,Origanum vulgare L. subsp. hirtum (Link) A. Terrac.
9508942,native range,Eastern Asia,9ff7d317-609b-4c08-bd86-3bc404b77c42,141266232,Origanum vulgare L. subsp. hirtum (Link) A. Terrac.
9508942,native range,Eastern Europe,9ff7d317-609b-4c08-bd86-3bc404b77c42,141266232,Origanum vulgare L. subsp. hirtum (Link) A. Terrac.
9508942,native range,Europe,9ff7d317-609b-4c08-bd86-3bc404b77c42,141266232,Origanum vulgare L. subsp. hirtum (Link) A. Terrac.
9520065,native range,Northern Africa,289244ee-e1c1-49aa-b2d7-d379391ce265,140562956,Ferrissia fragilis
9520065,native range,Northern America,22211949-9a6e-445f-86c0-6a0e019bc055,181971917,"Ferrissia fragilis (Tryon, 1863)"
9537212,native range,Eastern Asia,9ff7d317-609b-4c08-bd86-3bc404b77c42,141266951,Physalis alkekengi L. var. franchetii (Masters) Makino
9537212,native range,Eastern Europe,9ff7d317-609b-4c08-bd86-3bc404b77c42,141266951,Physalis alkekengi L. var. franchetii (Masters) Makino
9537212,native range,Europe,9ff7d317-609b-4c08-bd86-3bc404b77c42,141266951,Physalis alkekengi L. var. franchetii (Masters) Makino
9567226,native range,Northern America,9ff7d317-609b-4c08-bd86-3bc404b77c42,141266123,Oxybasis glauca (L.) Fuentes & al. var. salina (Standley) Verloove
9583342,native range,South America,e1c3be64-2799-4342-8312-49d076993132,159498602,"Anas puna Tschudi, 1844"
9587676,native range,Africa,9ff7d317-609b-4c08-bd86-3bc404b77c42,141267120,Papaver hybridum L.
9587676,native range,Eastern Asia,9ff7d317-609b-4c08-bd86-3bc404b77c42,141267120,Papaver hybridum L.
9587676,native range,Eastern Europe,9ff7d317-609b-4c08-bd86-3bc404b77c42,141267120,Papaver hybridum L.
9587676,native range,Europe,9ff7d317-609b-4c08-bd86-3bc404b77c42,141267120,Papaver hybridum L.
9592414,native range,Northern America,9ff7d317-609b-4c08-bd86-3bc404b77c42,141265865,Spartina pectinata Link
9601519,native range,Northern America,a12e2bf8-13ce-4d0b-b2d4-b1cd20450a63,180661208,"Pseudemys rubriventris (LeConte, 1830)"
9603492,native range,Africa,9ff7d317-609b-4c08-bd86-3bc404b77c42,141266693,Vicia pannonica Crantz subsp. pannonica
9603492,native range,Eastern Asia,9ff7d317-609b-4c08-bd86-3bc404b77c42,141266693,Vicia pannonica Crantz subsp. pannonica
9603492,native range,Eastern Europe,9ff7d317-609b-4c08-bd86-3bc404b77c42,141266693,Vicia pannonica Crantz subsp. pannonica
9603492,native range,Europe,9ff7d317-609b-4c08-bd86-3bc404b77c42,141266693,Vicia pannonica Crantz subsp. pannonica
9606290,native range,Northern America,e1c3be64-2799-4342-8312-49d076993132,159498421,"Meleagris gallopavo Linnaeus, 1758"
9629001,native range,Africa,9ff7d317-609b-4c08-bd86-3bc404b77c42,141266351,Omphalodes linifolia (L.) Moench
9629001,native range,Europe,9ff7d317-609b-4c08-bd86-3bc404b77c42,141266351,Omphalodes linifolia (L.) Moench
9632508,native range,Africa,9ff7d317-609b-4c08-bd86-3bc404b77c42,141265834,Crypsis alopecuroides (Pill. & Mitterp.) Schrad.
9632508,native range,Eastern Asia,9ff7d317-609b-4c08-bd86-3bc404b77c42,141265834,Crypsis alopecuroides (Pill. & Mitterp.) Schrad.
9632508,native range,Eastern Europe,9ff7d317-609b-4c08-bd86-3bc404b77c42,141265834,Crypsis alopecuroides (Pill. & Mitterp.) Schrad.
9632508,native range,Europe,9ff7d317-609b-4c08-bd86-3bc404b77c42,141265834,Crypsis alopecuroides (Pill. & Mitterp.) Schrad.
9662775,native range,South America,9ff7d317-609b-4c08-bd86-3bc404b77c42,141266301,Anogramma chaerophylla (Desv.) Link
9691034,native range,Central America,e1c3be64-2799-4342-8312-49d076993132,159498332,Phoenicopterus ruber
9691034,native range,South America,e1c3be64-2799-4342-8312-49d076993132,159498332,Phoenicopterus ruber
9711656,native range,Africa,9ff7d317-609b-4c08-bd86-3bc404b77c42,141266460,Pelargonium capitatum (L.) Ait.
9738098,native range,Southeastern Asia,1f3505cd-5d98-4e23-bd3b-ffe59d05d7c2,164300939,"Bellamya chinensis (Gray, 1834)"
9771172,native range,Africa,9ff7d317-609b-4c08-bd86-3bc404b77c42,141267063,Valerianella locusta (L.) Laterr. var. oleracea (Schlecht.) Breistr.
9771172,native range,Eastern Asia,9ff7d317-609b-4c08-bd86-3bc404b77c42,141267063,Valerianella locusta (L.) Laterr. var. oleracea (Schlecht.) Breistr.
9771172,native range,Eastern Europe,9ff7d317-609b-4c08-bd86-3bc404b77c42,141267063,Valerianella locusta (L.) Laterr. var. oleracea (Schlecht.) Breistr.
9771172,native range,Europe,9ff7d317-609b-4c08-bd86-3bc404b77c42,141267063,Valerianella locusta (L.) Laterr. var. oleracea (Schlecht.) Breistr.
9791464,native range,Northern America,e1c3be64-2799-4342-8312-49d076993132,159498397,"Colinus virginianus (Linnaeus, 1758)"
9803191,native range,Africa,a12e2bf8-13ce-4d0b-b2d4-b1cd20450a63,180661204,"Pelusios castaneus (Schweigger, 1812)"
9823072,native range,Eastern Asia,9ff7d317-609b-4c08-bd86-3bc404b77c42,141266323,Oxalis stricta L.
9823072,native range,Eastern Europe,9ff7d317-609b-4c08-bd86-3bc404b77c42,141266323,Oxalis stricta L.
9823072,native range,Northern America,9ff7d317-609b-4c08-bd86-3bc404b77c42,141266323,Oxalis stricta L.
9890104,native range,Southern Europe,e082b10e-476f-43c1-aa61-f8d92f33029a,157063040,"Candidula intersecta (Poiret, 1801)"
9890104,native range,Western Europe,e082b10e-476f-43c1-aa61-f8d92f33029a,157063040,"Candidula intersecta (Poiret, 1801)"
9990542,native range,Africa,a12e2bf8-13ce-4d0b-b2d4-b1cd20450a63,240043871,"Naja subfulva (Laurent, 1995)"
10071055,native range,Europe,9ff7d317-609b-4c08-bd86-3bc404b77c42,141265441,Sorbus intermedia (Ehrh.) Pers.
10108775,native range,Europe,9ff7d317-609b-4c08-bd86-3bc404b77c42,141265218,Inula spiraeifolia L.
10269496,native range,Australia and New Zealand,1f3505cd-5d98-4e23-bd3b-ffe59d05d7c2,164301238,"Epuraea imperialis (Reitter, 1877)"
10329298,native range,Southern Europe,1f3505cd-5d98-4e23-bd3b-ffe59d05d7c2,164300984,"Haplodrassus securifer Bosmans & Abrous, 2018"
10629881,native range,Europe,9ff7d317-609b-4c08-bd86-3bc404b77c42,141265098,Inula hirta L.
10676000,native range,Asia,1738f272-6b5d-4f43-9a92-453a8c5ea50a,146042154,Acroptilon repens
10676000,native range,Eastern Asia,9ff7d317-609b-4c08-bd86-3bc404b77c42,141265272,Rhaponticum repens (L.) Hidalgo
10676000,native range,Eastern Europe,9ff7d317-609b-4c08-bd86-3bc404b77c42,141265272,Rhaponticum repens (L.) Hidalgo
10676000,native range,Europe,9ff7d317-609b-4c08-bd86-3bc404b77c42,141265272,Rhaponticum repens (L.) Hidalgo
10701161,native range,Asia,a12e2bf8-13ce-4d0b-b2d4-b1cd20450a63,180661039,"Pachytriton labiatus (Unterstein, 1930)"
10730110,native range,Australia and New Zealand,9ff7d317-609b-4c08-bd86-3bc404b77c42,141265040,Crassula peduncularis (Smith) F. Meigen
10730110,native range,South America,9ff7d317-609b-4c08-bd86-3bc404b77c42,141265040,Crassula peduncularis (Smith) F. Meigen
10755213,native range,Europe,9ff7d317-609b-4c08-bd86-3bc404b77c42,141267245,Narcissus obvallaris Salisb.
10773250,native range,Africa,9ff7d317-609b-4c08-bd86-3bc404b77c42,141266700,Melilotus messanensis (L.) All.
10773250,native range,Eastern Asia,9ff7d317-609b-4c08-bd86-3bc404b77c42,141266700,Melilotus messanensis (L.) All.
10773250,native range,Eastern Europe,9ff7d317-609b-4c08-bd86-3bc404b77c42,141266700,Melilotus messanensis (L.) All.
10773250,native range,Europe,9ff7d317-609b-4c08-bd86-3bc404b77c42,141266700,Melilotus messanensis (L.) All.
10786206,native range,Eastern Asia,9ff7d317-609b-4c08-bd86-3bc404b77c42,141265462,Eriobotrya japonica (Thunb.) Lindl.
10786206,native range,Eastern Europe,9ff7d317-609b-4c08-bd86-3bc404b77c42,141265462,Eriobotrya japonica (Thunb.) Lindl.
10801424,native range,Eastern Asia,9ff7d317-609b-4c08-bd86-3bc404b77c42,141266212,Perovskia atriplicifolia Benth.
10801424,native range,Eastern Europe,9ff7d317-609b-4c08-bd86-3bc404b77c42,141266212,Perovskia atriplicifolia Benth.
10852031,native range,Africa,9ff7d317-609b-4c08-bd86-3bc404b77c42,168400497,Oncosiphon piluliferum (L.f.) Källersjö
10857535,native range,Asia,a12e2bf8-13ce-4d0b-b2d4-b1cd20450a63,213158981,"Dryophytes japonicus (Günther, 1859)"
10902460,native range,Africa,9ff7d317-609b-4c08-bd86-3bc404b77c42,141266281,Rosmarinus officinalis L.
10902460,native range,Eastern Asia,9ff7d317-609b-4c08-bd86-3bc404b77c42,141266281,Rosmarinus officinalis L.
10902460,native range,Eastern Europe,9ff7d317-609b-4c08-bd86-3bc404b77c42,141266281,Rosmarinus officinalis L.
10902460,native range,Europe,9ff7d317-609b-4c08-bd86-3bc404b77c42,141266281,Rosmarinus officinalis L.
10944522,native range,Eastern Asia,9ff7d317-609b-4c08-bd86-3bc404b77c42,141266037,Thlaspi alliaceum L.
10944522,native range,Eastern Europe,9ff7d317-609b-4c08-bd86-3bc404b77c42,141266037,Thlaspi alliaceum L.
10944522,native range,Europe,9ff7d317-609b-4c08-bd86-3bc404b77c42,141266037,Thlaspi alliaceum L.
10948891,native range,Australia and New Zealand,9ff7d317-609b-4c08-bd86-3bc404b77c42,141265074,Podolepis auriculata DC.
10953644,native range,Africa,9ff7d317-609b-4c08-bd86-3bc404b77c42,141267218,Silene baccifera (L.) Roth
10953644,native range,Eastern Asia,9ff7d317-609b-4c08-bd86-3bc404b77c42,141267218,Silene baccifera (L.) Roth
10953644,native range,Eastern Europe,9ff7d317-609b-4c08-bd86-3bc404b77c42,141267218,Silene baccifera (L.) Roth
10953644,native range,Europe,9ff7d317-609b-4c08-bd86-3bc404b77c42,141267218,Silene baccifera (L.) Roth
10966302,native range,Africa,9ff7d317-609b-4c08-bd86-3bc404b77c42,141265798,Digitaria sanguinalis (L.) Scop. subsp. sanguinalis
10966302,native range,Eastern Asia,9ff7d317-609b-4c08-bd86-3bc404b77c42,141265798,Digitaria sanguinalis (L.) Scop. subsp. sanguinalis
10966302,native range,Eastern Europe,9ff7d317-609b-4c08-bd86-3bc404b77c42,141265798,Digitaria sanguinalis (L.) Scop. subsp. sanguinalis
10966302,native range,Europe,9ff7d317-609b-4c08-bd86-3bc404b77c42,141265798,Digitaria sanguinalis (L.) Scop. subsp. sanguinalis
10986555,native range,Africa,9ff7d317-609b-4c08-bd86-3bc404b77c42,141265711,Thinopyrum ponticum (Podp.) M.Barkworth & D.R. Dewey
10986555,native range,Eastern Asia,9ff7d317-609b-4c08-bd86-3bc404b77c42,141265711,Thinopyrum ponticum (Podp.) M.Barkworth & D.R. Dewey
10986555,native range,Eastern Europe,9ff7d317-609b-4c08-bd86-3bc404b77c42,141265711,Thinopyrum ponticum (Podp.) M.Barkworth & D.R. Dewey
10986555,native range,Europe,9ff7d317-609b-4c08-bd86-3bc404b77c42,141265711,Thinopyrum ponticum (Podp.) M.Barkworth & D.R. Dewey
11007246,native range,Europe,9ff7d317-609b-4c08-bd86-3bc404b77c42,141266263,Clinopodium menthifolium (Host) Stace
11055820,native range,Americas,9ff7d317-609b-4c08-bd86-3bc404b77c42,141267104,Limnobium laevigatum (Humb. & Bonpl. ex Willd.) Heine
11064584,native range,Eastern Asia,9ff7d317-609b-4c08-bd86-3bc404b77c42,141266217,Perovskia abrotanoides Kar.
11064584,native range,Eastern Europe,9ff7d317-609b-4c08-bd86-3bc404b77c42,141266217,Perovskia abrotanoides Kar.
11136683,native range,Africa,9ff7d317-609b-4c08-bd86-3bc404b77c42,141265317,Pulicaria arabica (L.) Cass. subsp. arabica
11136683,native range,Eastern Asia,9ff7d317-609b-4c08-bd86-3bc404b77c42,141265317,Pulicaria arabica (L.) Cass. subsp. arabica
11136683,native range,Eastern Europe,9ff7d317-609b-4c08-bd86-3bc404b77c42,141265317,Pulicaria arabica (L.) Cass. subsp. arabica
11162940,native range,Eastern Asia,9ff7d317-609b-4c08-bd86-3bc404b77c42,141265049,Sedum spurium Bieb.
11162940,native range,Eastern Europe,9ff7d317-609b-4c08-bd86-3bc404b77c42,141265049,Sedum spurium Bieb.
11205618,native range,South America,a12e2bf8-13ce-4d0b-b2d4-b1cd20450a63,213159069,"Leptodeira ashmeadii (Hallowell, 1845)"
11921804,native range,Africa,9ff7d317-609b-4c08-bd86-3bc404b77c42,141266083,Ridolfia segetum Moris
11921804,native range,Eastern Asia,9ff7d317-609b-4c08-bd86-3bc404b77c42,141266083,Ridolfia segetum Moris
11921804,native range,Eastern Europe,9ff7d317-609b-4c08-bd86-3bc404b77c42,141266083,Ridolfia segetum Moris
11921804,native range,Europe,9ff7d317-609b-4c08-bd86-3bc404b77c42,141266083,Ridolfia segetum Moris
12132283,native range,Europe,9ff7d317-609b-4c08-bd86-3bc404b77c42,141266493,Malva alcea L. var. ribifolia (Viv.) Paol.
12187916,native range,South America,9ff7d317-609b-4c08-bd86-3bc404b77c42,141264598,Tarenaya hassleriana (Chodat) Iltis
12205713,native range,Europe,9ff7d317-609b-4c08-bd86-3bc404b77c42,141265698,Triticum compactum Host
12218002,native range,Africa,9ff7d317-609b-4c08-bd86-3bc404b77c42,141264823,Hedera maroccana McAllister
12246414,native range,Africa,9ff7d317-609b-4c08-bd86-3bc404b77c42,141265767,Hainardia cylindrica (Willd.) Greuter
12246414,native range,Eastern Asia,9ff7d317-609b-4c08-bd86-3bc404b77c42,141265767,Hainardia cylindrica (Willd.) Greuter
12246414,native range,Eastern Europe,9ff7d317-609b-4c08-bd86-3bc404b77c42,141265767,Hainardia cylindrica (Willd.) Greuter
12246414,native range,Europe,9ff7d317-609b-4c08-bd86-3bc404b77c42,141265767,Hainardia cylindrica (Willd.) Greuter
12262171,native range,Eastern Asia,9ff7d317-609b-4c08-bd86-3bc404b77c42,141265918,Zingeria pisidica (Boiss.) Tutin
12262171,native range,Eastern Europe,9ff7d317-609b-4c08-bd86-3bc404b77c42,141265918,Zingeria pisidica (Boiss.) Tutin
12262171,native range,Europe,9ff7d317-609b-4c08-bd86-3bc404b77c42,141265918,Zingeria pisidica (Boiss.) Tutin
