key,description,type,language,source
141264581,cultivated origin,native range,en,
141264583,temperate Asia (WGSRPD:3),native range,en,
141264585,Asia,native range,en,
141264585,Australasia (WGSRPD:5),native range,en,
141264587,Pantropical,native range,en,
141264589,Southern America (WGSRPD:8),native range,en,
141264591,Southern America (WGSRPD:8),native range,en,
141264592,Northern America (WGSRPD:7),native range,en,
141264594,Africa (WGSRPD:2),native range,en,
141264594,Europe (WGSRPD:1),native range,en,
141264594,temperate Asia (WGSRPD:3),native range,en,
141264596,Australasia (WGSRPD:5),native range,en,
141264598,Southern America (WGSRPD:8),native range,en,
141264600,Europe (WGSRPD:1),native range,en,
141264600,temperate Asia (WGSRPD:3),native range,en,
141264601,Northern America (WGSRPD:7),native range,en,
141264603,Southern America (WGSRPD:8),native range,en,
141264605,temperate Asia (WGSRPD:3),native range,en,
141264607,Europe (WGSRPD:1),native range,en,
141264608,temperate Asia (WGSRPD:3),native range,en,
141264609,tropical Asia (WGSRPD:4),native range,en,
141264610,Northern America (WGSRPD:7),native range,en,
141264612,temperate Asia (WGSRPD:3),native range,en,
141264614,cultivated origin,native range,en,
141264616,Africa (WGSRPD:2),native range,en,
141264616,Europe (WGSRPD:1),native range,en,
141264616,temperate Asia (WGSRPD:3),native range,en,
141264617,Africa (WGSRPD:2),native range,en,
141264619,Northern America (WGSRPD:7),native range,en,
141264621,Southern America (WGSRPD:8),native range,en,
141264623,pan-American,native range,en,
141264624,Southern America (WGSRPD:8),native range,en,
141264625,Asia,native range,en,
141264625,Europe (WGSRPD:1),native range,en,
141264627,Northern America (WGSRPD:7),native range,en,
141264629,Europe (WGSRPD:1),native range,en,
141264630,Africa (WGSRPD:2),native range,en,
141264630,Europe (WGSRPD:1),native range,en,
141264630,temperate Asia (WGSRPD:3),native range,en,
141264631,Europe (WGSRPD:1),native range,en,
141264633,hybrid origin,native range,en,
141264634,Europe (WGSRPD:1),native range,en,
141264634,temperate Asia (WGSRPD:3),native range,en,
141264635,Europe (WGSRPD:1),native range,en,
141264637,pan-American,native range,en,
141264639,Northern America (WGSRPD:7),native range,en,
141264640,Southern America (WGSRPD:8),native range,en,
141264642,cultivated origin,native range,en,
141264644,Europe (WGSRPD:1),native range,en,
141264644,temperate Asia (WGSRPD:3),native range,en,
141264645,Africa (WGSRPD:2),native range,en,
141264646,Northern America (WGSRPD:7),native range,en,
141264647,Europe (WGSRPD:1),native range,en,
141264647,temperate Asia (WGSRPD:3),native range,en,
141264648,Northern America (WGSRPD:7),native range,en,
141264649,Africa (WGSRPD:2),native range,en,
141264649,Europe (WGSRPD:1),native range,en,
141264649,temperate Asia (WGSRPD:3),native range,en,
141264650,Europe (WGSRPD:1),native range,en,
141264652,Northern America (WGSRPD:7),native range,en,
141264654,Northern America (WGSRPD:7),native range,en,
141264655,pan-American,native range,en,
141264656,Pantropical,native range,en,
141264659,Northern America (WGSRPD:7),native range,en,
141264660,cultivated origin,native range,en,
141264661,temperate Asia (WGSRPD:3),native range,en,
141264663,temperate Asia (WGSRPD:3),native range,en,
141264665,Asia,native range,en,
141264665,Europe (WGSRPD:1),native range,en,
141264666,temperate Asia (WGSRPD:3),native range,en,
141264668,Northern America (WGSRPD:7),native range,en,
141264670,Africa (WGSRPD:2),native range,en,
141264672,temperate Asia (WGSRPD:3),native range,en,
141264673,temperate Asia (WGSRPD:3),native range,en,
141264674,temperate Asia (WGSRPD:3),native range,en,
141264675,temperate Asia (WGSRPD:3),native range,en,
141264677,temperate Asia (WGSRPD:3),native range,en,
141264679,temperate Asia (WGSRPD:3),native range,en,
141264681,Northern America (WGSRPD:7),native range,en,
141264681,temperate Asia (WGSRPD:3),native range,en,
141264683,temperate Asia (WGSRPD:3),native range,en,
141264685,Africa (WGSRPD:2),native range,en,
141264685,Europe (WGSRPD:1),native range,en,
141264685,temperate Asia (WGSRPD:3),native range,en,
141264686,Africa (WGSRPD:2),native range,en,
141264686,Europe (WGSRPD:1),native range,en,
141264687,Europe (WGSRPD:1),native range,en,
141264688,Africa (WGSRPD:2),native range,en,
141264688,Europe (WGSRPD:1),native range,en,
141264690,Africa (WGSRPD:2),native range,en,
141264690,Europe (WGSRPD:1),native range,en,
141264690,temperate Asia (WGSRPD:3),native range,en,
141264691,temperate Asia (WGSRPD:3),native range,en,
141264692,Northern America (WGSRPD:7),native range,en,
141264694,Europe (WGSRPD:1),native range,en,
141264695,pan-American,native range,en,
141264697,temperate Asia (WGSRPD:3),native range,en,
141264699,Europe (WGSRPD:1),native range,en,
141264700,cultivated origin,native range,en,
141264702,Africa (WGSRPD:2),native range,en,
141264702,Europe (WGSRPD:1),native range,en,
141264702,temperate Asia (WGSRPD:3),native range,en,
141264703,Europe (WGSRPD:1),native range,en,
141264705,Northern America (WGSRPD:7),native range,en,
141264706,Africa (WGSRPD:2),native range,en,
141264706,Europe (WGSRPD:1),native range,en,
141264706,temperate Asia (WGSRPD:3),native range,en,
141264708,Europe (WGSRPD:1),native range,en,
141264708,temperate Asia (WGSRPD:3),native range,en,
141264709,Northern America (WGSRPD:7),native range,en,
141264711,Africa (WGSRPD:2),native range,en,
141264711,Europe (WGSRPD:1),native range,en,
141264711,temperate Asia (WGSRPD:3),native range,en,
141264712,Africa (WGSRPD:2),native range,en,
141264712,Europe (WGSRPD:1),native range,en,
141264714,Africa (WGSRPD:2),native range,en,
141264714,Asia,native range,en,
141264714,Europe (WGSRPD:1),native range,en,
141264715,Southern America (WGSRPD:8),native range,en,
141264717,cultivated origin,native range,en,
141264718,temperate Asia (WGSRPD:3),native range,en,
141264719,cultivated origin,native range,en,
141264721,Africa (WGSRPD:2),native range,en,
141264721,Europe (WGSRPD:1),native range,en,
141264722,Europe (WGSRPD:1),native range,en,
141264723,Northern America (WGSRPD:7),native range,en,
141264724,Africa (WGSRPD:2),native range,en,
141264724,Europe (WGSRPD:1),native range,en,
141264724,temperate Asia (WGSRPD:3),native range,en,
141264725,Africa (WGSRPD:2),native range,en,
141264725,Asia,native range,en,
141264725,Europe (WGSRPD:1),native range,en,
141264727,temperate Asia (WGSRPD:3),native range,en,
141264728,Northern America (WGSRPD:7),native range,en,
141264729,temperate Asia (WGSRPD:3),native range,en,
141264730,temperate Asia (WGSRPD:3),native range,en,
141264732,Europe (WGSRPD:1),native range,en,
141264732,temperate Asia (WGSRPD:3),native range,en,
141264734,Northern America (WGSRPD:7),native range,en,
141264735,temperate Asia (WGSRPD:3),native range,en,
141264737,temperate Asia (WGSRPD:3),native range,en,
141264738,Europe (WGSRPD:1),native range,en,
141264740,Europe (WGSRPD:1),native range,en,
141264741,Europe (WGSRPD:1),native range,en,
141264742,Europe (WGSRPD:1),native range,en,
141264744,Europe (WGSRPD:1),native range,en,
141264745,Northern America (WGSRPD:7),native range,en,
141264746,temperate Asia (WGSRPD:3),native range,en,
141264747,Northern America (WGSRPD:7),native range,en,
141264749,Northern America (WGSRPD:7),native range,en,
141264750,temperate Asia (WGSRPD:3),native range,en,
141264752,Europe (WGSRPD:1),native range,en,
141264752,temperate Asia (WGSRPD:3),native range,en,
141264753,cultivated origin,native range,en,
141264754,Europe (WGSRPD:1),native range,en,
141264754,temperate Asia (WGSRPD:3),native range,en,
141264755,Africa (WGSRPD:2),native range,en,
141264755,Europe (WGSRPD:1),native range,en,
141264755,temperate Asia (WGSRPD:3),native range,en,
141264756,Africa (WGSRPD:2),native range,en,
141264756,Europe (WGSRPD:1),native range,en,
141264756,temperate Asia (WGSRPD:3),native range,en,
141264757,Northern America (WGSRPD:7),native range,en,
141264759,Europe (WGSRPD:1),native range,en,
141264760,Africa (WGSRPD:2),native range,en,
141264760,Europe (WGSRPD:1),native range,en,
141264760,temperate Asia (WGSRPD:3),native range,en,
141264761,Europe (WGSRPD:1),native range,en,
141264762,Africa (WGSRPD:2),native range,en,
141264762,Europe (WGSRPD:1),native range,en,
141264762,temperate Asia (WGSRPD:3),native range,en,
141264763,Africa (WGSRPD:2),native range,en,
141264765,Europe (WGSRPD:1),native range,en,
141264765,temperate Asia (WGSRPD:3),native range,en,
141264766,Northern America (WGSRPD:7),native range,en,
141264767,hybrid origin,native range,en,
141264769,Northern America (WGSRPD:7),native range,en,
141264770,temperate Asia (WGSRPD:3),native range,en,
141264772,temperate Asia (WGSRPD:3),native range,en,
141264774,hybrid origin,native range,en,
141264775,Europe (WGSRPD:1),native range,en,
141264776,Europe (WGSRPD:1),native range,en,
141264776,temperate Asia (WGSRPD:3),native range,en,
141264777,Europe (WGSRPD:1),native range,en,
141264777,temperate Asia (WGSRPD:3),native range,en,
141264778,hybrid origin,native range,en,
141264779,Europe (WGSRPD:1),native range,en,
141264779,temperate Asia (WGSRPD:3),native range,en,
141264780,Northern America (WGSRPD:7),native range,en,
141264781,Europe (WGSRPD:1),native range,en,
141264781,temperate Asia (WGSRPD:3),native range,en,
141264783,Southern America (WGSRPD:8),native range,en,
141264784,Southern America (WGSRPD:8),native range,en,
141264786,Northern America (WGSRPD:7),native range,en,
141264787,Northern America (WGSRPD:7),native range,en,
141264788,Europe (WGSRPD:1),native range,en,
141264788,temperate Asia (WGSRPD:3),native range,en,
141264789,Northern America (WGSRPD:7),native range,en,
141264790,Northern America (WGSRPD:7),native range,en,
141264791,Northern America (WGSRPD:7),native range,en,
141264792,Northern America (WGSRPD:7),native range,en,
141264793,Northern America (WGSRPD:7),native range,en,
141264794,Northern America (WGSRPD:7),native range,en,
141264796,temperate Asia (WGSRPD:3),native range,en,
141264797,Europe (WGSRPD:1),native range,en,
141264797,temperate Asia (WGSRPD:3),native range,en,
141264798,temperate Asia (WGSRPD:3),native range,en,
141264799,temperate Asia (WGSRPD:3),native range,en,
141264800,cultivated origin,native range,en,
141264801,temperate Asia (WGSRPD:3),native range,en,
141264802,temperate Asia (WGSRPD:3),native range,en,
141264804,Pantropical,native range,en,
141264805,Southern America (WGSRPD:8),native range,en,
141264806,Africa (WGSRPD:2),native range,en,
141264806,Europe (WGSRPD:1),native range,en,
141264806,temperate Asia (WGSRPD:3),native range,en,
141264807,Europe (WGSRPD:1),native range,en,
141264808,Europe (WGSRPD:1),native range,en,
141264809,Northern America (WGSRPD:7),native range,en,
141264810,Pantropical,native range,en,
141264811,pan-American,native range,en,
141264813,Africa (WGSRPD:2),native range,en,
141264813,temperate Asia (WGSRPD:3),native range,en,
141264814,temperate Asia (WGSRPD:3),native range,en,
141264816,Africa (WGSRPD:2),native range,en,
141264818,temperate Asia (WGSRPD:3),native range,en,
141264819,temperate Asia (WGSRPD:3),native range,en,
141264820,pan-American,native range,en,
141264821,Europe (WGSRPD:1),native range,en,
141264822,Europe (WGSRPD:1),native range,en,
141264822,temperate Asia (WGSRPD:3),native range,en,
141264823,Africa (WGSRPD:2),native range,en,
141264824,temperate Asia (WGSRPD:3),native range,en,
141264825,Northern America (WGSRPD:7),native range,en,
141264827,Northern America (WGSRPD:7),native range,en,
141264829,temperate Asia (WGSRPD:3),native range,en,
141264831,Africa (WGSRPD:2),native range,en,
141264831,Europe (WGSRPD:1),native range,en,
141264831,temperate Asia (WGSRPD:3),native range,en,
141264832,Europe (WGSRPD:1),native range,en,
141264832,Northern America (WGSRPD:7),native range,en,
141264832,temperate Asia (WGSRPD:3),native range,en,
141264833,Africa (WGSRPD:2),native range,en,
141264833,Europe (WGSRPD:1),native range,en,
141264833,temperate Asia (WGSRPD:3),native range,en,
141264834,Europe (WGSRPD:1),native range,en,
141264835,hybrid origin,native range,en,
141264837,Northern America (WGSRPD:7),native range,en,
141264838,Southern America (WGSRPD:8),native range,en,
141264840,hybrid origin,native range,en,
141264841,Europe (WGSRPD:1),native range,en,
141264841,temperate Asia (WGSRPD:3),native range,en,
141264844,Asia,native range,en,
141264846,Northern America (WGSRPD:7),native range,en,
141264847,Europe (WGSRPD:1),native range,en,
141264847,temperate Asia (WGSRPD:3),native range,en,
141264848,Northern America (WGSRPD:7),native range,en,
141264849,cultivated origin,native range,en,
141264850,temperate Asia (WGSRPD:3),native range,en,
141264852,temperate Asia (WGSRPD:3),native range,en,
141264853,temperate Asia (WGSRPD:3),native range,en,
141264854,temperate Asia (WGSRPD:3),native range,en,
141264855,Northern America (WGSRPD:7),native range,en,
141264856,temperate Asia (WGSRPD:3),native range,en,
141264857,Asia,native range,en,
141264858,Africa (WGSRPD:2),native range,en,
141264858,Australasia (WGSRPD:5),native range,en,
141264858,Southern America (WGSRPD:8),native range,en,
141264858,tropical Asia (WGSRPD:4),native range,en,
141264860,temperate Asia (WGSRPD:3),native range,en,
141264861,temperate Asia (WGSRPD:3),native range,en,
141264862,temperate Asia (WGSRPD:3),native range,en,
141264863,temperate Asia (WGSRPD:3),native range,en,
141264864,Europe (WGSRPD:1),native range,en,
141264864,temperate Asia (WGSRPD:3),native range,en,
141264866,Europe (WGSRPD:1),native range,en,
141264866,Northern America (WGSRPD:7),native range,en,
141264868,Northern America (WGSRPD:7),native range,en,
141264869,Africa (WGSRPD:2),native range,en,
141264869,Europe (WGSRPD:1),native range,en,
141264869,temperate Asia (WGSRPD:3),native range,en,
141264870,Europe (WGSRPD:1),native range,en,
141264870,temperate Asia (WGSRPD:3),native range,en,
141264871,cultivated origin,native range,en,
141264872,Northern America (WGSRPD:7),native range,en,
141264873,Northern America (WGSRPD:7),native range,en,
141264875,Europe (WGSRPD:1),native range,en,
141264876,temperate Asia (WGSRPD:3),native range,en,
141264878,pan-American,native range,en,
141264879,Southern America (WGSRPD:8),native range,en,
141264881,Europe (WGSRPD:1),native range,en,
141264882,Southern America (WGSRPD:8),native range,en,
141264883,Africa (WGSRPD:2),native range,en,
141264883,Europe (WGSRPD:1),native range,en,
141264883,temperate Asia (WGSRPD:3),native range,en,
141264884,Southern America (WGSRPD:8),native range,en,
141264885,Africa (WGSRPD:2),native range,en,
141264885,Europe (WGSRPD:1),native range,en,
141264885,temperate Asia (WGSRPD:3),native range,en,
141264886,temperate Asia (WGSRPD:3),native range,en,
141264887,Pantropical,native range,en,
141264888,Australasia (WGSRPD:5),native range,en,
141264890,cultivated origin,native range,en,
141264891,pan-American,native range,en,
141264892,Southern America (WGSRPD:8),native range,en,
141264893,Pantropical,native range,en,
141264894,Northern America (WGSRPD:7),native range,en,
141264895,Southern America (WGSRPD:8),native range,en,
141264896,Asia,native range,en,
141264898,Europe (WGSRPD:1),native range,en,
141264898,temperate Asia (WGSRPD:3),native range,en,
141264899,Europe (WGSRPD:1),native range,en,
141264899,temperate Asia (WGSRPD:3),native range,en,
141264900,temperate Asia (WGSRPD:3),native range,en,
141264901,Africa (WGSRPD:2),native range,en,
141264901,Europe (WGSRPD:1),native range,en,
141264901,temperate Asia (WGSRPD:3),native range,en,
141264902,Europe (WGSRPD:1),native range,en,
141264903,Africa (WGSRPD:2),native range,en,
141264903,Europe (WGSRPD:1),native range,en,
141264904,Africa (WGSRPD:2),native range,en,
141264904,Europe (WGSRPD:1),native range,en,
141264904,temperate Asia (WGSRPD:3),native range,en,
141264905,Northern America (WGSRPD:7),native range,en,
141264906,temperate Asia (WGSRPD:3),native range,en,
141264907,temperate Asia (WGSRPD:3),native range,en,
141264909,Northern America (WGSRPD:7),native range,en,
141264911,Northern America (WGSRPD:7),native range,en,
141264913,cultivated origin,native range,en,
141264914,cultivated origin,native range,en,
141264915,Europe (WGSRPD:1),native range,en,
141264916,temperate Asia (WGSRPD:3),native range,en,
141264917,temperate Asia (WGSRPD:3),native range,en,
141264918,cultivated origin,native range,en,
141264919,temperate Asia (WGSRPD:3),native range,en,
141264920,temperate Asia (WGSRPD:3),native range,en,
141264921,Northern America (WGSRPD:7),native range,en,
141264922,temperate Asia (WGSRPD:3),native range,en,
141264923,cultivated origin,native range,en,
141264924,temperate Asia (WGSRPD:3),native range,en,
141264925,Southern America (WGSRPD:8),native range,en,
141264927,Europe (WGSRPD:1),native range,en,
141264928,Northern America (WGSRPD:7),native range,en,
141264929,Northern America (WGSRPD:7),native range,en,
141264930,Europe (WGSRPD:1),native range,en,
141264930,temperate Asia (WGSRPD:3),native range,en,
141264931,Northern America (WGSRPD:7),native range,en,
141264932,Europe (WGSRPD:1),native range,en,
141264934,Europe (WGSRPD:1),native range,en,
141264935,Europe (WGSRPD:1),native range,en,
141264935,temperate Asia (WGSRPD:3),native range,en,
141264936,Northern America (WGSRPD:7),native range,en,
141264937,Europe (WGSRPD:1),native range,en,
141264937,Northern America (WGSRPD:7),native range,en,
141264937,temperate Asia (WGSRPD:3),native range,en,
141264938,Northern America (WGSRPD:7),native range,en,
141264939,Northern America (WGSRPD:7),native range,en,
141264940,Europe (WGSRPD:1),native range,en,
141264940,Northern America (WGSRPD:7),native range,en,
141264940,temperate Asia (WGSRPD:3),native range,en,
141264942,Northern America (WGSRPD:7),native range,en,
141264944,Northern America (WGSRPD:7),native range,en,
141264945,pan-American,native range,en,
141264946,Southern America (WGSRPD:8),native range,en,
141264947,temperate Asia (WGSRPD:3),native range,en,
141264948,Africa (WGSRPD:2),native range,en,
141264948,Europe (WGSRPD:1),native range,en,
141264948,temperate Asia (WGSRPD:3),native range,en,
141264949,Southern America (WGSRPD:8),native range,en,
141264950,Africa (WGSRPD:2),native range,en,
141264950,Europe (WGSRPD:1),native range,en,
141264950,temperate Asia (WGSRPD:3),native range,en,
141264951,pan-American,native range,en,
141264952,Southern America (WGSRPD:8),native range,en,
141264953,Africa (WGSRPD:2),native range,en,
141264953,Europe (WGSRPD:1),native range,en,
141264953,temperate Asia (WGSRPD:3),native range,en,
141264954,Northern America (WGSRPD:7),native range,en,
141264955,Southern America (WGSRPD:8),native range,en,
141264956,pan-American,native range,en,
141264957,Northern America (WGSRPD:7),native range,en,
141264958,temperate Asia (WGSRPD:3),native range,en,
141264959,temperate Asia (WGSRPD:3),native range,en,
141264960,Southern America (WGSRPD:8),native range,en,
141264961,Southern America (WGSRPD:8),native range,en,
141264962,Europe (WGSRPD:1),native range,en,
141264962,temperate Asia (WGSRPD:3),native range,en,
141264963,Northern America (WGSRPD:7),native range,en,
141264964,Africa (WGSRPD:2),native range,en,
141264964,Europe (WGSRPD:1),native range,en,
141264964,temperate Asia (WGSRPD:3),native range,en,
141264966,pan-American,native range,en,
141264967,Africa (WGSRPD:2),native range,en,
141264968,Pantropical,native range,en,
141264969,temperate Asia (WGSRPD:3),native range,en,
141264970,Africa (WGSRPD:2),native range,en,
141264971,pan-American,native range,en,
141264972,cultivated origin,native range,en,
141264973,Northern America (WGSRPD:7),native range,en,
141264973,temperate Asia (WGSRPD:3),native range,en,
141264974,Europe (WGSRPD:1),native range,en,
141264976,temperate Asia (WGSRPD:3),native range,en,
141264978,Europe (WGSRPD:1),native range,en,
141264978,temperate Asia (WGSRPD:3),native range,en,
141264979,Europe (WGSRPD:1),native range,en,
141264979,temperate Asia (WGSRPD:3),native range,en,
141264981,Europe (WGSRPD:1),native range,en,
141264983,Northern America (WGSRPD:7),native range,en,
141264984,Southern America (WGSRPD:8),native range,en,
141264985,Southern America (WGSRPD:8),native range,en,
141264986,Northern America (WGSRPD:7),native range,en,
141264987,Northern America (WGSRPD:7),native range,en,
141264988,Northern America (WGSRPD:7),native range,en,
141264989,Southern America (WGSRPD:8),native range,en,
141264990,Africa (WGSRPD:2),native range,en,
141264990,Europe (WGSRPD:1),native range,en,
141264990,temperate Asia (WGSRPD:3),native range,en,
141264991,Southern America (WGSRPD:8),native range,en,
141264992,cultivated origin,native range,en,
141264995,cultivated origin,native range,en,
141264996,Africa (WGSRPD:2),native range,en,
141264996,Europe (WGSRPD:1),native range,en,
141264996,temperate Asia (WGSRPD:3),native range,en,
141264997,Europe (WGSRPD:1),native range,en,
141264997,temperate Asia (WGSRPD:3),native range,en,
141264999,Northern America (WGSRPD:7),native range,en,
141265000,Northern America (WGSRPD:7),native range,en,
141265002,Northern America (WGSRPD:7),native range,en,
141265004,Northern America (WGSRPD:7),native range,en,
141265005,Northern America (WGSRPD:7),native range,en,
141265006,Africa (WGSRPD:2),native range,en,
141265006,Europe (WGSRPD:1),native range,en,
141265006,temperate Asia (WGSRPD:3),native range,en,
141265007,Northern America (WGSRPD:7),native range,en,
141265008,cultivated origin,native range,en,
141265009,Europe (WGSRPD:1),native range,en,
141265009,temperate Asia (WGSRPD:3),native range,en,
141265010,temperate Asia (WGSRPD:3),native range,en,
141265011,temperate Asia (WGSRPD:3),native range,en,
141265012,cultivated origin,native range,en,
141265013,Northern America (WGSRPD:7),native range,en,
141265014,temperate Asia (WGSRPD:3),native range,en,
141265015,Europe (WGSRPD:1),native range,en,
141265016,Northern America (WGSRPD:7),native range,en,
141265017,Northern America (WGSRPD:7),native range,en,
141265018,cultivated origin,native range,en,
141265019,temperate Asia (WGSRPD:3),native range,en,
141265020,Europe (WGSRPD:1),native range,en,
141265020,temperate Asia (WGSRPD:3),native range,en,
141265022,cultivated origin,native range,en,
141265023,Africa (WGSRPD:2),native range,en,
141265023,Europe (WGSRPD:1),native range,en,
141265023,temperate Asia (WGSRPD:3),native range,en,
141265024,cultivated origin,native range,en,
141265025,Europe (WGSRPD:1),native range,en,
141265026,Asia,native range,en,
141265026,Europe (WGSRPD:1),native range,en,
141265027,temperate Asia (WGSRPD:3),native range,en,
141265028,Europe (WGSRPD:1),native range,en,
141265030,Northern America (WGSRPD:7),native range,en,
141265031,pan-American,native range,en,
141265033,temperate Asia (WGSRPD:3),native range,en,
141265035,Europe (WGSRPD:1),native range,en,
141265035,temperate Asia (WGSRPD:3),native range,en,
141265036,Africa (WGSRPD:2),native range,en,
141265037,temperate Asia (WGSRPD:3),native range,en,
141265038,Africa (WGSRPD:2),native range,en,
141265038,Europe (WGSRPD:1),native range,en,
141265038,temperate Asia (WGSRPD:3),native range,en,
141265039,Europe (WGSRPD:1),native range,en,
141265040,Australasia (WGSRPD:5),native range,en,
141265040,Southern America (WGSRPD:8),native range,en,
141265041,temperate Asia (WGSRPD:3),native range,en,
141265042,temperate Asia (WGSRPD:3),native range,en,
141265043,Europe (WGSRPD:1),native range,en,
141265044,cultivated origin,native range,en,
141265045,Europe (WGSRPD:1),native range,en,
141265045,temperate Asia (WGSRPD:3),native range,en,
141265046,temperate Asia (WGSRPD:3),native range,en,
141265047,Europe (WGSRPD:1),native range,en,
141265047,temperate Asia (WGSRPD:3),native range,en,
141265048,Africa (WGSRPD:2),native range,en,
141265048,Australasia (WGSRPD:5),native range,en,
141265049,temperate Asia (WGSRPD:3),native range,en,
141265050,Australasia (WGSRPD:5),native range,en,
141265051,Africa (WGSRPD:2),native range,en,
141265051,Europe (WGSRPD:1),native range,en,
141265051,temperate Asia (WGSRPD:3),native range,en,
141265052,Europe (WGSRPD:1),native range,en,
141265053,hybrid origin,native range,en,
141265054,temperate Asia (WGSRPD:3),native range,en,
141265055,Europe (WGSRPD:1),native range,en,
141265055,temperate Asia (WGSRPD:3),native range,en,
141265057,temperate Asia (WGSRPD:3),native range,en,
141265058,temperate Asia (WGSRPD:3),native range,en,
141265060,cultivated origin,native range,en,
141265061,Africa (WGSRPD:2),native range,en,
141265062,pan-American,native range,en,
141265063,Pantropical,native range,en,
141265064,temperate Asia (WGSRPD:3),native range,en,
141265065,Northern America (WGSRPD:7),native range,en,
141265066,Northern America (WGSRPD:7),native range,en,
141265067,Southern America (WGSRPD:8),native range,en,
141265068,Africa (WGSRPD:2),native range,en,
141265069,pan-American,native range,en,
141265070,Australasia (WGSRPD:5),native range,en,
141265071,Northern America (WGSRPD:7),native range,en,
141265072,hybrid origin,native range,en,
141265073,Northern America (WGSRPD:7),native range,en,
141265074,Australasia (WGSRPD:5),native range,en,
141265075,Northern America (WGSRPD:7),native range,en,
141265076,hybrid origin,native range,en,
141265078,temperate Asia (WGSRPD:3),native range,en,
141265079,Northern America (WGSRPD:7),native range,en,
141265079,temperate Asia (WGSRPD:3),native range,en,
141265080,Northern America (WGSRPD:7),native range,en,
141265081,Africa (WGSRPD:2),native range,en,
141265081,Europe (WGSRPD:1),native range,en,
141265081,temperate Asia (WGSRPD:3),native range,en,
141265082,Southern America (WGSRPD:8),native range,en,
141265083,cultivated origin,native range,en,
141265084,pan-American,native range,en,
141265085,Southern America (WGSRPD:8),native range,en,
141265086,Northern America (WGSRPD:7),native range,en,
141265087,hybrid origin,native range,en,
141265088,Africa (WGSRPD:2),native range,en,
141265088,Europe (WGSRPD:1),native range,en,
141265088,temperate Asia (WGSRPD:3),native range,en,
141265089,Europe (WGSRPD:1),native range,en,
141265090,Europe (WGSRPD:1),native range,en,
141265091,Europe (WGSRPD:1),native range,en,
141265091,temperate Asia (WGSRPD:3),native range,en,
141265092,Northern America (WGSRPD:7),native range,en,
141265093,Africa (WGSRPD:2),native range,en,
141265093,Europe (WGSRPD:1),native range,en,
141265093,temperate Asia (WGSRPD:3),native range,en,
141265094,Africa (WGSRPD:2),native range,en,
141265094,Europe (WGSRPD:1),native range,en,
141265094,temperate Asia (WGSRPD:3),native range,en,
141265095,Europe (WGSRPD:1),native range,en,
141265096,Europe (WGSRPD:1),native range,en,
141265097,Africa (WGSRPD:2),native range,en,
141265097,Asia,native range,en,
141265097,Europe (WGSRPD:1),native range,en,
141265098,Europe (WGSRPD:1),native range,en,
141265099,pan-American,native range,en,
141265100,Pantropical,native range,en,
141265101,Northern America (WGSRPD:7),native range,en,
141265102,Africa (WGSRPD:2),native range,en,
141265103,Southern America (WGSRPD:8),native range,en,
141265104,Northern America (WGSRPD:7),native range,en,
141265105,Africa (WGSRPD:2),native range,en,
141265105,Australasia (WGSRPD:5),native range,en,
141265106,pan-American,native range,en,
141265107,pan-American,native range,en,
141265108,hybrid origin,native range,en,
141265109,Australasia (WGSRPD:5),native range,en,
141265110,Australasia (WGSRPD:5),native range,en,
141265110,tropical Asia (WGSRPD:4),native range,en,
141265111,Northern America (WGSRPD:7),native range,en,
141265112,Europe (WGSRPD:1),native range,en,
141265113,Northern America (WGSRPD:7),native range,en,
141265114,Africa (WGSRPD:2),native range,en,
141265114,Europe (WGSRPD:1),native range,en,
141265114,temperate Asia (WGSRPD:3),native range,en,
141265115,Northern America (WGSRPD:7),native range,en,
141265115,temperate Asia (WGSRPD:3),native range,en,
141265116,Northern America (WGSRPD:7),native range,en,
141265117,Europe (WGSRPD:1),native range,en,
141265118,hybrid origin,native range,en,
141265119,Africa (WGSRPD:2),native range,en,
141265120,Europe (WGSRPD:1),native range,en,
141265120,temperate Asia (WGSRPD:3),native range,en,
141265121,Northern America (WGSRPD:7),native range,en,
141265122,Africa (WGSRPD:2),native range,en,
141265123,Africa (WGSRPD:2),native range,en,
141265123,Europe (WGSRPD:1),native range,en,
141265124,Northern America (WGSRPD:7),native range,en,
141265125,Northern America (WGSRPD:7),native range,en,
141265126,Northern America (WGSRPD:7),native range,en,
141265127,pan-American,native range,en,
141265128,Africa (WGSRPD:2),native range,en,
141265128,Australasia (WGSRPD:5),native range,en,
141265129,hybrid origin,native range,en,
141265130,Southern America (WGSRPD:8),native range,en,
141265131,Africa (WGSRPD:2),native range,en,
141265131,Europe (WGSRPD:1),native range,en,
141265132,Africa (WGSRPD:2),native range,en,
141265132,Europe (WGSRPD:1),native range,en,
141265132,temperate Asia (WGSRPD:3),native range,en,
141265133,Northern America (WGSRPD:7),native range,en,
141265134,Africa (WGSRPD:2),native range,en,
141265135,Europe (WGSRPD:1),native range,en,
141265136,Europe (WGSRPD:1),native range,en,
141265136,temperate Asia (WGSRPD:3),native range,en,
141265137,Northern America (WGSRPD:7),native range,en,
141265138,Africa (WGSRPD:2),native range,en,
141265139,Africa (WGSRPD:2),native range,en,
141265139,Europe (WGSRPD:1),native range,en,
141265139,temperate Asia (WGSRPD:3),native range,en,
141265140,Europe (WGSRPD:1),native range,en,
141265141,Southern America (WGSRPD:8),native range,en,
141265142,Africa (WGSRPD:2),native range,en,
141265142,Europe (WGSRPD:1),native range,en,
141265143,Africa (WGSRPD:2),native range,en,
141265143,Europe (WGSRPD:1),native range,en,
141265143,temperate Asia (WGSRPD:3),native range,en,
141265144,Africa (WGSRPD:2),native range,en,
141265145,Europe (WGSRPD:1),native range,en,
141265146,Northern America (WGSRPD:7),native range,en,
141265147,temperate Asia (WGSRPD:3),native range,en,
141265148,Africa (WGSRPD:2),native range,en,
141265148,Europe (WGSRPD:1),native range,en,
141265148,temperate Asia (WGSRPD:3),native range,en,
141265149,Northern America (WGSRPD:7),native range,en,
141265150,Europe (WGSRPD:1),native range,en,
141265150,temperate Asia (WGSRPD:3),native range,en,
141265151,Europe (WGSRPD:1),native range,en,
141265152,Africa (WGSRPD:2),native range,en,
141265152,Europe (WGSRPD:1),native range,en,
141265152,temperate Asia (WGSRPD:3),native range,en,
141265153,Europe (WGSRPD:1),native range,en,
141265153,temperate Asia (WGSRPD:3),native range,en,
141265154,hybrid origin,native range,en,
141265155,Europe (WGSRPD:1),native range,en,
141265156,Africa (WGSRPD:2),native range,en,
141265156,Europe (WGSRPD:1),native range,en,
141265156,temperate Asia (WGSRPD:3),native range,en,
141265157,Europe (WGSRPD:1),native range,en,
141265157,temperate Asia (WGSRPD:3),native range,en,
141265158,Southern America (WGSRPD:8),native range,en,
141265159,temperate Asia (WGSRPD:3),native range,en,
141265160,Europe (WGSRPD:1),native range,en,
141265161,Africa (WGSRPD:2),native range,en,
141265161,Europe (WGSRPD:1),native range,en,
141265161,temperate Asia (WGSRPD:3),native range,en,
141265162,Northern America (WGSRPD:7),native range,en,
141265163,temperate Asia (WGSRPD:3),native range,en,
141265164,Northern America (WGSRPD:7),native range,en,
141265165,pan-American,native range,en,
141265166,Northern America (WGSRPD:7),native range,en,
141265167,hybrid origin,native range,en,
141265168,Europe (WGSRPD:1),native range,en,
141265169,Australasia (WGSRPD:5),native range,en,
141265170,Africa (WGSRPD:2),native range,en,
141265170,Europe (WGSRPD:1),native range,en,
141265170,temperate Asia (WGSRPD:3),native range,en,
141265171,Northern America (WGSRPD:7),native range,en,
141265172,Europe (WGSRPD:1),native range,en,
141265172,temperate Asia (WGSRPD:3),native range,en,
141265173,Europe (WGSRPD:1),native range,en,
141265174,Southern America (WGSRPD:8),native range,en,
141265175,pan-American,native range,en,
141265176,temperate Asia (WGSRPD:3),native range,en,
141265177,Northern America (WGSRPD:7),native range,en,
141265178,Africa (WGSRPD:2),native range,en,
141265178,Europe (WGSRPD:1),native range,en,
141265179,Europe (WGSRPD:1),native range,en,
141265180,Africa (WGSRPD:2),native range,en,
141265180,Europe (WGSRPD:1),native range,en,
141265180,temperate Asia (WGSRPD:3),native range,en,
141265181,cultivated origin,native range,en,
141265182,Europe (WGSRPD:1),native range,en,
141265183,pan-American,native range,en,
141265184,Southern America (WGSRPD:8),native range,en,
141265185,Australasia (WGSRPD:5),native range,en,
141265186,Africa (WGSRPD:2),native range,en,
141265186,Europe (WGSRPD:1),native range,en,
141265187,Europe (WGSRPD:1),native range,en,
141265187,temperate Asia (WGSRPD:3),native range,en,
141265188,Northern America (WGSRPD:7),native range,en,
141265189,Africa (WGSRPD:2),native range,en,
141265189,Europe (WGSRPD:1),native range,en,
141265190,Europe (WGSRPD:1),native range,en,
141265191,Australasia (WGSRPD:5),native range,en,
141265192,Australasia (WGSRPD:5),native range,en,
141265194,Northern America (WGSRPD:7),native range,en,
141265195,Africa (WGSRPD:2),native range,en,
141265195,Asia,native range,en,
141265196,hybrid origin,native range,en,
141265197,Europe (WGSRPD:1),native range,en,
141265197,temperate Asia (WGSRPD:3),native range,en,
141265198,Australasia (WGSRPD:5),native range,en,
141265199,Southern America (WGSRPD:8),native range,en,
141265200,Northern America (WGSRPD:7),native range,en,
141265201,Africa (WGSRPD:2),native range,en,
141265201,Europe (WGSRPD:1),native range,en,
141265201,temperate Asia (WGSRPD:3),native range,en,
141265202,Africa (WGSRPD:2),native range,en,
141265202,Europe (WGSRPD:1),native range,en,
141265202,temperate Asia (WGSRPD:3),native range,en,
141265203,Asia,native range,en,
141265203,Australasia (WGSRPD:5),native range,en,
141265204,Africa (WGSRPD:2),native range,en,
141265204,Europe (WGSRPD:1),native range,en,
141265205,Europe (WGSRPD:1),native range,en,
141265205,temperate Asia (WGSRPD:3),native range,en,
141265206,Europe (WGSRPD:1),native range,en,
141265206,temperate Asia (WGSRPD:3),native range,en,
141265207,Africa (WGSRPD:2),native range,en,
141265207,Europe (WGSRPD:1),native range,en,
141265208,Australasia (WGSRPD:5),native range,en,
141265209,Africa (WGSRPD:2),native range,en,
141265209,Europe (WGSRPD:1),native range,en,
141265209,temperate Asia (WGSRPD:3),native range,en,
141265210,Northern America (WGSRPD:7),native range,en,
141265211,Europe (WGSRPD:1),native range,en,
141265212,Africa (WGSRPD:2),native range,en,
141265213,Northern America (WGSRPD:7),native range,en,
141265214,Northern America (WGSRPD:7),native range,en,
141265215,Northern America (WGSRPD:7),native range,en,
141265215,temperate Asia (WGSRPD:3),native range,en,
141265216,Africa (WGSRPD:2),native range,en,
141265216,Europe (WGSRPD:1),native range,en,
141265216,temperate Asia (WGSRPD:3),native range,en,
141265217,Australasia (WGSRPD:5),native range,en,
141265218,Europe (WGSRPD:1),native range,en,
141265219,Southern America (WGSRPD:8),native range,en,
141265220,temperate Asia (WGSRPD:3),native range,en,
141265221,Northern America (WGSRPD:7),native range,en,
141265222,Africa (WGSRPD:2),native range,en,
141265222,Europe (WGSRPD:1),native range,en,
141265222,temperate Asia (WGSRPD:3),native range,en,
141265223,temperate Asia (WGSRPD:3),native range,en,
141265224,Europe (WGSRPD:1),native range,en,
141265225,Europe (WGSRPD:1),native range,en,
141265225,temperate Asia (WGSRPD:3),native range,en,
141265226,Northern America (WGSRPD:7),native range,en,
141265227,Southern America (WGSRPD:8),native range,en,
141265228,Europe (WGSRPD:1),native range,en,
141265228,temperate Asia (WGSRPD:3),native range,en,
141265229,Africa (WGSRPD:2),native range,en,
141265229,Europe (WGSRPD:1),native range,en,
141265229,temperate Asia (WGSRPD:3),native range,en,
141265230,Africa (WGSRPD:2),native range,en,
141265230,Europe (WGSRPD:1),native range,en,
141265230,temperate Asia (WGSRPD:3),native range,en,
141265231,pan-American,native range,en,
141265232,Africa (WGSRPD:2),native range,en,
141265233,Northern America (WGSRPD:7),native range,en,
141265234,Europe (WGSRPD:1),native range,en,
141265234,temperate Asia (WGSRPD:3),native range,en,
141265235,cultivated origin,native range,en,
141265236,Southern America (WGSRPD:8),native range,en,
141265237,pan-American,native range,en,
141265238,Europe (WGSRPD:1),native range,en,
141265238,temperate Asia (WGSRPD:3),native range,en,
141265239,Europe (WGSRPD:1),native range,en,
141265239,temperate Asia (WGSRPD:3),native range,en,
141265240,Northern America (WGSRPD:7),native range,en,
141265241,Africa (WGSRPD:2),native range,en,
141265241,Asia,native range,en,
141265241,Europe (WGSRPD:1),native range,en,
141265242,Southern America (WGSRPD:8),native range,en,
141265243,Africa (WGSRPD:2),native range,en,
141265243,Europe (WGSRPD:1),native range,en,
141265243,temperate Asia (WGSRPD:3),native range,en,
141265245,Northern America (WGSRPD:7),native range,en,
141265246,Europe (WGSRPD:1),native range,en,
141265246,temperate Asia (WGSRPD:3),native range,en,
141265247,Northern America (WGSRPD:7),native range,en,
141265248,Africa (WGSRPD:2),native range,en,
141265249,Europe (WGSRPD:1),native range,en,
141265249,temperate Asia (WGSRPD:3),native range,en,
141265250,Africa (WGSRPD:2),native range,en,
141265250,Europe (WGSRPD:1),native range,en,
141265250,temperate Asia (WGSRPD:3),native range,en,
141265251,Northern America (WGSRPD:7),native range,en,
141265252,Africa (WGSRPD:2),native range,en,
141265252,Europe (WGSRPD:1),native range,en,
141265253,Southern America (WGSRPD:8),native range,en,
141265254,Europe (WGSRPD:1),native range,en,
141265255,Northern America (WGSRPD:7),native range,en,
141265256,Northern America (WGSRPD:7),native range,en,
141265257,Europe (WGSRPD:1),native range,en,
141265257,temperate Asia (WGSRPD:3),native range,en,
141265258,Africa (WGSRPD:2),native range,en,
141265258,Europe (WGSRPD:1),native range,en,
141265258,temperate Asia (WGSRPD:3),native range,en,
141265259,Europe (WGSRPD:1),native range,en,
141265260,Europe (WGSRPD:1),native range,en,
141265260,temperate Asia (WGSRPD:3),native range,en,
141265261,pan-American,native range,en,
141265262,Europe (WGSRPD:1),native range,en,
141265263,Northern America (WGSRPD:7),native range,en,
141265264,Africa (WGSRPD:2),native range,en,
141265264,Europe (WGSRPD:1),native range,en,
141265265,Europe (WGSRPD:1),native range,en,
141265266,Northern America (WGSRPD:7),native range,en,
141265267,hybrid origin,native range,en,
141265268,Europe (WGSRPD:1),native range,en,
141265268,temperate Asia (WGSRPD:3),native range,en,
141265269,cultivated origin,native range,en,
141265270,Europe (WGSRPD:1),native range,en,
141265270,temperate Asia (WGSRPD:3),native range,en,
141265271,Southern America (WGSRPD:8),native range,en,
141265272,Europe (WGSRPD:1),native range,en,
141265272,temperate Asia (WGSRPD:3),native range,en,
141265273,Africa (WGSRPD:2),native range,en,
141265273,Europe (WGSRPD:1),native range,en,
141265273,temperate Asia (WGSRPD:3),native range,en,
141265274,Africa (WGSRPD:2),native range,en,
141265275,Europe (WGSRPD:1),native range,en,
141265276,hybrid origin,native range,en,
141265277,Northern America (WGSRPD:7),native range,en,
141265278,hybrid origin,native range,en,
141265279,Northern America (WGSRPD:7),native range,en,
141265280,Europe (WGSRPD:1),native range,en,
141265280,temperate Asia (WGSRPD:3),native range,en,
141265281,Africa (WGSRPD:2),native range,en,
141265281,Europe (WGSRPD:1),native range,en,
141265281,temperate Asia (WGSRPD:3),native range,en,
141265282,temperate Asia (WGSRPD:3),native range,en,
141265283,Europe (WGSRPD:1),native range,en,
141265284,Europe (WGSRPD:1),native range,en,
141265284,temperate Asia (WGSRPD:3),native range,en,
141265285,Southern America (WGSRPD:8),native range,en,
141265286,Asia,native range,en,
141265287,Northern America (WGSRPD:7),native range,en,
141265288,Europe (WGSRPD:1),native range,en,
141265288,temperate Asia (WGSRPD:3),native range,en,
141265289,Europe (WGSRPD:1),native range,en,
141265289,temperate Asia (WGSRPD:3),native range,en,
141265290,hybrid origin,native range,en,
141265291,Northern America (WGSRPD:7),native range,en,
141265292,cultivated origin,native range,en,
141265293,temperate Asia (WGSRPD:3),native range,en,
141265294,Europe (WGSRPD:1),native range,en,
141265295,Northern America (WGSRPD:7),native range,en,
141265296,Europe (WGSRPD:1),native range,en,
141265297,pan-American,native range,en,
141265298,Africa (WGSRPD:2),native range,en,
141265299,Europe (WGSRPD:1),native range,en,
141265299,temperate Asia (WGSRPD:3),native range,en,
141265300,Europe (WGSRPD:1),native range,en,
141265301,Europe (WGSRPD:1),native range,en,
141265302,Northern America (WGSRPD:7),native range,en,
141265303,Northern America (WGSRPD:7),native range,en,
141265304,Africa (WGSRPD:2),native range,en,
141265305,temperate Asia (WGSRPD:3),native range,en,
141265306,Africa (WGSRPD:2),native range,en,
141265306,Europe (WGSRPD:1),native range,en,
141265306,temperate Asia (WGSRPD:3),native range,en,
141265307,pan-American,native range,en,
141265308,Northern America (WGSRPD:7),native range,en,
141265309,Southern America (WGSRPD:8),native range,en,
141265310,Africa (WGSRPD:2),native range,en,
141265311,Africa (WGSRPD:2),native range,en,
141265311,Europe (WGSRPD:1),native range,en,
141265311,temperate Asia (WGSRPD:3),native range,en,
141265312,Northern America (WGSRPD:7),native range,en,
141265313,temperate Asia (WGSRPD:3),native range,en,
141265314,temperate Asia (WGSRPD:3),native range,en,
141265316,Northern America (WGSRPD:7),native range,en,
141265317,Africa (WGSRPD:2),native range,en,
141265317,temperate Asia (WGSRPD:3),native range,en,
141265318,Northern America (WGSRPD:7),native range,en,
141265319,Southern America (WGSRPD:8),native range,en,
141265320,Europe (WGSRPD:1),native range,en,
141265320,temperate Asia (WGSRPD:3),native range,en,
141265321,Europe (WGSRPD:1),native range,en,
141265321,temperate Asia (WGSRPD:3),native range,en,
141265323,Australasia (WGSRPD:5),native range,en,
141265324,Europe (WGSRPD:1),native range,en,
141265324,Northern America (WGSRPD:7),native range,en,
141265324,temperate Asia (WGSRPD:3),native range,en,
141265325,Africa (WGSRPD:2),native range,en,
141265325,Europe (WGSRPD:1),native range,en,
141265325,temperate Asia (WGSRPD:3),native range,en,
141265326,Europe (WGSRPD:1),native range,en,
141265326,temperate Asia (WGSRPD:3),native range,en,
141265327,Northern America (WGSRPD:7),native range,en,
141265328,Europe (WGSRPD:1),native range,en,
141265329,Southern America (WGSRPD:8),native range,en,
141265330,Asia,native range,en,
141265330,Europe (WGSRPD:1),native range,en,
141265331,Europe (WGSRPD:1),native range,en,
141265331,temperate Asia (WGSRPD:3),native range,en,
141265332,Africa (WGSRPD:2),native range,en,
141265333,hybrid origin,native range,en,
141265334,Europe (WGSRPD:1),native range,en,
141265335,hybrid origin,native range,en,
141265336,Europe (WGSRPD:1),native range,en,
141265337,Northern America (WGSRPD:7),native range,en,
141265338,Australasia (WGSRPD:5),native range,en,
141265339,Northern America (WGSRPD:7),native range,en,
141265340,Europe (WGSRPD:1),native range,en,
141265340,temperate Asia (WGSRPD:3),native range,en,
141265341,Europe (WGSRPD:1),native range,en,
141265342,Northern America (WGSRPD:7),native range,en,
141265343,Europe (WGSRPD:1),native range,en,
141265343,temperate Asia (WGSRPD:3),native range,en,
141265344,Europe (WGSRPD:1),native range,en,
141265345,Europe (WGSRPD:1),native range,en,
141265345,temperate Asia (WGSRPD:3),native range,en,
141265346,Northern America (WGSRPD:7),native range,en,
141265347,Africa (WGSRPD:2),native range,en,
141265348,Africa (WGSRPD:2),native range,en,
141265349,Southern America (WGSRPD:8),native range,en,
141265350,Southern America (WGSRPD:8),native range,en,
141265351,Europe (WGSRPD:1),native range,en,
141265352,Europe (WGSRPD:1),native range,en,
141265352,temperate Asia (WGSRPD:3),native range,en,
141265353,Europe (WGSRPD:1),native range,en,
141265353,temperate Asia (WGSRPD:3),native range,en,
141265354,Northern America (WGSRPD:7),native range,en,
141265355,pan-American,native range,en,
141265356,Europe (WGSRPD:1),native range,en,
141265357,Africa (WGSRPD:2),native range,en,
141265357,Europe (WGSRPD:1),native range,en,
141265357,temperate Asia (WGSRPD:3),native range,en,
141265359,Northern America (WGSRPD:7),native range,en,
141265360,Europe (WGSRPD:1),native range,en,
141265361,Africa (WGSRPD:2),native range,en,
141265361,Europe (WGSRPD:1),native range,en,
141265363,Northern America (WGSRPD:7),native range,en,
141265364,Europe (WGSRPD:1),native range,en,
141265364,temperate Asia (WGSRPD:3),native range,en,
141265365,Europe (WGSRPD:1),native range,en,
141265366,Asia,native range,en,
141265367,temperate Asia (WGSRPD:3),native range,en,
141265368,temperate Asia (WGSRPD:3),native range,en,
141265369,temperate Asia (WGSRPD:3),native range,en,
141265370,Europe (WGSRPD:1),native range,en,
141265371,Europe (WGSRPD:1),native range,en,
141265371,temperate Asia (WGSRPD:3),native range,en,
141265372,temperate Asia (WGSRPD:3),native range,en,
141265373,cultivated origin,native range,en,
141265374,temperate Asia (WGSRPD:3),native range,en,
141265375,temperate Asia (WGSRPD:3),native range,en,
141265376,Northern America (WGSRPD:7),native range,en,
141265377,temperate Asia (WGSRPD:3),native range,en,
141265378,Europe (WGSRPD:1),native range,en,
141265378,temperate Asia (WGSRPD:3),native range,en,
141265379,Northern America (WGSRPD:7),native range,en,
141265380,cultivated origin,native range,en,
141265381,temperate Asia (WGSRPD:3),native range,en,
141265382,temperate Asia (WGSRPD:3),native range,en,
141265383,temperate Asia (WGSRPD:3),native range,en,
141265384,temperate Asia (WGSRPD:3),native range,en,
141265385,Northern America (WGSRPD:7),native range,en,
141265385,temperate Asia (WGSRPD:3),native range,en,
141265386,temperate Asia (WGSRPD:3),native range,en,
141265387,Northern America (WGSRPD:7),native range,en,
141265388,temperate Asia (WGSRPD:3),native range,en,
141265389,Northern America (WGSRPD:7),native range,en,
141265390,Northern America (WGSRPD:7),native range,en,
141265391,cultivated origin,native range,en,
141265392,temperate Asia (WGSRPD:3),native range,en,
141265393,temperate Asia (WGSRPD:3),native range,en,
141265394,Asia,native range,en,
141265395,hybrid origin,native range,en,
141265396,Europe (WGSRPD:1),native range,en,
141265396,temperate Asia (WGSRPD:3),native range,en,
141265397,temperate Asia (WGSRPD:3),native range,en,
141265398,temperate Asia (WGSRPD:3),native range,en,
141265399,cultivated origin,native range,en,
141265400,Europe (WGSRPD:1),native range,en,
141265401,Europe (WGSRPD:1),native range,en,
141265402,temperate Asia (WGSRPD:3),native range,en,
141265403,Northern America (WGSRPD:7),native range,en,
141265404,Europe (WGSRPD:1),native range,en,
141265404,Northern America (WGSRPD:7),native range,en,
141265404,temperate Asia (WGSRPD:3),native range,en,
141265405,temperate Asia (WGSRPD:3),native range,en,
141265406,Europe (WGSRPD:1),native range,en,
141265406,Northern America (WGSRPD:7),native range,en,
141265406,temperate Asia (WGSRPD:3),native range,en,
141265407,temperate Asia (WGSRPD:3),native range,en,
141265408,temperate Asia (WGSRPD:3),native range,en,
141265409,temperate Asia (WGSRPD:3),native range,en,
141265410,cultivated origin,native range,en,
141265411,temperate Asia (WGSRPD:3),native range,en,
141265412,hybrid origin,native range,en,
141265413,temperate Asia (WGSRPD:3),native range,en,
141265414,Northern America (WGSRPD:7),native range,en,
141265415,temperate Asia (WGSRPD:3),native range,en,
141265416,Europe (WGSRPD:1),native range,en,
141265417,temperate Asia (WGSRPD:3),native range,en,
141265418,temperate Asia (WGSRPD:3),native range,en,
141265419,Northern America (WGSRPD:7),native range,en,
141265420,cultivated origin,native range,en,
141265421,Europe (WGSRPD:1),native range,en,
141265421,temperate Asia (WGSRPD:3),native range,en,
141265422,temperate Asia (WGSRPD:3),native range,en,
141265423,temperate Asia (WGSRPD:3),native range,en,
141265424,Europe (WGSRPD:1),native range,en,
141265424,temperate Asia (WGSRPD:3),native range,en,
141265425,Europe (WGSRPD:1),native range,en,
141265425,temperate Asia (WGSRPD:3),native range,en,
141265426,temperate Asia (WGSRPD:3),native range,en,
141265427,Europe (WGSRPD:1),native range,en,
141265428,cultivated origin,native range,en,
141265429,temperate Asia (WGSRPD:3),native range,en,
141265430,temperate Asia (WGSRPD:3),native range,en,
141265431,temperate Asia (WGSRPD:3),native range,en,
141265432,Northern America (WGSRPD:7),native range,en,
141265433,temperate Asia (WGSRPD:3),native range,en,
141265434,temperate Asia (WGSRPD:3),native range,en,
141265435,Europe (WGSRPD:1),native range,en,
141265436,Europe (WGSRPD:1),native range,en,
141265437,temperate Asia (WGSRPD:3),native range,en,
141265438,Northern America (WGSRPD:7),native range,en,
141265439,Europe (WGSRPD:1),native range,en,
141265439,temperate Asia (WGSRPD:3),native range,en,
141265440,temperate Asia (WGSRPD:3),native range,en,
141265441,Europe (WGSRPD:1),native range,en,
141265442,temperate Asia (WGSRPD:3),native range,en,
141265443,temperate Asia (WGSRPD:3),native range,en,
141265444,temperate Asia (WGSRPD:3),native range,en,
141265445,cultivated origin,native range,en,
141265446,Northern America (WGSRPD:7),native range,en,
141265447,temperate Asia (WGSRPD:3),native range,en,
141265448,Northern America (WGSRPD:7),native range,en,
141265449,Europe (WGSRPD:1),native range,en,
141265450,cultivated origin,native range,en,
141265451,temperate Asia (WGSRPD:3),native range,en,
141265452,temperate Asia (WGSRPD:3),native range,en,
141265453,Europe (WGSRPD:1),native range,en,
141265454,temperate Asia (WGSRPD:3),native range,en,
141265455,Africa (WGSRPD:2),native range,en,
141265455,Europe (WGSRPD:1),native range,en,
141265455,temperate Asia (WGSRPD:3),native range,en,
141265456,temperate Asia (WGSRPD:3),native range,en,
141265457,temperate Asia (WGSRPD:3),native range,en,
141265458,Northern America (WGSRPD:7),native range,en,
141265459,Northern America (WGSRPD:7),native range,en,
141265460,Europe (WGSRPD:1),native range,en,
141265460,temperate Asia (WGSRPD:3),native range,en,
141265461,temperate Asia (WGSRPD:3),native range,en,
141265462,temperate Asia (WGSRPD:3),native range,en,
141265463,Europe (WGSRPD:1),native range,en,
141265463,Northern America (WGSRPD:7),native range,en,
141265463,temperate Asia (WGSRPD:3),native range,en,
141265464,temperate Asia (WGSRPD:3),native range,en,
141265465,temperate Asia (WGSRPD:3),native range,en,
141265466,Northern America (WGSRPD:7),native range,en,
141265467,temperate Asia (WGSRPD:3),native range,en,
141265468,temperate Asia (WGSRPD:3),native range,en,
141265469,Europe (WGSRPD:1),native range,en,
141265470,cultivated origin,native range,en,
141265471,Southern America (WGSRPD:8),native range,en,
141265472,temperate Asia (WGSRPD:3),native range,en,
141265473,temperate Asia (WGSRPD:3),native range,en,
141265474,Europe (WGSRPD:1),native range,en,
141265474,temperate Asia (WGSRPD:3),native range,en,
141265475,Northern America (WGSRPD:7),native range,en,
141265476,Northern America (WGSRPD:7),native range,en,
141265477,temperate Asia (WGSRPD:3),native range,en,
141265478,temperate Asia (WGSRPD:3),native range,en,
141265479,Africa (WGSRPD:2),native range,en,
141265479,Europe (WGSRPD:1),native range,en,
141265479,temperate Asia (WGSRPD:3),native range,en,
141265480,temperate Asia (WGSRPD:3),native range,en,
141265481,temperate Asia (WGSRPD:3),native range,en,
141265482,cultivated origin,native range,en,
141265483,temperate Asia (WGSRPD:3),native range,en,
141265484,Europe (WGSRPD:1),native range,en,
141265484,temperate Asia (WGSRPD:3),native range,en,
141265485,cultivated origin,native range,en,
141265486,Europe (WGSRPD:1),native range,en,
141265486,temperate Asia (WGSRPD:3),native range,en,
141265487,Africa (WGSRPD:2),native range,en,
141265487,Europe (WGSRPD:1),native range,en,
141265487,temperate Asia (WGSRPD:3),native range,en,
141265488,Northern America (WGSRPD:7),native range,en,
141265489,temperate Asia (WGSRPD:3),native range,en,
141265490,cultivated origin,native range,en,
141265491,Europe (WGSRPD:1),native range,en,
141265491,temperate Asia (WGSRPD:3),native range,en,
141265493,Europe (WGSRPD:1),native range,en,
141265494,Europe (WGSRPD:1),native range,en,
141265495,temperate Asia (WGSRPD:3),native range,en,
141265496,Africa (WGSRPD:2),native range,en,
141265496,Europe (WGSRPD:1),native range,en,
141265497,Africa (WGSRPD:2),native range,en,
141265497,Europe (WGSRPD:1),native range,en,
141265498,temperate Asia (WGSRPD:3),native range,en,
141265499,Africa (WGSRPD:2),native range,en,
141265500,Europe (WGSRPD:1),native range,en,
141265501,Europe (WGSRPD:1),native range,en,
141265502,Africa (WGSRPD:2),native range,en,
141265503,Asia,native range,en,
141265504,Europe (WGSRPD:1),native range,en,
141265504,temperate Asia (WGSRPD:3),native range,en,
141265505,Africa (WGSRPD:2),native range,en,
141265505,Europe (WGSRPD:1),native range,en,
141265506,temperate Asia (WGSRPD:3),native range,en,
141265507,Europe (WGSRPD:1),native range,en,
141265508,Africa (WGSRPD:2),native range,en,
141265508,Europe (WGSRPD:1),native range,en,
141265509,temperate Asia (WGSRPD:3),native range,en,
141265510,Northern America (WGSRPD:7),native range,en,
141265511,Africa (WGSRPD:2),native range,en,
141265511,Europe (WGSRPD:1),native range,en,
141265511,temperate Asia (WGSRPD:3),native range,en,
141265512,Africa (WGSRPD:2),native range,en,
141265512,Europe (WGSRPD:1),native range,en,
141265512,temperate Asia (WGSRPD:3),native range,en,
141265513,Africa (WGSRPD:2),native range,en,
141265513,Europe (WGSRPD:1),native range,en,
141265513,temperate Asia (WGSRPD:3),native range,en,
141265514,Europe (WGSRPD:1),native range,en,
141265514,temperate Asia (WGSRPD:3),native range,en,
141265515,Europe (WGSRPD:1),native range,en,
141265516,pan-American,native range,en,
141265517,Europe (WGSRPD:1),native range,en,
141265518,Europe (WGSRPD:1),native range,en,
141265518,temperate Asia (WGSRPD:3),native range,en,
141265519,Europe (WGSRPD:1),native range,en,
141265520,Africa (WGSRPD:2),native range,en,
141265520,Europe (WGSRPD:1),native range,en,
141265521,Europe (WGSRPD:1),native range,en,
141265522,Africa (WGSRPD:2),native range,en,
141265522,Europe (WGSRPD:1),native range,en,
141265523,Europe (WGSRPD:1),native range,en,
141265524,Africa (WGSRPD:2),native range,en,
141265524,Europe (WGSRPD:1),native range,en,
141265524,temperate Asia (WGSRPD:3),native range,en,
141265525,Europe (WGSRPD:1),native range,en,
141265526,Northern America (WGSRPD:7),native range,en,
141265527,Europe (WGSRPD:1),native range,en,
141265528,pan-American,native range,en,
141265529,Southern America (WGSRPD:8),native range,en,
141265530,Africa (WGSRPD:2),native range,en,
141265530,Europe (WGSRPD:1),native range,en,
141265530,temperate Asia (WGSRPD:3),native range,en,
141265531,Africa (WGSRPD:2),native range,en,
141265531,Europe (WGSRPD:1),native range,en,
141265531,temperate Asia (WGSRPD:3),native range,en,
141265532,Europe (WGSRPD:1),native range,en,
141265532,temperate Asia (WGSRPD:3),native range,en,
141265533,Africa (WGSRPD:2),native range,en,
141265533,Europe (WGSRPD:1),native range,en,
141265533,temperate Asia (WGSRPD:3),native range,en,
141265534,Europe (WGSRPD:1),native range,en,
141265534,temperate Asia (WGSRPD:3),native range,en,
141265535,Africa (WGSRPD:2),native range,en,
141265535,Europe (WGSRPD:1),native range,en,
141265535,temperate Asia (WGSRPD:3),native range,en,
141265536,Europe (WGSRPD:1),native range,en,
141265537,Northern America (WGSRPD:7),native range,en,
141265539,Europe (WGSRPD:1),native range,en,
141265540,temperate Asia (WGSRPD:3),native range,en,
141265541,temperate Asia (WGSRPD:3),native range,en,
141265542,Europe (WGSRPD:1),native range,en,
141265543,Africa (WGSRPD:2),native range,en,
141265544,Europe (WGSRPD:1),native range,en,
141265545,Europe (WGSRPD:1),native range,en,
141265545,temperate Asia (WGSRPD:3),native range,en,
141265546,Australasia (WGSRPD:5),native range,en,
141265547,Africa (WGSRPD:2),native range,en,
141265547,Europe (WGSRPD:1),native range,en,
141265548,Europe (WGSRPD:1),native range,en,
141265549,temperate Asia (WGSRPD:3),native range,en,
141265550,Europe (WGSRPD:1),native range,en,
141265551,Africa (WGSRPD:2),native range,en,
141265551,Europe (WGSRPD:1),native range,en,
141265551,temperate Asia (WGSRPD:3),native range,en,
141265552,Northern America (WGSRPD:7),native range,en,
141265553,Europe (WGSRPD:1),native range,en,
141265555,Northern America (WGSRPD:7),native range,en,
141265556,Northern America (WGSRPD:7),native range,en,
141265557,Northern America (WGSRPD:7),native range,en,
141265558,Northern America (WGSRPD:7),native range,en,
141265560,Africa (WGSRPD:2),native range,en,
141265560,Europe (WGSRPD:1),native range,en,
141265560,temperate Asia (WGSRPD:3),native range,en,
141265561,Australasia (WGSRPD:5),native range,en,
141265562,Africa (WGSRPD:2),native range,en,
141265562,Europe (WGSRPD:1),native range,en,
141265562,temperate Asia (WGSRPD:3),native range,en,
141265563,Australasia (WGSRPD:5),native range,en,
141265564,Australasia (WGSRPD:5),native range,en,
141265565,Pantropical,native range,en,
141265566,Africa (WGSRPD:2),native range,en,
141265566,Asia,native range,en,
141265566,Europe (WGSRPD:1),native range,en,
141265567,Africa (WGSRPD:2),native range,en,
141265567,Europe (WGSRPD:1),native range,en,
141265567,temperate Asia (WGSRPD:3),native range,en,
141265568,Africa (WGSRPD:2),native range,en,
141265568,Europe (WGSRPD:1),native range,en,
141265568,temperate Asia (WGSRPD:3),native range,en,
141265569,Africa (WGSRPD:2),native range,en,
141265569,Europe (WGSRPD:1),native range,en,
141265569,temperate Asia (WGSRPD:3),native range,en,
141265570,Australasia (WGSRPD:5),native range,en,
141265571,Australasia (WGSRPD:5),native range,en,
141265572,Africa (WGSRPD:2),native range,en,
141265572,Europe (WGSRPD:1),native range,en,
141265572,temperate Asia (WGSRPD:3),native range,en,
141265573,Africa (WGSRPD:2),native range,en,
141265573,Asia,native range,en,
141265573,Europe (WGSRPD:1),native range,en,
141265574,Africa (WGSRPD:2),native range,en,
141265574,Europe (WGSRPD:1),native range,en,
141265574,temperate Asia (WGSRPD:3),native range,en,
141265575,Asia,native range,en,
141265576,Europe (WGSRPD:1),native range,en,
141265577,Southern America (WGSRPD:8),native range,en,
141265578,Europe (WGSRPD:1),native range,en,
141265579,Africa (WGSRPD:2),native range,en,
141265579,Europe (WGSRPD:1),native range,en,
141265579,temperate Asia (WGSRPD:3),native range,en,
141265580,Northern America (WGSRPD:7),native range,en,
141265581,Europe (WGSRPD:1),native range,en,
141265582,temperate Asia (WGSRPD:3),native range,en,
141265583,Europe (WGSRPD:1),native range,en,
141265584,hybrid origin,native range,en,
141265585,Africa (WGSRPD:2),native range,en,
141265585,Europe (WGSRPD:1),native range,en,
141265585,temperate Asia (WGSRPD:3),native range,en,
141265586,Northern America (WGSRPD:7),native range,en,
141265587,Europe (WGSRPD:1),native range,en,
141265588,Africa (WGSRPD:2),native range,en,
141265588,Europe (WGSRPD:1),native range,en,
141265588,temperate Asia (WGSRPD:3),native range,en,
141265589,Europe (WGSRPD:1),native range,en,
141265590,Northern America (WGSRPD:7),native range,en,
141265591,Australasia (WGSRPD:5),native range,en,
141265592,pan-American,native range,en,
141265593,Northern America (WGSRPD:7),native range,en,
141265594,Europe (WGSRPD:1),native range,en,
141265595,Northern America (WGSRPD:7),native range,en,
141265596,Africa (WGSRPD:2),native range,en,
141265596,Europe (WGSRPD:1),native range,en,
141265596,temperate Asia (WGSRPD:3),native range,en,
141265597,Australasia (WGSRPD:5),native range,en,
141265598,Southern America (WGSRPD:8),native range,en,
141265599,Australasia (WGSRPD:5),native range,en,
141265600,Australasia (WGSRPD:5),native range,en,
141265600,tropical Asia (WGSRPD:4),native range,en,
141265601,Africa (WGSRPD:2),native range,en,
141265602,Africa (WGSRPD:2),native range,en,
141265603,Africa (WGSRPD:2),native range,en,
141265603,Asia,native range,en,
141265604,Europe (WGSRPD:1),native range,en,
141265604,temperate Asia (WGSRPD:3),native range,en,
141265605,Africa (WGSRPD:2),native range,en,
141265605,Asia,native range,en,
141265605,Europe (WGSRPD:1),native range,en,
141265606,Africa (WGSRPD:2),native range,en,
141265607,pan-American,native range,en,
141265608,Northern America (WGSRPD:7),native range,en,
141265608,temperate Asia (WGSRPD:3),native range,en,
141265609,Africa (WGSRPD:2),native range,en,
141265609,Europe (WGSRPD:1),native range,en,
141265609,temperate Asia (WGSRPD:3),native range,en,
141265610,Northern America (WGSRPD:7),native range,en,
141265611,cultivated origin,native range,en,
141265612,Southern America (WGSRPD:8),native range,en,
141265613,Africa (WGSRPD:2),native range,en,
141265613,Europe (WGSRPD:1),native range,en,
141265613,temperate Asia (WGSRPD:3),native range,en,
141265614,Australasia (WGSRPD:5),native range,en,
141265615,Southern America (WGSRPD:8),native range,en,
141265616,Africa (WGSRPD:2),native range,en,
141265617,Pantropical,native range,en,
141265618,Africa (WGSRPD:2),native range,en,
141265618,Europe (WGSRPD:1),native range,en,
141265618,temperate Asia (WGSRPD:3),native range,en,
141265619,Asia,native range,en,
141265620,Pantropical,native range,en,
141265621,Africa (WGSRPD:2),native range,en,
141265622,Africa (WGSRPD:2),native range,en,
141265622,Europe (WGSRPD:1),native range,en,
141265622,temperate Asia (WGSRPD:3),native range,en,
141265623,Australasia (WGSRPD:5),native range,en,
141265624,Africa (WGSRPD:2),native range,en,
141265624,Europe (WGSRPD:1),native range,en,
141265624,temperate Asia (WGSRPD:3),native range,en,
141265625,Europe (WGSRPD:1),native range,en,
141265626,Northern America (WGSRPD:7),native range,en,
141265627,Southern America (WGSRPD:8),native range,en,
141265628,Africa (WGSRPD:2),native range,en,
141265628,Europe (WGSRPD:1),native range,en,
141265628,temperate Asia (WGSRPD:3),native range,en,
141265629,Africa (WGSRPD:2),native range,en,
141265629,Europe (WGSRPD:1),native range,en,
141265629,temperate Asia (WGSRPD:3),native range,en,
141265630,Northern America (WGSRPD:7),native range,en,
141265631,Australasia (WGSRPD:5),native range,en,
141265632,Africa (WGSRPD:2),native range,en,
141265632,Europe (WGSRPD:1),native range,en,
141265632,temperate Asia (WGSRPD:3),native range,en,
141265633,pan-American,native range,en,
141265634,Southern America (WGSRPD:8),native range,en,
141265635,Southern America (WGSRPD:8),native range,en,
141265636,Africa (WGSRPD:2),native range,en,
141265636,Europe (WGSRPD:1),native range,en,
141265636,temperate Asia (WGSRPD:3),native range,en,
141265637,Australasia (WGSRPD:5),native range,en,
141265639,Europe (WGSRPD:1),native range,en,
141265640,pan-American,native range,en,
141265641,Pantropical,native range,en,
141265642,Australasia (WGSRPD:5),native range,en,
141265643,temperate Asia (WGSRPD:3),native range,en,
141265644,Australasia (WGSRPD:5),native range,en,
141265645,Africa (WGSRPD:2),native range,en,
141265645,Europe (WGSRPD:1),native range,en,
141265645,temperate Asia (WGSRPD:3),native range,en,
141265646,Europe (WGSRPD:1),native range,en,
141265647,Northern America (WGSRPD:7),native range,en,
141265648,Southern America (WGSRPD:8),native range,en,
141265649,Africa (WGSRPD:2),native range,en,
141265650,Africa (WGSRPD:2),native range,en,
141265650,Europe (WGSRPD:1),native range,en,
141265650,temperate Asia (WGSRPD:3),native range,en,
141265651,Africa (WGSRPD:2),native range,en,
141265651,Europe (WGSRPD:1),native range,en,
141265651,temperate Asia (WGSRPD:3),native range,en,
141265652,pan-American,native range,en,
141265653,Australasia (WGSRPD:5),native range,en,
141265654,Northern America (WGSRPD:7),native range,en,
141265655,Africa (WGSRPD:2),native range,en,
141265655,Europe (WGSRPD:1),native range,en,
141265656,Africa (WGSRPD:2),native range,en,
141265657,Europe (WGSRPD:1),native range,en,
141265658,Southern America (WGSRPD:8),native range,en,
141265659,Africa (WGSRPD:2),native range,en,
141265659,temperate Asia (WGSRPD:3),native range,en,
141265660,Europe (WGSRPD:1),native range,en,
141265661,Africa (WGSRPD:2),native range,en,
141265661,Europe (WGSRPD:1),native range,en,
141265661,Northern America (WGSRPD:7),native range,en,
141265661,temperate Asia (WGSRPD:3),native range,en,
141265662,Australasia (WGSRPD:5),native range,en,
141265663,Africa (WGSRPD:2),native range,en,
141265664,Europe (WGSRPD:1),native range,en,
141265665,Africa (WGSRPD:2),native range,en,
141265665,tropical Asia (WGSRPD:4),native range,en,
141265666,Africa (WGSRPD:2),native range,en,
141265666,Asia,native range,en,
141265666,Australasia (WGSRPD:5),native range,en,
141265667,Africa (WGSRPD:2),native range,en,
141265668,Southern America (WGSRPD:8),native range,en,
141265669,Africa (WGSRPD:2),native range,en,
141265669,Europe (WGSRPD:1),native range,en,
141265669,temperate Asia (WGSRPD:3),native range,en,
141265670,Australasia (WGSRPD:5),native range,en,
141265671,Australasia (WGSRPD:5),native range,en,
141265672,Africa (WGSRPD:2),native range,en,
141265672,Europe (WGSRPD:1),native range,en,
141265672,temperate Asia (WGSRPD:3),native range,en,
141265673,Europe (WGSRPD:1),native range,en,
141265674,Africa (WGSRPD:2),native range,en,
141265674,Europe (WGSRPD:1),native range,en,
141265674,temperate Asia (WGSRPD:3),native range,en,
141265675,Africa (WGSRPD:2),native range,en,
141265676,Southern America (WGSRPD:8),native range,en,
141265677,Southern America (WGSRPD:8),native range,en,
141265678,tropical Asia (WGSRPD:4),native range,en,
141265679,Africa (WGSRPD:2),native range,en,
141265679,Europe (WGSRPD:1),native range,en,
141265679,temperate Asia (WGSRPD:3),native range,en,
141265680,Africa (WGSRPD:2),native range,en,
141265681,Asia,native range,en,
141265682,temperate Asia (WGSRPD:3),native range,en,
141265683,Europe (WGSRPD:1),native range,en,
141265684,pan-American,native range,en,
141265685,Africa (WGSRPD:2),native range,en,
141265686,Africa (WGSRPD:2),native range,en,
141265687,Africa (WGSRPD:2),native range,en,
141265687,Europe (WGSRPD:1),native range,en,
141265687,temperate Asia (WGSRPD:3),native range,en,
141265688,Europe (WGSRPD:1),native range,en,
141265690,Africa (WGSRPD:2),native range,en,
141265690,Europe (WGSRPD:1),native range,en,
141265690,temperate Asia (WGSRPD:3),native range,en,
141265691,Africa (WGSRPD:2),native range,en,
141265691,Europe (WGSRPD:1),native range,en,
141265691,temperate Asia (WGSRPD:3),native range,en,
141265692,Pantropical,native range,en,
141265693,pan-American,native range,en,
141265694,Australasia (WGSRPD:5),native range,en,
141265695,Europe (WGSRPD:1),native range,en,
141265696,Australasia (WGSRPD:5),native range,en,
141265697,Australasia (WGSRPD:5),native range,en,
141265698,Europe (WGSRPD:1),native range,en,
141265699,Southern America (WGSRPD:8),native range,en,
141265700,Asia,native range,en,
141265701,Europe (WGSRPD:1),native range,en,
141265701,temperate Asia (WGSRPD:3),native range,en,
141265702,hybrid origin,native range,en,
141265703,Africa (WGSRPD:2),native range,en,
141265703,Europe (WGSRPD:1),native range,en,
141265703,temperate Asia (WGSRPD:3),native range,en,
141265704,Africa (WGSRPD:2),native range,en,
141265704,Asia,native range,en,
141265704,Europe (WGSRPD:1),native range,en,
141265705,Africa (WGSRPD:2),native range,en,
141265705,Europe (WGSRPD:1),native range,en,
141265705,temperate Asia (WGSRPD:3),native range,en,
141265706,Asia,native range,en,
141265706,Europe (WGSRPD:1),native range,en,
141265706,pan-American,native range,en,
141265707,Australasia (WGSRPD:5),native range,en,
141265709,Pantropical,native range,en,
141265710,Australasia (WGSRPD:5),native range,en,
141265711,Africa (WGSRPD:2),native range,en,
141265711,Europe (WGSRPD:1),native range,en,
141265711,temperate Asia (WGSRPD:3),native range,en,
141265712,Africa (WGSRPD:2),native range,en,
141265712,Europe (WGSRPD:1),native range,en,
141265712,temperate Asia (WGSRPD:3),native range,en,
141265713,Northern America (WGSRPD:7),native range,en,
141265713,temperate Asia (WGSRPD:3),native range,en,
141265714,Africa (WGSRPD:2),native range,en,
141265714,Europe (WGSRPD:1),native range,en,
141265714,temperate Asia (WGSRPD:3),native range,en,
141265715,Australasia (WGSRPD:5),native range,en,
141265716,Africa (WGSRPD:2),native range,en,
141265717,Africa (WGSRPD:2),native range,en,
141265718,Africa (WGSRPD:2),native range,en,
141265718,Asia,native range,en,
141265718,Europe (WGSRPD:1),native range,en,
141265719,Asia,native range,en,
141265720,Africa (WGSRPD:2),native range,en,
141265720,temperate Asia (WGSRPD:3),native range,en,
141265721,Asia,native range,en,
141265721,Europe (WGSRPD:1),native range,en,
141265722,Europe (WGSRPD:1),native range,en,
141265723,Europe (WGSRPD:1),native range,en,
141265724,Africa (WGSRPD:2),native range,en,
141265724,Europe (WGSRPD:1),native range,en,
141265724,temperate Asia (WGSRPD:3),native range,en,
141265725,Europe (WGSRPD:1),native range,en,
141265726,pan-American,native range,en,
141265727,Africa (WGSRPD:2),native range,en,
141265728,Africa (WGSRPD:2),native range,en,
141265728,pan-American,native range,en,
141265728,temperate Asia (WGSRPD:3),native range,en,
141265729,Africa (WGSRPD:2),native range,en,
141265729,Europe (WGSRPD:1),native range,en,
141265729,temperate Asia (WGSRPD:3),native range,en,
141265730,Africa (WGSRPD:2),native range,en,
141265730,Europe (WGSRPD:1),native range,en,
141265731,Africa (WGSRPD:2),native range,en,
141265731,Asia,native range,en,
141265731,Europe (WGSRPD:1),native range,en,
141265732,Northern America (WGSRPD:7),native range,en,
141265733,Africa (WGSRPD:2),native range,en,
141265733,Europe (WGSRPD:1),native range,en,
141265733,temperate Asia (WGSRPD:3),native range,en,
141265734,Africa (WGSRPD:2),native range,en,
141265734,Asia,native range,en,
141265735,Australasia (WGSRPD:5),native range,en,
141265736,Africa (WGSRPD:2),native range,en,
141265737,Australasia (WGSRPD:5),native range,en,
141265738,Africa (WGSRPD:2),native range,en,
141265738,Europe (WGSRPD:1),native range,en,
141265739,Africa (WGSRPD:2),native range,en,
141265739,Europe (WGSRPD:1),native range,en,
141265739,temperate Asia (WGSRPD:3),native range,en,
141265740,Southern America (WGSRPD:8),native range,en,
141265741,pan-American,native range,en,
141265742,Africa (WGSRPD:2),native range,en,
141265743,Africa (WGSRPD:2),native range,en,
141265743,Europe (WGSRPD:1),native range,en,
141265743,temperate Asia (WGSRPD:3),native range,en,
141265744,Europe (WGSRPD:1),native range,en,
141265745,Africa (WGSRPD:2),native range,en,
141265745,Asia,native range,en,
141265746,Europe (WGSRPD:1),native range,en,
141265747,Europe (WGSRPD:1),native range,en,
141265748,pan-American,native range,en,
141265749,Africa (WGSRPD:2),native range,en,
141265749,Europe (WGSRPD:1),native range,en,
141265749,temperate Asia (WGSRPD:3),native range,en,
141265750,Northern America (WGSRPD:7),native range,en,
141265751,Africa (WGSRPD:2),native range,en,
141265751,Europe (WGSRPD:1),native range,en,
141265751,temperate Asia (WGSRPD:3),native range,en,
141265752,Europe (WGSRPD:1),native range,en,
141265753,temperate Asia (WGSRPD:3),native range,en,
141265754,hybrid origin,native range,en,
141265755,Africa (WGSRPD:2),native range,en,
141265755,temperate Asia (WGSRPD:3),native range,en,
141265756,Africa (WGSRPD:2),native range,en,
141265757,Europe (WGSRPD:1),native range,en,
141265757,temperate Asia (WGSRPD:3),native range,en,
141265758,Africa (WGSRPD:2),native range,en,
141265758,Europe (WGSRPD:1),native range,en,
141265758,temperate Asia (WGSRPD:3),native range,en,
141265759,Pantropical,native range,en,
141265760,Africa (WGSRPD:2),native range,en,
141265760,Europe (WGSRPD:1),native range,en,
141265760,temperate Asia (WGSRPD:3),native range,en,
141265761,Australasia (WGSRPD:5),native range,en,
141265762,Australasia (WGSRPD:5),native range,en,
141265763,hybrid origin,native range,en,
141265764,Africa (WGSRPD:2),native range,en,
141265764,temperate Asia (WGSRPD:3),native range,en,
141265765,Australasia (WGSRPD:5),native range,en,
141265766,Australasia (WGSRPD:5),native range,en,
141265767,Africa (WGSRPD:2),native range,en,
141265767,Europe (WGSRPD:1),native range,en,
141265767,temperate Asia (WGSRPD:3),native range,en,
141265768,temperate Asia (WGSRPD:3),native range,en,
141265769,Africa (WGSRPD:2),native range,en,
141265770,Europe (WGSRPD:1),native range,en,
141265771,Africa (WGSRPD:2),native range,en,
141265772,Australasia (WGSRPD:5),native range,en,
141265773,cultivated origin,native range,en,
141265774,Northern America (WGSRPD:7),native range,en,
141265774,temperate Asia (WGSRPD:3),native range,en,
141265775,Africa (WGSRPD:2),native range,en,
141265775,Europe (WGSRPD:1),native range,en,
141265775,temperate Asia (WGSRPD:3),native range,en,
141265776,Australasia (WGSRPD:5),native range,en,
141265777,Africa (WGSRPD:2),native range,en,
141265777,Europe (WGSRPD:1),native range,en,
141265777,temperate Asia (WGSRPD:3),native range,en,
141265778,Africa (WGSRPD:2),native range,en,
141265778,Europe (WGSRPD:1),native range,en,
141265778,temperate Asia (WGSRPD:3),native range,en,
141265779,temperate Asia (WGSRPD:3),native range,en,
141265780,pan-American,native range,en,
141265781,temperate Asia (WGSRPD:3),native range,en,
141265782,hybrid origin,native range,en,
141265783,Australasia (WGSRPD:5),native range,en,
141265784,Africa (WGSRPD:2),native range,en,
141265784,Asia,native range,en,
141265784,Europe (WGSRPD:1),native range,en,
141265785,tropical Asia (WGSRPD:4),native range,en,
141265786,Africa (WGSRPD:2),native range,en,
141265786,Europe (WGSRPD:1),native range,en,
141265786,temperate Asia (WGSRPD:3),native range,en,
141265787,Southern America (WGSRPD:8),native range,en,
141265788,temperate Asia (WGSRPD:3),native range,en,
141265790,Africa (WGSRPD:2),native range,en,
141265790,Europe (WGSRPD:1),native range,en,
141265790,temperate Asia (WGSRPD:3),native range,en,
141265791,Asia,native range,en,
141265792,temperate Asia (WGSRPD:3),native range,en,
141265793,pan-American,native range,en,
141265794,Australasia (WGSRPD:5),native range,en,
141265795,Africa (WGSRPD:2),native range,en,
141265795,Europe (WGSRPD:1),native range,en,
141265795,temperate Asia (WGSRPD:3),native range,en,
141265796,Australasia (WGSRPD:5),native range,en,
141265797,Pantropical,native range,en,
141265798,Africa (WGSRPD:2),native range,en,
141265798,Europe (WGSRPD:1),native range,en,
141265798,temperate Asia (WGSRPD:3),native range,en,
141265799,hybrid origin,native range,en,
141265800,pan-American,native range,en,
141265801,Australasia (WGSRPD:5),native range,en,
141265802,Australasia (WGSRPD:5),native range,en,
141265803,Northern America (WGSRPD:7),native range,en,
141265804,temperate Asia (WGSRPD:3),native range,en,
141265805,Asia,native range,en,
141265805,Europe (WGSRPD:1),native range,en,
141265806,Australasia (WGSRPD:5),native range,en,
141265807,Northern America (WGSRPD:7),native range,en,
141265808,hybrid origin,native range,en,
141265809,Europe (WGSRPD:1),native range,en,
141265809,temperate Asia (WGSRPD:3),native range,en,
141265810,Africa (WGSRPD:2),native range,en,
141265810,Europe (WGSRPD:1),native range,en,
141265810,temperate Asia (WGSRPD:3),native range,en,
141265811,Australasia (WGSRPD:5),native range,en,
141265812,temperate Asia (WGSRPD:3),native range,en,
141265813,Africa (WGSRPD:2),native range,en,
141265813,Europe (WGSRPD:1),native range,en,
141265813,temperate Asia (WGSRPD:3),native range,en,
141265814,Australasia (WGSRPD:5),native range,en,
141265815,Australasia (WGSRPD:5),native range,en,
141265816,pan-American,native range,en,
141265817,Africa (WGSRPD:2),native range,en,
141265817,Europe (WGSRPD:1),native range,en,
141265817,temperate Asia (WGSRPD:3),native range,en,
141265818,pan-American,native range,en,
141265819,Europe (WGSRPD:1),native range,en,
141265820,Australasia (WGSRPD:5),native range,en,
141265821,Africa (WGSRPD:2),native range,en,
141265822,Southern America (WGSRPD:8),native range,en,
141265823,pan-American,native range,en,
141265824,Africa (WGSRPD:2),native range,en,
141265824,Europe (WGSRPD:1),native range,en,
141265824,temperate Asia (WGSRPD:3),native range,en,
141265825,Africa (WGSRPD:2),native range,en,
141265825,temperate Asia (WGSRPD:3),native range,en,
141265826,Africa (WGSRPD:2),native range,en,
141265826,Europe (WGSRPD:1),native range,en,
141265826,temperate Asia (WGSRPD:3),native range,en,
141265827,pan-American,native range,en,
141265827,temperate Asia (WGSRPD:3),native range,en,
141265828,Pantropical,native range,en,
141265829,Europe (WGSRPD:1),native range,en,
141265830,Africa (WGSRPD:2),native range,en,
141265831,Northern America (WGSRPD:7),native range,en,
141265832,temperate Asia (WGSRPD:3),native range,en,
141265833,Europe (WGSRPD:1),native range,en,
141265834,Africa (WGSRPD:2),native range,en,
141265834,Europe (WGSRPD:1),native range,en,
141265834,temperate Asia (WGSRPD:3),native range,en,
141265835,Africa (WGSRPD:2),native range,en,
141265835,Europe (WGSRPD:1),native range,en,
141265836,Europe (WGSRPD:1),native range,en,
141265837,Africa (WGSRPD:2),native range,en,
141265837,temperate Asia (WGSRPD:3),native range,en,
141265838,Europe (WGSRPD:1),native range,en,
141265839,Africa (WGSRPD:2),native range,en,
141265839,Europe (WGSRPD:1),native range,en,
141265839,temperate Asia (WGSRPD:3),native range,en,
141265840,temperate Asia (WGSRPD:3),native range,en,
141265841,Africa (WGSRPD:2),native range,en,
141265841,Europe (WGSRPD:1),native range,en,
141265841,temperate Asia (WGSRPD:3),native range,en,
141265842,Southern America (WGSRPD:8),native range,en,
141265843,Africa (WGSRPD:2),native range,en,
141265843,Europe (WGSRPD:1),native range,en,
141265843,temperate Asia (WGSRPD:3),native range,en,
141265844,Southern America (WGSRPD:8),native range,en,
141265845,Africa (WGSRPD:2),native range,en,
141265845,Europe (WGSRPD:1),native range,en,
141265845,temperate Asia (WGSRPD:3),native range,en,
141265846,pan-American,native range,en,
141265847,Africa (WGSRPD:2),native range,en,
141265847,Europe (WGSRPD:1),native range,en,
141265848,Europe (WGSRPD:1),native range,en,
141265849,Australasia (WGSRPD:5),native range,en,
141265850,Africa (WGSRPD:2),native range,en,
141265851,Europe (WGSRPD:1),native range,en,
141265851,temperate Asia (WGSRPD:3),native range,en,
141265852,Asia,native range,en,
141265853,Africa (WGSRPD:2),native range,en,
141265853,Europe (WGSRPD:1),native range,en,
141265853,temperate Asia (WGSRPD:3),native range,en,
141265854,Northern America (WGSRPD:7),native range,en,
141265855,Africa (WGSRPD:2),native range,en,
141265855,Europe (WGSRPD:1),native range,en,
141265856,Africa (WGSRPD:2),native range,en,
141265856,Europe (WGSRPD:1),native range,en,
141265856,temperate Asia (WGSRPD:3),native range,en,
141265857,Africa (WGSRPD:2),native range,en,
141265857,Europe (WGSRPD:1),native range,en,
141265857,temperate Asia (WGSRPD:3),native range,en,
141265858,Southern America (WGSRPD:8),native range,en,
141265859,Africa (WGSRPD:2),native range,en,
141265859,Europe (WGSRPD:1),native range,en,
141265860,Africa (WGSRPD:2),native range,en,
141265860,temperate Asia (WGSRPD:3),native range,en,
141265861,Southern America (WGSRPD:8),native range,en,
141265862,Africa (WGSRPD:2),native range,en,
141265862,Europe (WGSRPD:1),native range,en,
141265862,temperate Asia (WGSRPD:3),native range,en,
141265863,pan-American,native range,en,
141265864,Africa (WGSRPD:2),native range,en,
141265864,Europe (WGSRPD:1),native range,en,
141265864,temperate Asia (WGSRPD:3),native range,en,
141265865,Northern America (WGSRPD:7),native range,en,
141265866,Asia,native range,en,
141265867,Europe (WGSRPD:1),native range,en,
141265868,Southern America (WGSRPD:8),native range,en,
141265869,Asia,native range,en,
141265870,temperate Asia (WGSRPD:3),native range,en,
141265871,Africa (WGSRPD:2),native range,en,
141265871,tropical Asia (WGSRPD:4),native range,en,
141265872,Europe (WGSRPD:1),native range,en,
141265873,Africa (WGSRPD:2),native range,en,
141265873,Europe (WGSRPD:1),native range,en,
141265873,temperate Asia (WGSRPD:3),native range,en,
141265874,Northern America (WGSRPD:7),native range,en,
141265876,Africa (WGSRPD:2),native range,en,
141265876,Europe (WGSRPD:1),native range,en,
141265876,temperate Asia (WGSRPD:3),native range,en,
141265877,temperate Asia (WGSRPD:3),native range,en,
141265878,Africa (WGSRPD:2),native range,en,
141265879,pan-American,native range,en,
141265880,temperate Asia (WGSRPD:3),native range,en,
141265881,Africa (WGSRPD:2),native range,en,
141265881,Europe (WGSRPD:1),native range,en,
141265881,temperate Asia (WGSRPD:3),native range,en,
141265882,Pantropical,native range,en,
141265883,Australasia (WGSRPD:5),native range,en,
141265884,Southern America (WGSRPD:8),native range,en,
141265885,Australasia (WGSRPD:5),native range,en,
141265886,Africa (WGSRPD:2),native range,en,
141265886,Europe (WGSRPD:1),native range,en,
141265886,temperate Asia (WGSRPD:3),native range,en,
141265887,Africa (WGSRPD:2),native range,en,
141265887,Europe (WGSRPD:1),native range,en,
141265887,temperate Asia (WGSRPD:3),native range,en,
141265888,Africa (WGSRPD:2),native range,en,
141265888,Europe (WGSRPD:1),native range,en,
141265888,temperate Asia (WGSRPD:3),native range,en,
141265889,pan-American,native range,en,
141265890,Europe (WGSRPD:1),native range,en,
141265891,Northern America (WGSRPD:7),native range,en,
141265891,temperate Asia (WGSRPD:3),native range,en,
141265892,Asia,native range,en,
141265893,Africa (WGSRPD:2),native range,en,
141265893,Europe (WGSRPD:1),native range,en,
141265893,temperate Asia (WGSRPD:3),native range,en,
141265894,temperate Asia (WGSRPD:3),native range,en,
141265895,Africa (WGSRPD:2),native range,en,
141265895,Europe (WGSRPD:1),native range,en,
141265895,temperate Asia (WGSRPD:3),native range,en,
141265896,Australasia (WGSRPD:5),native range,en,
141265897,Africa (WGSRPD:2),native range,en,
141265898,Europe (WGSRPD:1),native range,en,
141265899,Australasia (WGSRPD:5),native range,en,
141265900,Africa (WGSRPD:2),native range,en,
141265900,Asia,native range,en,
141265901,pan-American,native range,en,
141265902,Australasia (WGSRPD:5),native range,en,
141265903,temperate Asia (WGSRPD:3),native range,en,
141265904,pan-American,native range,en,
141265905,Africa (WGSRPD:2),native range,en,
141265906,Africa (WGSRPD:2),native range,en,
141265906,Europe (WGSRPD:1),native range,en,
141265906,temperate Asia (WGSRPD:3),native range,en,
141265907,Europe (WGSRPD:1),native range,en,
141265908,Southern America (WGSRPD:8),native range,en,
141265909,Africa (WGSRPD:2),native range,en,
141265909,Europe (WGSRPD:1),native range,en,
141265909,temperate Asia (WGSRPD:3),native range,en,
141265910,Australasia (WGSRPD:5),native range,en,
141265911,pan-American,native range,en,
141265912,Australasia (WGSRPD:5),native range,en,
141265913,Asia,native range,en,
141265914,Northern America (WGSRPD:7),native range,en,
141265915,Northern America (WGSRPD:7),native range,en,
141265916,Africa (WGSRPD:2),native range,en,
141265917,Africa (WGSRPD:2),native range,en,
141265918,Europe (WGSRPD:1),native range,en,
141265918,temperate Asia (WGSRPD:3),native range,en,
141265919,Africa (WGSRPD:2),native range,en,
141265919,Europe (WGSRPD:1),native range,en,
141265919,temperate Asia (WGSRPD:3),native range,en,
141265920,Pantropical,native range,en,
141265921,Africa (WGSRPD:2),native range,en,
141265921,Europe (WGSRPD:1),native range,en,
141265921,temperate Asia (WGSRPD:3),native range,en,
141265922,Europe (WGSRPD:1),native range,en,
141265922,Northern America (WGSRPD:7),native range,en,
141265922,temperate Asia (WGSRPD:3),native range,en,
141265923,Southern America (WGSRPD:8),native range,en,
141265924,Northern America (WGSRPD:7),native range,en,
141265925,Europe (WGSRPD:1),native range,en,
141265926,pan-American,native range,en,
141265928,Europe (WGSRPD:1),native range,en,
141265929,Africa (WGSRPD:2),native range,en,
141265929,temperate Asia (WGSRPD:3),native range,en,
141265930,Africa (WGSRPD:2),native range,en,
141265930,Europe (WGSRPD:1),native range,en,
141265930,temperate Asia (WGSRPD:3),native range,en,
141265931,Europe (WGSRPD:1),native range,en,
141265932,Europe (WGSRPD:1),native range,en,
141265933,Europe (WGSRPD:1),native range,en,
141265934,Africa (WGSRPD:2),native range,en,
141265934,Europe (WGSRPD:1),native range,en,
141265934,temperate Asia (WGSRPD:3),native range,en,
141265935,Africa (WGSRPD:2),native range,en,
141265935,Europe (WGSRPD:1),native range,en,
141265935,temperate Asia (WGSRPD:3),native range,en,
141265936,Africa (WGSRPD:2),native range,en,
141265936,Europe (WGSRPD:1),native range,en,
141265936,temperate Asia (WGSRPD:3),native range,en,
141265937,Europe (WGSRPD:1),native range,en,
141265938,Africa (WGSRPD:2),native range,en,
141265938,Europe (WGSRPD:1),native range,en,
141265939,Africa (WGSRPD:2),native range,en,
141265939,Europe (WGSRPD:1),native range,en,
141265939,temperate Asia (WGSRPD:3),native range,en,
141265940,Europe (WGSRPD:1),native range,en,
141265941,Africa (WGSRPD:2),native range,en,
141265941,Europe (WGSRPD:1),native range,en,
141265941,temperate Asia (WGSRPD:3),native range,en,
141265942,Europe (WGSRPD:1),native range,en,
141265942,temperate Asia (WGSRPD:3),native range,en,
141265943,Europe (WGSRPD:1),native range,en,
141265943,temperate Asia (WGSRPD:3),native range,en,
141265944,Europe (WGSRPD:1),native range,en,
141265945,Africa (WGSRPD:2),native range,en,
141265945,Europe (WGSRPD:1),native range,en,
141265946,Europe (WGSRPD:1),native range,en,
141265947,Europe (WGSRPD:1),native range,en,
141265949,Africa (WGSRPD:2),native range,en,
141265950,Europe (WGSRPD:1),native range,en,
141265951,Africa (WGSRPD:2),native range,en,
141265951,Asia,native range,en,
141265952,Europe (WGSRPD:1),native range,en,
141265953,cultivated origin,native range,en,
141265954,Europe (WGSRPD:1),native range,en,
141265954,temperate Asia (WGSRPD:3),native range,en,
141265955,Africa (WGSRPD:2),native range,en,
141265955,Europe (WGSRPD:1),native range,en,
141265955,temperate Asia (WGSRPD:3),native range,en,
141265956,temperate Asia (WGSRPD:3),native range,en,
141265957,temperate Asia (WGSRPD:3),native range,en,
141265958,Africa (WGSRPD:2),native range,en,
141265958,Europe (WGSRPD:1),native range,en,
141265958,Northern America (WGSRPD:7),native range,en,
141265958,temperate Asia (WGSRPD:3),native range,en,
141265959,Europe (WGSRPD:1),native range,en,
141265959,temperate Asia (WGSRPD:3),native range,en,
141265960,Africa (WGSRPD:2),native range,en,
141265960,Europe (WGSRPD:1),native range,en,
141265960,temperate Asia (WGSRPD:3),native range,en,
141265961,Europe (WGSRPD:1),native range,en,
141265961,temperate Asia (WGSRPD:3),native range,en,
141265962,Northern America (WGSRPD:7),native range,en,
141265963,Africa (WGSRPD:2),native range,en,
141265963,Europe (WGSRPD:1),native range,en,
141265963,temperate Asia (WGSRPD:3),native range,en,
141265964,Northern America (WGSRPD:7),native range,en,
141265965,Africa (WGSRPD:2),native range,en,
141265965,Europe (WGSRPD:1),native range,en,
141265965,temperate Asia (WGSRPD:3),native range,en,
141265966,Europe (WGSRPD:1),native range,en,
141265967,Europe (WGSRPD:1),native range,en,
141265967,temperate Asia (WGSRPD:3),native range,en,
141265968,Africa (WGSRPD:2),native range,en,
141265968,Europe (WGSRPD:1),native range,en,
141265968,temperate Asia (WGSRPD:3),native range,en,
141265969,Europe (WGSRPD:1),native range,en,
141265969,temperate Asia (WGSRPD:3),native range,en,
141265970,Europe (WGSRPD:1),native range,en,
141265970,temperate Asia (WGSRPD:3),native range,en,
141265971,Africa (WGSRPD:2),native range,en,
141265972,Africa (WGSRPD:2),native range,en,
141265972,Europe (WGSRPD:1),native range,en,
141265972,temperate Asia (WGSRPD:3),native range,en,
141265973,Europe (WGSRPD:1),native range,en,
141265973,temperate Asia (WGSRPD:3),native range,en,
141265974,Europe (WGSRPD:1),native range,en,
141265975,Africa (WGSRPD:2),native range,en,
141265975,Europe (WGSRPD:1),native range,en,
141265975,temperate Asia (WGSRPD:3),native range,en,
141265976,Southern America (WGSRPD:8),native range,en,
141265977,Europe (WGSRPD:1),native range,en,
141265977,temperate Asia (WGSRPD:3),native range,en,
141265978,Africa (WGSRPD:2),native range,en,
141265978,Europe (WGSRPD:1),native range,en,
141265979,Europe (WGSRPD:1),native range,en,
141265979,temperate Asia (WGSRPD:3),native range,en,
141265980,hybrid origin,native range,en,
141265981,Europe (WGSRPD:1),native range,en,
141265981,temperate Asia (WGSRPD:3),native range,en,
141265982,Africa (WGSRPD:2),native range,en,
141265983,Australasia (WGSRPD:5),native range,en,
141265984,Africa (WGSRPD:2),native range,en,
141265985,Europe (WGSRPD:1),native range,en,
141265985,temperate Asia (WGSRPD:3),native range,en,
141265986,Africa (WGSRPD:2),native range,en,
141265987,Africa (WGSRPD:2),native range,en,
141265987,Europe (WGSRPD:1),native range,en,
141265987,temperate Asia (WGSRPD:3),native range,en,
141265988,Africa (WGSRPD:2),native range,en,
141265988,Europe (WGSRPD:1),native range,en,
141265988,temperate Asia (WGSRPD:3),native range,en,
141265989,Africa (WGSRPD:2),native range,en,
141265989,Europe (WGSRPD:1),native range,en,
141265989,temperate Asia (WGSRPD:3),native range,en,
141265990,Europe (WGSRPD:1),native range,en,
141265991,Africa (WGSRPD:2),native range,en,
141265991,Europe (WGSRPD:1),native range,en,
141265991,temperate Asia (WGSRPD:3),native range,en,
141265992,Africa (WGSRPD:2),native range,en,
141265992,Europe (WGSRPD:1),native range,en,
141265993,cultivated origin,native range,en,
141265994,Africa (WGSRPD:2),native range,en,
141265994,Europe (WGSRPD:1),native range,en,
141265995,Europe (WGSRPD:1),native range,en,
141265996,Africa (WGSRPD:2),native range,en,
141265996,Europe (WGSRPD:1),native range,en,
141265996,temperate Asia (WGSRPD:3),native range,en,
141265997,temperate Asia (WGSRPD:3),native range,en,
141265998,Europe (WGSRPD:1),native range,en,
141265998,temperate Asia (WGSRPD:3),native range,en,
141265999,Australasia (WGSRPD:5),native range,en,
141266000,Europe (WGSRPD:1),native range,en,
141266001,Africa (WGSRPD:2),native range,en,
141266001,Europe (WGSRPD:1),native range,en,
141266002,Europe (WGSRPD:1),native range,en,
141266002,temperate Asia (WGSRPD:3),native range,en,
141266003,Africa (WGSRPD:2),native range,en,
141266003,Europe (WGSRPD:1),native range,en,
141266003,temperate Asia (WGSRPD:3),native range,en,
141266004,Africa (WGSRPD:2),native range,en,
141266004,Europe (WGSRPD:1),native range,en,
141266005,Africa (WGSRPD:2),native range,en,
141266005,Europe (WGSRPD:1),native range,en,
141266005,temperate Asia (WGSRPD:3),native range,en,
141266006,Europe (WGSRPD:1),native range,en,
141266006,temperate Asia (WGSRPD:3),native range,en,
141266007,Africa (WGSRPD:2),native range,en,
141266007,Europe (WGSRPD:1),native range,en,
141266007,temperate Asia (WGSRPD:3),native range,en,
141266008,Europe (WGSRPD:1),native range,en,
141266009,Southern America (WGSRPD:8),native range,en,
141266010,Africa (WGSRPD:2),native range,en,
141266010,Europe (WGSRPD:1),native range,en,
141266010,temperate Asia (WGSRPD:3),native range,en,
141266011,Africa (WGSRPD:2),native range,en,
141266011,Europe (WGSRPD:1),native range,en,
141266011,temperate Asia (WGSRPD:3),native range,en,
141266012,Europe (WGSRPD:1),native range,en,
141266012,temperate Asia (WGSRPD:3),native range,en,
141266013,Europe (WGSRPD:1),native range,en,
141266014,Africa (WGSRPD:2),native range,en,
141266014,Europe (WGSRPD:1),native range,en,
141266014,temperate Asia (WGSRPD:3),native range,en,
141266015,Europe (WGSRPD:1),native range,en,
141266015,temperate Asia (WGSRPD:3),native range,en,
141266016,Africa (WGSRPD:2),native range,en,
141266017,Europe (WGSRPD:1),native range,en,
141266018,Europe (WGSRPD:1),native range,en,
141266019,Europe (WGSRPD:1),native range,en,
141266020,Europe (WGSRPD:1),native range,en,
141266020,temperate Asia (WGSRPD:3),native range,en,
141266021,Northern America (WGSRPD:7),native range,en,
141266022,Africa (WGSRPD:2),native range,en,
141266022,Europe (WGSRPD:1),native range,en,
141266022,temperate Asia (WGSRPD:3),native range,en,
141266023,Northern America (WGSRPD:7),native range,en,
141266024,temperate Asia (WGSRPD:3),native range,en,
141266025,temperate Asia (WGSRPD:3),native range,en,
141266026,Asia,native range,en,
141266026,Europe (WGSRPD:1),native range,en,
141266027,Europe (WGSRPD:1),native range,en,
141266028,Africa (WGSRPD:2),native range,en,
141266028,Europe (WGSRPD:1),native range,en,
141266028,temperate Asia (WGSRPD:3),native range,en,
141266029,Europe (WGSRPD:1),native range,en,
141266029,temperate Asia (WGSRPD:3),native range,en,
141266030,Europe (WGSRPD:1),native range,en,
141266031,Europe (WGSRPD:1),native range,en,
141266032,Africa (WGSRPD:2),native range,en,
141266032,Europe (WGSRPD:1),native range,en,
141266032,temperate Asia (WGSRPD:3),native range,en,
141266033,temperate Asia (WGSRPD:3),native range,en,
141266034,Africa (WGSRPD:2),native range,en,
141266034,Europe (WGSRPD:1),native range,en,
141266034,temperate Asia (WGSRPD:3),native range,en,
141266035,Northern America (WGSRPD:7),native range,en,
141266036,Europe (WGSRPD:1),native range,en,
141266037,Europe (WGSRPD:1),native range,en,
141266037,temperate Asia (WGSRPD:3),native range,en,
141266038,Africa (WGSRPD:2),native range,en,
141266038,Europe (WGSRPD:1),native range,en,
141266039,Europe (WGSRPD:1),native range,en,
141266039,temperate Asia (WGSRPD:3),native range,en,
141266040,Europe (WGSRPD:1),native range,en,
141266041,Europe (WGSRPD:1),native range,en,
141266042,Europe (WGSRPD:1),native range,en,
141266042,temperate Asia (WGSRPD:3),native range,en,
141266043,Europe (WGSRPD:1),native range,en,
141266043,temperate Asia (WGSRPD:3),native range,en,
141266044,temperate Asia (WGSRPD:3),native range,en,
141266045,Africa (WGSRPD:2),native range,en,
141266045,Europe (WGSRPD:1),native range,en,
141266045,temperate Asia (WGSRPD:3),native range,en,
141266046,Europe (WGSRPD:1),native range,en,
141266047,Europe (WGSRPD:1),native range,en,
141266047,temperate Asia (WGSRPD:3),native range,en,
141266048,Europe (WGSRPD:1),native range,en,
141266048,temperate Asia (WGSRPD:3),native range,en,
141266050,Europe (WGSRPD:1),native range,en,
141266051,Africa (WGSRPD:2),native range,en,
141266051,Europe (WGSRPD:1),native range,en,
141266051,temperate Asia (WGSRPD:3),native range,en,
141266052,Africa (WGSRPD:2),native range,en,
141266052,Europe (WGSRPD:1),native range,en,
141266052,temperate Asia (WGSRPD:3),native range,en,
141266053,Africa (WGSRPD:2),native range,en,
141266053,Europe (WGSRPD:1),native range,en,
141266053,temperate Asia (WGSRPD:3),native range,en,
141266054,cultivated origin,native range,en,
141266055,Europe (WGSRPD:1),native range,en,
141266055,temperate Asia (WGSRPD:3),native range,en,
141266057,Africa (WGSRPD:2),native range,en,
141266057,Europe (WGSRPD:1),native range,en,
141266057,temperate Asia (WGSRPD:3),native range,en,
141266058,Europe (WGSRPD:1),native range,en,
141266059,Europe (WGSRPD:1),native range,en,
141266060,pan-American,native range,en,
141266061,Africa (WGSRPD:2),native range,en,
141266061,Europe (WGSRPD:1),native range,en,
141266061,temperate Asia (WGSRPD:3),native range,en,
141266062,temperate Asia (WGSRPD:3),native range,en,
141266063,Europe (WGSRPD:1),native range,en,
141266063,temperate Asia (WGSRPD:3),native range,en,
141266064,Europe (WGSRPD:1),native range,en,
141266065,Europe (WGSRPD:1),native range,en,
141266066,Europe (WGSRPD:1),native range,en,
141266067,Europe (WGSRPD:1),native range,en,
141266067,temperate Asia (WGSRPD:3),native range,en,
141266068,Australasia (WGSRPD:5),native range,en,
141266069,temperate Asia (WGSRPD:3),native range,en,
141266070,Europe (WGSRPD:1),native range,en,
141266070,temperate Asia (WGSRPD:3),native range,en,
141266071,Africa (WGSRPD:2),native range,en,
141266071,Europe (WGSRPD:1),native range,en,
141266071,temperate Asia (WGSRPD:3),native range,en,
141266072,temperate Asia (WGSRPD:3),native range,en,
141266073,Europe (WGSRPD:1),native range,en,
141266073,temperate Asia (WGSRPD:3),native range,en,
141266074,temperate Asia (WGSRPD:3),native range,en,
141266075,Europe (WGSRPD:1),native range,en,
141266076,Africa (WGSRPD:2),native range,en,
141266076,Europe (WGSRPD:1),native range,en,
141266076,temperate Asia (WGSRPD:3),native range,en,
141266077,Africa (WGSRPD:2),native range,en,
141266077,Europe (WGSRPD:1),native range,en,
141266077,temperate Asia (WGSRPD:3),native range,en,
141266078,Africa (WGSRPD:2),native range,en,
141266078,Europe (WGSRPD:1),native range,en,
141266078,temperate Asia (WGSRPD:3),native range,en,
141266079,Africa (WGSRPD:2),native range,en,
141266079,Europe (WGSRPD:1),native range,en,
141266079,temperate Asia (WGSRPD:3),native range,en,
141266080,Africa (WGSRPD:2),native range,en,
141266080,Europe (WGSRPD:1),native range,en,
141266080,temperate Asia (WGSRPD:3),native range,en,
141266081,Europe (WGSRPD:1),native range,en,
141266081,temperate Asia (WGSRPD:3),native range,en,
141266082,Africa (WGSRPD:2),native range,en,
141266082,Europe (WGSRPD:1),native range,en,
141266082,temperate Asia (WGSRPD:3),native range,en,
141266083,Africa (WGSRPD:2),native range,en,
141266083,Europe (WGSRPD:1),native range,en,
141266083,temperate Asia (WGSRPD:3),native range,en,
141266084,Africa (WGSRPD:2),native range,en,
141266084,Europe (WGSRPD:1),native range,en,
141266084,temperate Asia (WGSRPD:3),native range,en,
141266085,Europe (WGSRPD:1),native range,en,
141266086,temperate Asia (WGSRPD:3),native range,en,
141266087,Europe (WGSRPD:1),native range,en,
141266087,temperate Asia (WGSRPD:3),native range,en,
141266088,Europe (WGSRPD:1),native range,en,
141266088,temperate Asia (WGSRPD:3),native range,en,
141266089,Europe (WGSRPD:1),native range,en,
141266089,temperate Asia (WGSRPD:3),native range,en,
141266090,Africa (WGSRPD:2),native range,en,
141266090,Europe (WGSRPD:1),native range,en,
141266090,temperate Asia (WGSRPD:3),native range,en,
141266091,Europe (WGSRPD:1),native range,en,
141266091,temperate Asia (WGSRPD:3),native range,en,
141266092,Africa (WGSRPD:2),native range,en,
141266092,Europe (WGSRPD:1),native range,en,
141266093,Africa (WGSRPD:2),native range,en,
141266093,Europe (WGSRPD:1),native range,en,
141266093,temperate Asia (WGSRPD:3),native range,en,
141266094,Africa (WGSRPD:2),native range,en,
141266094,Europe (WGSRPD:1),native range,en,
141266094,temperate Asia (WGSRPD:3),native range,en,
141266095,temperate Asia (WGSRPD:3),native range,en,
141266096,Europe (WGSRPD:1),native range,en,
141266096,temperate Asia (WGSRPD:3),native range,en,
141266097,Africa (WGSRPD:2),native range,en,
141266097,Europe (WGSRPD:1),native range,en,
141266097,temperate Asia (WGSRPD:3),native range,en,
141266098,temperate Asia (WGSRPD:3),native range,en,
141266099,Africa (WGSRPD:2),native range,en,
141266099,Europe (WGSRPD:1),native range,en,
141266099,temperate Asia (WGSRPD:3),native range,en,
141266100,temperate Asia (WGSRPD:3),native range,en,
141266102,Southern America (WGSRPD:8),native range,en,
141266103,Europe (WGSRPD:1),native range,en,
141266103,temperate Asia (WGSRPD:3),native range,en,
141266104,Southern America (WGSRPD:8),native range,en,
141266105,Africa (WGSRPD:2),native range,en,
141266105,Europe (WGSRPD:1),native range,en,
141266105,temperate Asia (WGSRPD:3),native range,en,
141266106,Northern America (WGSRPD:7),native range,en,
141266107,temperate Asia (WGSRPD:3),native range,en,
141266108,pan-American,native range,en,
141266109,hybrid origin,native range,en,
141266110,Northern America (WGSRPD:7),native range,en,
141266111,Australasia (WGSRPD:5),native range,en,
141266112,Southern America (WGSRPD:8),native range,en,
141266113,Africa (WGSRPD:2),native range,en,
141266114,Northern America (WGSRPD:7),native range,en,
141266115,Africa (WGSRPD:2),native range,en,
141266116,Northern America (WGSRPD:7),native range,en,
141266117,Australasia (WGSRPD:5),native range,en,
141266118,Pantropical,native range,en,
141266119,Southern America (WGSRPD:8),native range,en,
141266120,Southern America (WGSRPD:8),native range,en,
141266121,hybrid origin,native range,en,
141266122,temperate Asia (WGSRPD:3),native range,en,
141266123,Northern America (WGSRPD:7),native range,en,
141266124,hybrid origin,native range,en,
141266125,Africa (WGSRPD:2),native range,en,
141266125,Europe (WGSRPD:1),native range,en,
141266125,temperate Asia (WGSRPD:3),native range,en,
141266126,Northern America (WGSRPD:7),native range,en,
141266127,Africa (WGSRPD:2),native range,en,
141266127,Europe (WGSRPD:1),native range,en,
141266127,temperate Asia (WGSRPD:3),native range,en,
141266128,hybrid origin,native range,en,
141266129,Northern America (WGSRPD:7),native range,en,
141266130,Africa (WGSRPD:2),native range,en,
141266130,Europe (WGSRPD:1),native range,en,
141266131,Northern America (WGSRPD:7),native range,en,
141266132,hybrid origin,native range,en,
141266133,Australasia (WGSRPD:5),native range,en,
141266134,temperate Asia (WGSRPD:3),native range,en,
141266135,hybrid origin,native range,en,
141266136,Europe (WGSRPD:1),native range,en,
141266137,Africa (WGSRPD:2),native range,en,
141266138,Southern America (WGSRPD:8),native range,en,
141266139,Australasia (WGSRPD:5),native range,en,
141266140,Northern America (WGSRPD:7),native range,en,
141266140,temperate Asia (WGSRPD:3),native range,en,
141266141,tropical Asia (WGSRPD:4),native range,en,
141266142,Australasia (WGSRPD:5),native range,en,
141266143,Australasia (WGSRPD:5),native range,en,
141266144,Australasia (WGSRPD:5),native range,en,
141266145,Europe (WGSRPD:1),native range,en,
141266145,temperate Asia (WGSRPD:3),native range,en,
141266146,hybrid origin,native range,en,
141266147,Southern America (WGSRPD:8),native range,en,
141266148,Africa (WGSRPD:2),native range,en,
141266149,Europe (WGSRPD:1),native range,en,
141266150,Southern America (WGSRPD:8),native range,en,
141266151,temperate Asia (WGSRPD:3),native range,en,
141266152,Africa (WGSRPD:2),native range,en,
141266152,Australasia (WGSRPD:5),native range,en,
141266152,tropical Asia (WGSRPD:4),native range,en,
141266153,Australasia (WGSRPD:5),native range,en,
141266154,Southern America (WGSRPD:8),native range,en,
141266155,pan-American,native range,en,
141266156,Northern America (WGSRPD:7),native range,en,
141266157,Northern America (WGSRPD:7),native range,en,
141266158,Northern America (WGSRPD:7),native range,en,
141266159,Africa (WGSRPD:2),native range,en,
141266159,Asia,native range,en,
141266159,Europe (WGSRPD:1),native range,en,
141266160,Australasia (WGSRPD:5),native range,en,
141266161,Europe (WGSRPD:1),native range,en,
141266162,Australasia (WGSRPD:5),native range,en,
141266163,Europe (WGSRPD:1),native range,en,
141266164,Africa (WGSRPD:2),native range,en,
141266164,Europe (WGSRPD:1),native range,en,
141266164,temperate Asia (WGSRPD:3),native range,en,
141266165,Southern America (WGSRPD:8),native range,en,
141266166,Europe (WGSRPD:1),native range,en,
141266166,temperate Asia (WGSRPD:3),native range,en,
141266167,Southern America (WGSRPD:8),native range,en,
141266168,Europe (WGSRPD:1),native range,en,
141266168,temperate Asia (WGSRPD:3),native range,en,
141266169,Southern America (WGSRPD:8),native range,en,
141266170,Southern America (WGSRPD:8),native range,en,
141266171,Africa (WGSRPD:2),native range,en,
141266172,Pantropical,native range,en,
141266173,Europe (WGSRPD:1),native range,en,
141266173,temperate Asia (WGSRPD:3),native range,en,
141266174,Australasia (WGSRPD:5),native range,en,
141266175,Southern America (WGSRPD:8),native range,en,
141266176,hybrid origin,native range,en,
141266177,Southern America (WGSRPD:8),native range,en,
141266178,Australasia (WGSRPD:5),native range,en,
141266179,Pantropical,native range,en,
141266180,Australasia (WGSRPD:5),native range,en,
141266181,Europe (WGSRPD:1),native range,en,
141266181,temperate Asia (WGSRPD:3),native range,en,
141266182,Northern America (WGSRPD:7),native range,en,
141266183,Africa (WGSRPD:2),native range,en,
141266183,Asia,native range,en,
141266183,Europe (WGSRPD:1),native range,en,
141266184,Northern America (WGSRPD:7),native range,en,
141266185,temperate Asia (WGSRPD:3),native range,en,
141266186,Australasia (WGSRPD:5),native range,en,
141266187,Northern America (WGSRPD:7),native range,en,
141266188,temperate Asia (WGSRPD:3),native range,en,
141266189,Australasia (WGSRPD:5),native range,en,
141266190,Northern America (WGSRPD:7),native range,en,
141266191,Australasia (WGSRPD:5),native range,en,
141266192,Australasia (WGSRPD:5),native range,en,
141266193,Australasia (WGSRPD:5),native range,en,
141266194,Europe (WGSRPD:1),native range,en,
141266194,temperate Asia (WGSRPD:3),native range,en,
141266195,Northern America (WGSRPD:7),native range,en,
141266196,Southern America (WGSRPD:8),native range,en,
141266197,Europe (WGSRPD:1),native range,en,
141266197,temperate Asia (WGSRPD:3),native range,en,
141266198,Africa (WGSRPD:2),native range,en,
141266198,Europe (WGSRPD:1),native range,en,
141266198,temperate Asia (WGSRPD:3),native range,en,
141266199,Northern America (WGSRPD:7),native range,en,
141266200,Europe (WGSRPD:1),native range,en,
141266200,temperate Asia (WGSRPD:3),native range,en,
141266201,Europe (WGSRPD:1),native range,en,
141266202,Southern America (WGSRPD:8),native range,en,
141266203,Australasia (WGSRPD:5),native range,en,
141266204,Europe (WGSRPD:1),native range,en,
141266204,temperate Asia (WGSRPD:3),native range,en,
141266205,Southern America (WGSRPD:8),native range,en,
141266206,Africa (WGSRPD:2),native range,en,
141266206,Europe (WGSRPD:1),native range,en,
141266206,temperate Asia (WGSRPD:3),native range,en,
141266207,Australasia (WGSRPD:5),native range,en,
141266208,Australasia (WGSRPD:5),native range,en,
141266210,Europe (WGSRPD:1),native range,en,
141266210,temperate Asia (WGSRPD:3),native range,en,
141266211,Africa (WGSRPD:2),native range,en,
141266211,Europe (WGSRPD:1),native range,en,
141266211,temperate Asia (WGSRPD:3),native range,en,
141266212,temperate Asia (WGSRPD:3),native range,en,
141266213,temperate Asia (WGSRPD:3),native range,en,
141266214,temperate Asia (WGSRPD:3),native range,en,
141266215,Africa (WGSRPD:2),native range,en,
141266215,Europe (WGSRPD:1),native range,en,
141266215,temperate Asia (WGSRPD:3),native range,en,
141266216,hybrid origin,native range,en,
141266217,temperate Asia (WGSRPD:3),native range,en,
141266218,Northern America (WGSRPD:7),native range,en,
141266219,Europe (WGSRPD:1),native range,en,
141266220,Europe (WGSRPD:1),native range,en,
141266220,temperate Asia (WGSRPD:3),native range,en,
141266221,Europe (WGSRPD:1),native range,en,
141266221,temperate Asia (WGSRPD:3),native range,en,
141266222,temperate Asia (WGSRPD:3),native range,en,
141266223,temperate Asia (WGSRPD:3),native range,en,
141266224,Asia,native range,en,
141266225,Europe (WGSRPD:1),native range,en,
141266225,temperate Asia (WGSRPD:3),native range,en,
141266226,Northern America (WGSRPD:7),native range,en,
141266227,temperate Asia (WGSRPD:3),native range,en,
141266228,Europe (WGSRPD:1),native range,en,
141266229,Africa (WGSRPD:2),native range,en,
141266229,Europe (WGSRPD:1),native range,en,
141266229,temperate Asia (WGSRPD:3),native range,en,
141266230,Africa (WGSRPD:2),native range,en,
141266230,Europe (WGSRPD:1),native range,en,
141266231,cultivated origin,native range,en,
141266232,Africa (WGSRPD:2),native range,en,
141266232,Europe (WGSRPD:1),native range,en,
141266232,temperate Asia (WGSRPD:3),native range,en,
141266233,temperate Asia (WGSRPD:3),native range,en,
141266234,Africa (WGSRPD:2),native range,en,
141266234,Europe (WGSRPD:1),native range,en,
141266234,temperate Asia (WGSRPD:3),native range,en,
141266235,Africa (WGSRPD:2),native range,en,
141266235,Europe (WGSRPD:1),native range,en,
141266235,temperate Asia (WGSRPD:3),native range,en,
141266236,Asia,native range,en,
141266237,Southern America (WGSRPD:8),native range,en,
141266238,Africa (WGSRPD:2),native range,en,
141266238,Europe (WGSRPD:1),native range,en,
141266238,temperate Asia (WGSRPD:3),native range,en,
141266239,Pantropical,native range,en,
141266240,Europe (WGSRPD:1),native range,en,
141266241,temperate Asia (WGSRPD:3),native range,en,
141266242,Africa (WGSRPD:2),native range,en,
141266242,Europe (WGSRPD:1),native range,en,
141266242,temperate Asia (WGSRPD:3),native range,en,
141266243,cultivated origin,native range,en,
141266244,Europe (WGSRPD:1),native range,en,
141266245,Europe (WGSRPD:1),native range,en,
141266246,Europe (WGSRPD:1),native range,en,
141266246,temperate Asia (WGSRPD:3),native range,en,
141266247,Europe (WGSRPD:1),native range,en,
141266247,temperate Asia (WGSRPD:3),native range,en,
141266248,Africa (WGSRPD:2),native range,en,
141266248,Europe (WGSRPD:1),native range,en,
141266248,temperate Asia (WGSRPD:3),native range,en,
141266249,Europe (WGSRPD:1),native range,en,
141266249,temperate Asia (WGSRPD:3),native range,en,
141266250,Europe (WGSRPD:1),native range,en,
141266250,temperate Asia (WGSRPD:3),native range,en,
141266251,Africa (WGSRPD:2),native range,en,
141266251,Europe (WGSRPD:1),native range,en,
141266251,temperate Asia (WGSRPD:3),native range,en,
141266252,hybrid origin,native range,en,
141266253,Africa (WGSRPD:2),native range,en,
141266253,Europe (WGSRPD:1),native range,en,
141266253,temperate Asia (WGSRPD:3),native range,en,
141266254,Europe (WGSRPD:1),native range,en,
141266254,temperate Asia (WGSRPD:3),native range,en,
141266255,temperate Asia (WGSRPD:3),native range,en,
141266256,temperate Asia (WGSRPD:3),native range,en,
141266257,Europe (WGSRPD:1),native range,en,
141266257,temperate Asia (WGSRPD:3),native range,en,
141266258,Africa (WGSRPD:2),native range,en,
141266258,Europe (WGSRPD:1),native range,en,
141266258,temperate Asia (WGSRPD:3),native range,en,
141266259,temperate Asia (WGSRPD:3),native range,en,
141266260,Northern America (WGSRPD:7),native range,en,
141266261,Africa (WGSRPD:2),native range,en,
141266261,Europe (WGSRPD:1),native range,en,
141266262,Europe (WGSRPD:1),native range,en,
141266262,temperate Asia (WGSRPD:3),native range,en,
141266263,Europe (WGSRPD:1),native range,en,
141266264,cultivated origin,native range,en,
141266265,Europe (WGSRPD:1),native range,en,
141266266,Africa (WGSRPD:2),native range,en,
141266266,Europe (WGSRPD:1),native range,en,
141266266,temperate Asia (WGSRPD:3),native range,en,
141266267,Africa (WGSRPD:2),native range,en,
141266267,Europe (WGSRPD:1),native range,en,
141266267,temperate Asia (WGSRPD:3),native range,en,
141266268,temperate Asia (WGSRPD:3),native range,en,
141266269,Europe (WGSRPD:1),native range,en,
141266270,Africa (WGSRPD:2),native range,en,
141266270,Europe (WGSRPD:1),native range,en,
141266270,temperate Asia (WGSRPD:3),native range,en,
141266271,Asia,native range,en,
141266272,Europe (WGSRPD:1),native range,en,
141266272,temperate Asia (WGSRPD:3),native range,en,
141266273,Africa (WGSRPD:2),native range,en,
141266273,Europe (WGSRPD:1),native range,en,
141266273,temperate Asia (WGSRPD:3),native range,en,
141266274,Africa (WGSRPD:2),native range,en,
141266274,Europe (WGSRPD:1),native range,en,
141266274,temperate Asia (WGSRPD:3),native range,en,
141266275,Europe (WGSRPD:1),native range,en,
141266276,Africa (WGSRPD:2),native range,en,
141266276,Europe (WGSRPD:1),native range,en,
141266276,temperate Asia (WGSRPD:3),native range,en,
141266277,temperate Asia (WGSRPD:3),native range,en,
141266278,hybrid origin,native range,en,
141266279,temperate Asia (WGSRPD:3),native range,en,
141266280,Africa (WGSRPD:2),native range,en,
141266280,Europe (WGSRPD:1),native range,en,
141266281,Africa (WGSRPD:2),native range,en,
141266281,Europe (WGSRPD:1),native range,en,
141266281,temperate Asia (WGSRPD:3),native range,en,
141266283,temperate Asia (WGSRPD:3),native range,en,
141266284,temperate Asia (WGSRPD:3),native range,en,
141266285,Northern America (WGSRPD:7),native range,en,
141266286,Africa (WGSRPD:2),native range,en,
141266286,Europe (WGSRPD:1),native range,en,
141266286,temperate Asia (WGSRPD:3),native range,en,
141266287,temperate Asia (WGSRPD:3),native range,en,
141266288,temperate Asia (WGSRPD:3),native range,en,
141266289,Northern America (WGSRPD:7),native range,en,
141266290,temperate Asia (WGSRPD:3),native range,en,
141266291,Northern America (WGSRPD:7),native range,en,
141266292,temperate Asia (WGSRPD:3),native range,en,
141266293,Southern America (WGSRPD:8),native range,en,
141266294,Southern America (WGSRPD:8),native range,en,
141266295,temperate Asia (WGSRPD:3),native range,en,
141266296,Northern America (WGSRPD:7),native range,en,
141266297,Europe (WGSRPD:1),native range,en,
141266298,Northern America (WGSRPD:7),native range,en,
141266300,Africa (WGSRPD:2),native range,en,
141266301,Southern America (WGSRPD:8),native range,en,
141266302,Africa (WGSRPD:2),native range,en,
141266302,Europe (WGSRPD:1),native range,en,
141266302,temperate Asia (WGSRPD:3),native range,en,
141266303,temperate Asia (WGSRPD:3),native range,en,
141266304,Northern America (WGSRPD:7),native range,en,
141266305,Southern America (WGSRPD:8),native range,en,
141266306,Pantropical,native range,en,
141266307,Pantropical,native range,en,
141266309,hybrid origin,native range,en,
141266310,Northern America (WGSRPD:7),native range,en,
141266311,Europe (WGSRPD:1),native range,en,
141266313,Africa (WGSRPD:2),native range,en,
141266314,Africa (WGSRPD:2),native range,en,
141266315,Africa (WGSRPD:2),native range,en,
141266316,Australasia (WGSRPD:5),native range,en,
141266316,Southern America (WGSRPD:8),native range,en,
141266316,tropical Asia (WGSRPD:4),native range,en,
141266317,Pantropical,native range,en,
141266318,Africa (WGSRPD:2),native range,en,
141266318,Europe (WGSRPD:1),native range,en,
141266318,temperate Asia (WGSRPD:3),native range,en,
141266320,Europe (WGSRPD:1),native range,en,
141266321,Southern America (WGSRPD:8),native range,en,
141266322,pan-American,native range,en,
141266323,Northern America (WGSRPD:7),native range,en,
141266323,temperate Asia (WGSRPD:3),native range,en,
141266324,hybrid origin,native range,en,
141266325,pan-American,native range,en,
141266326,Northern America (WGSRPD:7),native range,en,
141266327,Southern America (WGSRPD:8),native range,en,
141266330,Europe (WGSRPD:1),native range,en,
141266330,temperate Asia (WGSRPD:3),native range,en,
141266331,Europe (WGSRPD:1),native range,en,
141266332,Africa (WGSRPD:2),native range,en,
141266332,Europe (WGSRPD:1),native range,en,
141266332,temperate Asia (WGSRPD:3),native range,en,
141266333,Africa (WGSRPD:2),native range,en,
141266333,Europe (WGSRPD:1),native range,en,
141266333,temperate Asia (WGSRPD:3),native range,en,
141266334,temperate Asia (WGSRPD:3),native range,en,
141266335,Northern America (WGSRPD:7),native range,en,
141266336,Northern America (WGSRPD:7),native range,en,
141266337,Europe (WGSRPD:1),native range,en,
141266337,temperate Asia (WGSRPD:3),native range,en,
141266338,Northern America (WGSRPD:7),native range,en,
141266339,Europe (WGSRPD:1),native range,en,
141266340,temperate Asia (WGSRPD:3),native range,en,
141266341,Europe (WGSRPD:1),native range,en,
141266341,temperate Asia (WGSRPD:3),native range,en,
141266342,Europe (WGSRPD:1),native range,en,
141266343,temperate Asia (WGSRPD:3),native range,en,
141266344,Northern America (WGSRPD:7),native range,en,
141266345,Europe (WGSRPD:1),native range,en,
141266345,temperate Asia (WGSRPD:3),native range,en,
141266346,Northern America (WGSRPD:7),native range,en,
141266347,Europe (WGSRPD:1),native range,en,
141266348,Europe (WGSRPD:1),native range,en,
141266348,temperate Asia (WGSRPD:3),native range,en,
141266349,Europe (WGSRPD:1),native range,en,
141266349,temperate Asia (WGSRPD:3),native range,en,
141266350,Europe (WGSRPD:1),native range,en,
141266350,Northern America (WGSRPD:7),native range,en,
141266350,temperate Asia (WGSRPD:3),native range,en,
141266351,Africa (WGSRPD:2),native range,en,
141266351,Europe (WGSRPD:1),native range,en,
141266352,Northern America (WGSRPD:7),native range,en,
141266353,Africa (WGSRPD:2),native range,en,
141266353,Europe (WGSRPD:1),native range,en,
141266353,temperate Asia (WGSRPD:3),native range,en,
141266354,Europe (WGSRPD:1),native range,en,
141266354,temperate Asia (WGSRPD:3),native range,en,
141266355,Europe (WGSRPD:1),native range,en,
141266355,temperate Asia (WGSRPD:3),native range,en,
141266356,Northern America (WGSRPD:7),native range,en,
141266357,Africa (WGSRPD:2),native range,en,
141266357,Europe (WGSRPD:1),native range,en,
141266357,temperate Asia (WGSRPD:3),native range,en,
141266358,Northern America (WGSRPD:7),native range,en,
141266359,Europe (WGSRPD:1),native range,en,
141266359,temperate Asia (WGSRPD:3),native range,en,
141266360,Northern America (WGSRPD:7),native range,en,
141266361,Northern America (WGSRPD:7),native range,en,
141266362,Southern America (WGSRPD:8),native range,en,
141266363,Europe (WGSRPD:1),native range,en,
141266364,Europe (WGSRPD:1),native range,en,
141266365,Northern America (WGSRPD:7),native range,en,
141266366,Northern America (WGSRPD:7),native range,en,
141266367,temperate Asia (WGSRPD:3),native range,en,
141266368,Europe (WGSRPD:1),native range,en,
141266370,Africa (WGSRPD:2),native range,en,
141266370,Europe (WGSRPD:1),native range,en,
141266370,temperate Asia (WGSRPD:3),native range,en,
141266371,Europe (WGSRPD:1),native range,en,
141266371,temperate Asia (WGSRPD:3),native range,en,
141266372,Europe (WGSRPD:1),native range,en,
141266373,Africa (WGSRPD:2),native range,en,
141266373,Europe (WGSRPD:1),native range,en,
141266373,temperate Asia (WGSRPD:3),native range,en,
141266374,Africa (WGSRPD:2),native range,en,
141266374,Europe (WGSRPD:1),native range,en,
141266374,temperate Asia (WGSRPD:3),native range,en,
141266375,cultivated origin,native range,en,
141266376,temperate Asia (WGSRPD:3),native range,en,
141266377,Europe (WGSRPD:1),native range,en,
141266379,Europe (WGSRPD:1),native range,en,
141266379,temperate Asia (WGSRPD:3),native range,en,
141266380,temperate Asia (WGSRPD:3),native range,en,
141266381,Asia,native range,en,
141266382,temperate Asia (WGSRPD:3),native range,en,
141266383,pan-American,native range,en,
141266385,Australasia (WGSRPD:5),native range,en,
141266386,temperate Asia (WGSRPD:3),native range,en,
141266387,Europe (WGSRPD:1),native range,en,
141266388,Northern America (WGSRPD:7),native range,en,
141266389,hybrid origin,native range,en,
141266390,Europe (WGSRPD:1),native range,en,
141266390,temperate Asia (WGSRPD:3),native range,en,
141266391,hybrid origin,native range,en,
141266392,Europe (WGSRPD:1),native range,en,
141266392,temperate Asia (WGSRPD:3),native range,en,
141266393,Europe (WGSRPD:1),native range,en,
141266394,Northern America (WGSRPD:7),native range,en,
141266395,Europe (WGSRPD:1),native range,en,
141266396,cultivated origin,native range,en,
141266397,temperate Asia (WGSRPD:3),native range,en,
141266399,temperate Asia (WGSRPD:3),native range,en,
141266400,Europe (WGSRPD:1),native range,en,
141266400,temperate Asia (WGSRPD:3),native range,en,
141266401,Europe (WGSRPD:1),native range,en,
141266401,temperate Asia (WGSRPD:3),native range,en,
141266402,Europe (WGSRPD:1),native range,en,
141266402,temperate Asia (WGSRPD:3),native range,en,
141266403,Africa (WGSRPD:2),native range,en,
141266403,Europe (WGSRPD:1),native range,en,
141266403,temperate Asia (WGSRPD:3),native range,en,
141266404,Africa (WGSRPD:2),native range,en,
141266404,Europe (WGSRPD:1),native range,en,
141266404,temperate Asia (WGSRPD:3),native range,en,
141266405,Australasia (WGSRPD:5),native range,en,
141266406,temperate Asia (WGSRPD:3),native range,en,
141266407,temperate Asia (WGSRPD:3),native range,en,
141266408,Northern America (WGSRPD:7),native range,en,
141266409,Africa (WGSRPD:2),native range,en,
141266409,Europe (WGSRPD:1),native range,en,
141266409,temperate Asia (WGSRPD:3),native range,en,
141266410,temperate Asia (WGSRPD:3),native range,en,
141266411,Europe (WGSRPD:1),native range,en,
141266411,temperate Asia (WGSRPD:3),native range,en,
141266412,temperate Asia (WGSRPD:3),native range,en,
141266413,Africa (WGSRPD:2),native range,en,
141266413,Europe (WGSRPD:1),native range,en,
141266413,temperate Asia (WGSRPD:3),native range,en,
141266414,cultivated origin,native range,en,
141266415,temperate Asia (WGSRPD:3),native range,en,
141266416,Southern America (WGSRPD:8),native range,en,
141266417,Africa (WGSRPD:2),native range,en,
141266417,Europe (WGSRPD:1),native range,en,
141266417,temperate Asia (WGSRPD:3),native range,en,
141266418,Europe (WGSRPD:1),native range,en,
141266419,hybrid origin,native range,en,
141266420,Africa (WGSRPD:2),native range,en,
141266420,Europe (WGSRPD:1),native range,en,
141266420,temperate Asia (WGSRPD:3),native range,en,
141266421,temperate Asia (WGSRPD:3),native range,en,
141266422,Asia,native range,en,
141266423,temperate Asia (WGSRPD:3),native range,en,
141266424,Africa (WGSRPD:2),native range,en,
141266425,Europe (WGSRPD:1),native range,en,
141266426,hybrid origin,native range,en,
141266427,Africa (WGSRPD:2),native range,en,
141266427,Europe (WGSRPD:1),native range,en,
141266427,temperate Asia (WGSRPD:3),native range,en,
141266428,Africa (WGSRPD:2),native range,en,
141266428,Europe (WGSRPD:1),native range,en,
141266428,temperate Asia (WGSRPD:3),native range,en,
141266429,hybrid origin,native range,en,
141266430,temperate Asia (WGSRPD:3),native range,en,
141266431,temperate Asia (WGSRPD:3),native range,en,
141266433,temperate Asia (WGSRPD:3),native range,en,
141266434,hybrid origin,native range,en,
141266435,temperate Asia (WGSRPD:3),native range,en,
141266436,Europe (WGSRPD:1),native range,en,
141266437,Northern America (WGSRPD:7),native range,en,
141266439,cultivated origin,native range,en,
141266440,Africa (WGSRPD:2),native range,en,
141266440,Europe (WGSRPD:1),native range,en,
141266440,temperate Asia (WGSRPD:3),native range,en,
141266441,Africa (WGSRPD:2),native range,en,
141266441,Europe (WGSRPD:1),native range,en,
141266441,temperate Asia (WGSRPD:3),native range,en,
141266442,Africa (WGSRPD:2),native range,en,
141266443,Europe (WGSRPD:1),native range,en,
141266444,Africa (WGSRPD:2),native range,en,
141266445,Australasia (WGSRPD:5),native range,en,
141266446,Africa (WGSRPD:2),native range,en,
141266447,Australasia (WGSRPD:5),native range,en,
141266448,Europe (WGSRPD:1),native range,en,
141266449,Africa (WGSRPD:2),native range,en,
141266450,Europe (WGSRPD:1),native range,en,
141266451,Africa (WGSRPD:2),native range,en,
141266451,Europe (WGSRPD:1),native range,en,
141266451,temperate Asia (WGSRPD:3),native range,en,
141266452,cultivated origin,native range,en,
141266453,Africa (WGSRPD:2),native range,en,
141266453,Europe (WGSRPD:1),native range,en,
141266454,cultivated origin,native range,en,
141266455,Africa (WGSRPD:2),native range,en,
141266455,Europe (WGSRPD:1),native range,en,
141266455,temperate Asia (WGSRPD:3),native range,en,
141266456,Europe (WGSRPD:1),native range,en,
141266457,Africa (WGSRPD:2),native range,en,
141266457,Europe (WGSRPD:1),native range,en,
141266457,temperate Asia (WGSRPD:3),native range,en,
141266458,Africa (WGSRPD:2),native range,en,
141266458,Europe (WGSRPD:1),native range,en,
141266458,temperate Asia (WGSRPD:3),native range,en,
141266459,Europe (WGSRPD:1),native range,en,
141266459,temperate Asia (WGSRPD:3),native range,en,
141266460,Africa (WGSRPD:2),native range,en,
141266461,Africa (WGSRPD:2),native range,en,
141266461,Europe (WGSRPD:1),native range,en,
141266461,temperate Asia (WGSRPD:3),native range,en,
141266462,temperate Asia (WGSRPD:3),native range,en,
141266463,Northern America (WGSRPD:7),native range,en,
141266464,Africa (WGSRPD:2),native range,en,
141266465,Africa (WGSRPD:2),native range,en,
141266465,Europe (WGSRPD:1),native range,en,
141266465,temperate Asia (WGSRPD:3),native range,en,
141266466,temperate Asia (WGSRPD:3),native range,en,
141266467,Europe (WGSRPD:1),native range,en,
141266468,Australasia (WGSRPD:5),native range,en,
141266470,Africa (WGSRPD:2),native range,en,
141266470,Europe (WGSRPD:1),native range,en,
141266471,temperate Asia (WGSRPD:3),native range,en,
141266472,Northern America (WGSRPD:7),native range,en,
141266473,Southern America (WGSRPD:8),native range,en,
141266474,Australasia (WGSRPD:5),native range,en,
141266475,cultivated origin,native range,en,
141266476,Europe (WGSRPD:1),native range,en,
141266476,temperate Asia (WGSRPD:3),native range,en,
141266477,Pantropical,native range,en,
141266478,Africa (WGSRPD:2),native range,en,
141266478,Europe (WGSRPD:1),native range,en,
141266479,temperate Asia (WGSRPD:3),native range,en,
141266480,temperate Asia (WGSRPD:3),native range,en,
141266481,Africa (WGSRPD:2),native range,en,
141266481,Europe (WGSRPD:1),native range,en,
141266481,temperate Asia (WGSRPD:3),native range,en,
141266482,Europe (WGSRPD:1),native range,en,
141266482,temperate Asia (WGSRPD:3),native range,en,
141266483,Africa (WGSRPD:2),native range,en,
141266483,Europe (WGSRPD:1),native range,en,
141266483,temperate Asia (WGSRPD:3),native range,en,
141266484,Southern America (WGSRPD:8),native range,en,
141266485,Africa (WGSRPD:2),native range,en,
141266485,Europe (WGSRPD:1),native range,en,
141266485,temperate Asia (WGSRPD:3),native range,en,
141266486,Asia,native range,en,
141266487,cultivated origin,native range,en,
141266488,Africa (WGSRPD:2),native range,en,
141266488,Europe (WGSRPD:1),native range,en,
141266488,temperate Asia (WGSRPD:3),native range,en,
141266489,Southern America (WGSRPD:8),native range,en,
141266490,Europe (WGSRPD:1),native range,en,
141266490,temperate Asia (WGSRPD:3),native range,en,
141266491,pan-American,native range,en,
141266492,Pantropical,native range,en,
141266493,Europe (WGSRPD:1),native range,en,
141266494,Southern America (WGSRPD:8),native range,en,
141266495,Europe (WGSRPD:1),native range,en,
141266496,Africa (WGSRPD:2),native range,en,
141266496,Europe (WGSRPD:1),native range,en,
141266496,temperate Asia (WGSRPD:3),native range,en,
141266497,Europe (WGSRPD:1),native range,en,
141266498,Northern America (WGSRPD:7),native range,en,
141266499,Africa (WGSRPD:2),native range,en,
141266499,Europe (WGSRPD:1),native range,en,
141266499,temperate Asia (WGSRPD:3),native range,en,
141266500,Europe (WGSRPD:1),native range,en,
141266500,temperate Asia (WGSRPD:3),native range,en,
141266501,Europe (WGSRPD:1),native range,en,
141266502,Africa (WGSRPD:2),native range,en,
141266502,Europe (WGSRPD:1),native range,en,
141266502,temperate Asia (WGSRPD:3),native range,en,
141266503,Africa (WGSRPD:2),native range,en,
141266503,Europe (WGSRPD:1),native range,en,
141266503,temperate Asia (WGSRPD:3),native range,en,
141266505,Northern America (WGSRPD:7),native range,en,
141266506,Northern America (WGSRPD:7),native range,en,
141266507,Northern America (WGSRPD:7),native range,en,
141266508,Europe (WGSRPD:1),native range,en,
141266509,Northern America (WGSRPD:7),native range,en,
141266510,Northern America (WGSRPD:7),native range,en,
141266511,Northern America (WGSRPD:7),native range,en,
141266512,pan-American,native range,en,
141266513,pan-American,native range,en,
141266514,pan-American,native range,en,
141266515,Northern America (WGSRPD:7),native range,en,
141266516,Northern America (WGSRPD:7),native range,en,
141266517,Northern America (WGSRPD:7),native range,en,
141266518,Northern America (WGSRPD:7),native range,en,
141266519,Northern America (WGSRPD:7),native range,en,
141266520,Northern America (WGSRPD:7),native range,en,
141266521,Northern America (WGSRPD:7),native range,en,
141266522,Europe (WGSRPD:1),native range,en,
141266522,temperate Asia (WGSRPD:3),native range,en,
141266524,Northern America (WGSRPD:7),native range,en,
141266525,Northern America (WGSRPD:7),native range,en,
141266526,Europe (WGSRPD:1),native range,en,
141266527,Northern America (WGSRPD:7),native range,en,
141266528,Northern America (WGSRPD:7),native range,en,
141266529,Europe (WGSRPD:1),native range,en,
141266530,hybrid origin,native range,en,
141266531,Northern America (WGSRPD:7),native range,en,
141266532,Northern America (WGSRPD:7),native range,en,
141266533,Northern America (WGSRPD:7),native range,en,
141266534,Northern America (WGSRPD:7),native range,en,
141266535,Europe (WGSRPD:1),native range,en,
141266535,temperate Asia (WGSRPD:3),native range,en,
141266536,pan-American,native range,en,
141266537,Northern America (WGSRPD:7),native range,en,
141266538,Northern America (WGSRPD:7),native range,en,
141266539,Europe (WGSRPD:1),native range,en,
141266540,pan-American,native range,en,
141266541,Northern America (WGSRPD:7),native range,en,
141266542,Northern America (WGSRPD:7),native range,en,
141266543,hybrid origin,native range,en,
141266544,hybrid origin,native range,en,
141266545,hybrid origin,native range,en,
141266546,Southern America (WGSRPD:8),native range,en,
141266547,pan-American,native range,en,
141266548,Southern America (WGSRPD:8),native range,en,
141266549,Europe (WGSRPD:1),native range,en,
141266550,Southern America (WGSRPD:8),native range,en,
141266552,Northern America (WGSRPD:7),native range,en,
141266554,hybrid origin,native range,en,
141266555,Europe (WGSRPD:1),native range,en,
141266556,Europe (WGSRPD:1),native range,en,
141266558,hybrid origin,native range,en,
141266560,temperate Asia (WGSRPD:3),native range,en,
141266561,temperate Asia (WGSRPD:3),native range,en,
141266562,Europe (WGSRPD:1),native range,en,
141266563,temperate Asia (WGSRPD:3),native range,en,
141266564,Europe (WGSRPD:1),native range,en,
141266565,Northern America (WGSRPD:7),native range,en,
141266566,cultivated origin,native range,en,
141266567,Northern America (WGSRPD:7),native range,en,
141266568,Europe (WGSRPD:1),native range,en,
141266569,Europe (WGSRPD:1),native range,en,
141266570,Europe (WGSRPD:1),native range,en,
141266570,temperate Asia (WGSRPD:3),native range,en,
141266572,Northern America (WGSRPD:7),native range,en,
141266573,Northern America (WGSRPD:7),native range,en,
141266574,Europe (WGSRPD:1),native range,en,
141266575,Europe (WGSRPD:1),native range,en,
141266575,temperate Asia (WGSRPD:3),native range,en,
141266576,Northern America (WGSRPD:7),native range,en,
141266577,Europe (WGSRPD:1),native range,en,
141266578,Northern America (WGSRPD:7),native range,en,
141266579,Northern America (WGSRPD:7),native range,en,
141266581,Europe (WGSRPD:1),native range,en,
141266581,temperate Asia (WGSRPD:3),native range,en,
141266582,Africa (WGSRPD:2),native range,en,
141266582,Europe (WGSRPD:1),native range,en,
141266582,temperate Asia (WGSRPD:3),native range,en,
141266583,Europe (WGSRPD:1),native range,en,
141266583,temperate Asia (WGSRPD:3),native range,en,
141266584,Africa (WGSRPD:2),native range,en,
141266584,Europe (WGSRPD:1),native range,en,
141266584,temperate Asia (WGSRPD:3),native range,en,
141266585,Europe (WGSRPD:1),native range,en,
141266586,Europe (WGSRPD:1),native range,en,
141266587,Europe (WGSRPD:1),native range,en,
141266587,temperate Asia (WGSRPD:3),native range,en,
141266588,Africa (WGSRPD:2),native range,en,
141266588,Europe (WGSRPD:1),native range,en,
141266588,temperate Asia (WGSRPD:3),native range,en,
141266589,Africa (WGSRPD:2),native range,en,
141266589,Europe (WGSRPD:1),native range,en,
141266589,temperate Asia (WGSRPD:3),native range,en,
141266590,Africa (WGSRPD:2),native range,en,
141266590,Europe (WGSRPD:1),native range,en,
141266590,temperate Asia (WGSRPD:3),native range,en,
141266591,Africa (WGSRPD:2),native range,en,
141266591,Europe (WGSRPD:1),native range,en,
141266591,temperate Asia (WGSRPD:3),native range,en,
141266592,temperate Asia (WGSRPD:3),native range,en,
141266593,Africa (WGSRPD:2),native range,en,
141266593,Europe (WGSRPD:1),native range,en,
141266593,temperate Asia (WGSRPD:3),native range,en,
141266594,Europe (WGSRPD:1),native range,en,
141266595,Europe (WGSRPD:1),native range,en,
141266595,temperate Asia (WGSRPD:3),native range,en,
141266597,pan-American,native range,en,
141266598,Africa (WGSRPD:2),native range,en,
141266598,Europe (WGSRPD:1),native range,en,
141266598,temperate Asia (WGSRPD:3),native range,en,
141266599,Africa (WGSRPD:2),native range,en,
141266600,pan-American,native range,en,
141266601,Africa (WGSRPD:2),native range,en,
141266601,Asia,native range,en,
141266602,Africa (WGSRPD:2),native range,en,
141266603,Europe (WGSRPD:1),native range,en,
141266604,temperate Asia (WGSRPD:3),native range,en,
141266605,pan-American,native range,en,
141266606,Northern America (WGSRPD:7),native range,en,
141266608,Africa (WGSRPD:2),native range,en,
141266608,Europe (WGSRPD:1),native range,en,
141266608,temperate Asia (WGSRPD:3),native range,en,
141266609,Europe (WGSRPD:1),native range,en,
141266610,Africa (WGSRPD:2),native range,en,
141266610,Europe (WGSRPD:1),native range,en,
141266610,temperate Asia (WGSRPD:3),native range,en,
141266611,Africa (WGSRPD:2),native range,en,
141266611,Europe (WGSRPD:1),native range,en,
141266611,temperate Asia (WGSRPD:3),native range,en,
141266612,Africa (WGSRPD:2),native range,en,
141266612,Europe (WGSRPD:1),native range,en,
141266612,temperate Asia (WGSRPD:3),native range,en,
141266613,Europe (WGSRPD:1),native range,en,
141266614,Europe (WGSRPD:1),native range,en,
141266615,Africa (WGSRPD:2),native range,en,
141266615,Europe (WGSRPD:1),native range,en,
141266615,temperate Asia (WGSRPD:3),native range,en,
141266616,Africa (WGSRPD:2),native range,en,
141266616,Europe (WGSRPD:1),native range,en,
141266616,temperate Asia (WGSRPD:3),native range,en,
141266618,Europe (WGSRPD:1),native range,en,
141266618,temperate Asia (WGSRPD:3),native range,en,
141266619,Africa (WGSRPD:2),native range,en,
141266619,Europe (WGSRPD:1),native range,en,
141266619,temperate Asia (WGSRPD:3),native range,en,
141266620,temperate Asia (WGSRPD:3),native range,en,
141266621,Northern America (WGSRPD:7),native range,en,
141266622,Europe (WGSRPD:1),native range,en,
141266623,Africa (WGSRPD:2),native range,en,
141266623,Europe (WGSRPD:1),native range,en,
141266623,temperate Asia (WGSRPD:3),native range,en,
141266624,Northern America (WGSRPD:7),native range,en,
141266625,Europe (WGSRPD:1),native range,en,
141266625,temperate Asia (WGSRPD:3),native range,en,
141266626,Europe (WGSRPD:1),native range,en,
141266627,Northern America (WGSRPD:7),native range,en,
141266628,Northern America (WGSRPD:7),native range,en,
141266629,cultivated origin,native range,en,
141266630,Northern America (WGSRPD:7),native range,en,
141266631,Europe (WGSRPD:1),native range,en,
141266631,temperate Asia (WGSRPD:3),native range,en,
141266632,temperate Asia (WGSRPD:3),native range,en,
141266633,hybrid origin,native range,en,
141266634,cultivated origin,native range,en,
141266635,Europe (WGSRPD:1),native range,en,
141266637,cultivated origin,native range,en,
141266638,Europe (WGSRPD:1),native range,en,
141266639,Northern America (WGSRPD:7),native range,en,
141266640,Northern America (WGSRPD:7),native range,en,
141266642,Africa (WGSRPD:2),native range,en,
141266642,Europe (WGSRPD:1),native range,en,
141266642,temperate Asia (WGSRPD:3),native range,en,
141266643,Africa (WGSRPD:2),native range,en,
141266643,Europe (WGSRPD:1),native range,en,
141266643,temperate Asia (WGSRPD:3),native range,en,
141266644,Europe (WGSRPD:1),native range,en,
141266644,temperate Asia (WGSRPD:3),native range,en,
141266645,Europe (WGSRPD:1),native range,en,
141266645,temperate Asia (WGSRPD:3),native range,en,
141266646,Africa (WGSRPD:2),native range,en,
141266646,Europe (WGSRPD:1),native range,en,
141266646,temperate Asia (WGSRPD:3),native range,en,
141266647,Africa (WGSRPD:2),native range,en,
141266647,Europe (WGSRPD:1),native range,en,
141266647,temperate Asia (WGSRPD:3),native range,en,
141266648,Africa (WGSRPD:2),native range,en,
141266648,Europe (WGSRPD:1),native range,en,
141266648,temperate Asia (WGSRPD:3),native range,en,
141266649,Africa (WGSRPD:2),native range,en,
141266649,Europe (WGSRPD:1),native range,en,
141266649,temperate Asia (WGSRPD:3),native range,en,
141266650,Africa (WGSRPD:2),native range,en,
141266650,Europe (WGSRPD:1),native range,en,
141266650,temperate Asia (WGSRPD:3),native range,en,
141266651,Africa (WGSRPD:2),native range,en,
141266651,Europe (WGSRPD:1),native range,en,
141266651,temperate Asia (WGSRPD:3),native range,en,
141266652,Africa (WGSRPD:2),native range,en,
141266652,Europe (WGSRPD:1),native range,en,
141266652,temperate Asia (WGSRPD:3),native range,en,
141266653,Africa (WGSRPD:2),native range,en,
141266653,Europe (WGSRPD:1),native range,en,
141266653,temperate Asia (WGSRPD:3),native range,en,
141266654,Europe (WGSRPD:1),native range,en,
141266655,Africa (WGSRPD:2),native range,en,
141266655,Europe (WGSRPD:1),native range,en,
141266656,Europe (WGSRPD:1),native range,en,
141266657,Africa (WGSRPD:2),native range,en,
141266657,temperate Asia (WGSRPD:3),native range,en,
141266658,Africa (WGSRPD:2),native range,en,
141266658,Europe (WGSRPD:1),native range,en,
141266658,temperate Asia (WGSRPD:3),native range,en,
141266659,Africa (WGSRPD:2),native range,en,
141266659,temperate Asia (WGSRPD:3),native range,en,
141266660,Africa (WGSRPD:2),native range,en,
141266660,Europe (WGSRPD:1),native range,en,
141266660,temperate Asia (WGSRPD:3),native range,en,
141266661,Africa (WGSRPD:2),native range,en,
141266661,Europe (WGSRPD:1),native range,en,
141266662,temperate Asia (WGSRPD:3),native range,en,
141266663,temperate Asia (WGSRPD:3),native range,en,
141266664,Africa (WGSRPD:2),native range,en,
141266664,Europe (WGSRPD:1),native range,en,
141266664,temperate Asia (WGSRPD:3),native range,en,
141266665,Africa (WGSRPD:2),native range,en,
141266665,Europe (WGSRPD:1),native range,en,
141266666,Africa (WGSRPD:2),native range,en,
141266666,Europe (WGSRPD:1),native range,en,
141266666,temperate Asia (WGSRPD:3),native range,en,
141266667,Europe (WGSRPD:1),native range,en,
141266668,Africa (WGSRPD:2),native range,en,
141266668,Europe (WGSRPD:1),native range,en,
141266668,temperate Asia (WGSRPD:3),native range,en,
141266669,Europe (WGSRPD:1),native range,en,
141266669,temperate Asia (WGSRPD:3),native range,en,
141266670,Europe (WGSRPD:1),native range,en,
141266671,Europe (WGSRPD:1),native range,en,
141266672,Africa (WGSRPD:2),native range,en,
141266672,Europe (WGSRPD:1),native range,en,
141266672,temperate Asia (WGSRPD:3),native range,en,
141266673,Europe (WGSRPD:1),native range,en,
141266673,temperate Asia (WGSRPD:3),native range,en,
141266674,Africa (WGSRPD:2),native range,en,
141266674,temperate Asia (WGSRPD:3),native range,en,
141266675,Europe (WGSRPD:1),native range,en,
141266675,temperate Asia (WGSRPD:3),native range,en,
141266676,Africa (WGSRPD:2),native range,en,
141266676,Europe (WGSRPD:1),native range,en,
141266676,temperate Asia (WGSRPD:3),native range,en,
141266677,Africa (WGSRPD:2),native range,en,
141266677,Europe (WGSRPD:1),native range,en,
141266677,temperate Asia (WGSRPD:3),native range,en,
141266678,Africa (WGSRPD:2),native range,en,
141266678,Europe (WGSRPD:1),native range,en,
141266678,temperate Asia (WGSRPD:3),native range,en,
141266679,Europe (WGSRPD:1),native range,en,
141266680,Africa (WGSRPD:2),native range,en,
141266680,Europe (WGSRPD:1),native range,en,
141266680,temperate Asia (WGSRPD:3),native range,en,
141266681,Europe (WGSRPD:1),native range,en,
141266681,temperate Asia (WGSRPD:3),native range,en,
141266682,Australasia (WGSRPD:5),native range,en,
141266683,Southern America (WGSRPD:8),native range,en,
141266684,Africa (WGSRPD:2),native range,en,
141266684,Europe (WGSRPD:1),native range,en,
141266684,temperate Asia (WGSRPD:3),native range,en,
141266685,Africa (WGSRPD:2),native range,en,
141266685,Europe (WGSRPD:1),native range,en,
141266686,Europe (WGSRPD:1),native range,en,
141266686,temperate Asia (WGSRPD:3),native range,en,
141266687,Africa (WGSRPD:2),native range,en,
141266687,Europe (WGSRPD:1),native range,en,
141266687,temperate Asia (WGSRPD:3),native range,en,
141266688,Africa (WGSRPD:2),native range,en,
141266688,Europe (WGSRPD:1),native range,en,
141266688,temperate Asia (WGSRPD:3),native range,en,
141266689,Africa (WGSRPD:2),native range,en,
141266689,Europe (WGSRPD:1),native range,en,
141266689,temperate Asia (WGSRPD:3),native range,en,
141266690,Northern America (WGSRPD:7),native range,en,
141266691,Europe (WGSRPD:1),native range,en,
141266691,temperate Asia (WGSRPD:3),native range,en,
141266692,Southern America (WGSRPD:8),native range,en,
141266693,Africa (WGSRPD:2),native range,en,
141266693,Europe (WGSRPD:1),native range,en,
141266693,temperate Asia (WGSRPD:3),native range,en,
141266694,Europe (WGSRPD:1),native range,en,
141266694,temperate Asia (WGSRPD:3),native range,en,
141266695,Africa (WGSRPD:2),native range,en,
141266695,Europe (WGSRPD:1),native range,en,
141266695,temperate Asia (WGSRPD:3),native range,en,
141266696,hybrid origin,native range,en,
141266697,Europe (WGSRPD:1),native range,en,
141266697,temperate Asia (WGSRPD:3),native range,en,
141266698,Africa (WGSRPD:2),native range,en,
141266698,Europe (WGSRPD:1),native range,en,
141266698,temperate Asia (WGSRPD:3),native range,en,
141266699,Africa (WGSRPD:2),native range,en,
141266699,Europe (WGSRPD:1),native range,en,
141266699,temperate Asia (WGSRPD:3),native range,en,
141266700,Africa (WGSRPD:2),native range,en,
141266700,Europe (WGSRPD:1),native range,en,
141266700,temperate Asia (WGSRPD:3),native range,en,
141266701,Europe (WGSRPD:1),native range,en,
141266702,Europe (WGSRPD:1),native range,en,
141266702,temperate Asia (WGSRPD:3),native range,en,
141266703,Africa (WGSRPD:2),native range,en,
141266703,Europe (WGSRPD:1),native range,en,
141266703,temperate Asia (WGSRPD:3),native range,en,
141266704,Africa (WGSRPD:2),native range,en,
141266704,Europe (WGSRPD:1),native range,en,
141266704,temperate Asia (WGSRPD:3),native range,en,
141266705,Europe (WGSRPD:1),native range,en,
141266706,Africa (WGSRPD:2),native range,en,
141266706,Europe (WGSRPD:1),native range,en,
141266706,temperate Asia (WGSRPD:3),native range,en,
141266707,Europe (WGSRPD:1),native range,en,
141266708,Africa (WGSRPD:2),native range,en,
141266708,Europe (WGSRPD:1),native range,en,
141266709,Africa (WGSRPD:2),native range,en,
141266709,Europe (WGSRPD:1),native range,en,
141266709,temperate Asia (WGSRPD:3),native range,en,
141266710,Northern America (WGSRPD:7),native range,en,
141266711,Africa (WGSRPD:2),native range,en,
141266711,Europe (WGSRPD:1),native range,en,
141266711,temperate Asia (WGSRPD:3),native range,en,
141266712,Africa (WGSRPD:2),native range,en,
141266712,Europe (WGSRPD:1),native range,en,
141266712,temperate Asia (WGSRPD:3),native range,en,
141266713,temperate Asia (WGSRPD:3),native range,en,
141266714,Europe (WGSRPD:1),native range,en,
141266714,temperate Asia (WGSRPD:3),native range,en,
141266715,Europe (WGSRPD:1),native range,en,
141266716,Africa (WGSRPD:2),native range,en,
141266716,Europe (WGSRPD:1),native range,en,
141266716,temperate Asia (WGSRPD:3),native range,en,
141266717,Europe (WGSRPD:1),native range,en,
141266718,Africa (WGSRPD:2),native range,en,
141266718,Europe (WGSRPD:1),native range,en,
141266718,temperate Asia (WGSRPD:3),native range,en,
141266719,Africa (WGSRPD:2),native range,en,
141266719,Europe (WGSRPD:1),native range,en,
141266719,temperate Asia (WGSRPD:3),native range,en,
141266720,Africa (WGSRPD:2),native range,en,
141266720,Europe (WGSRPD:1),native range,en,
141266720,temperate Asia (WGSRPD:3),native range,en,
141266721,Europe (WGSRPD:1),native range,en,
141266721,temperate Asia (WGSRPD:3),native range,en,
141266722,Africa (WGSRPD:2),native range,en,
141266722,Europe (WGSRPD:1),native range,en,
141266722,temperate Asia (WGSRPD:3),native range,en,
141266723,Africa (WGSRPD:2),native range,en,
141266723,Asia,native range,en,
141266723,Europe (WGSRPD:1),native range,en,
141266724,Africa (WGSRPD:2),native range,en,
141266724,Europe (WGSRPD:1),native range,en,
141266724,temperate Asia (WGSRPD:3),native range,en,
141266725,Africa (WGSRPD:2),native range,en,
141266725,Europe (WGSRPD:1),native range,en,
141266725,temperate Asia (WGSRPD:3),native range,en,
141266726,Africa (WGSRPD:2),native range,en,
141266726,Europe (WGSRPD:1),native range,en,
141266726,temperate Asia (WGSRPD:3),native range,en,
141266727,Pantropical,native range,en,
141266728,Africa (WGSRPD:2),native range,en,
141266728,Asia,native range,en,
141266728,Australasia (WGSRPD:5),native range,en,
141266729,temperate Asia (WGSRPD:3),native range,en,
141266730,Africa (WGSRPD:2),native range,en,
141266730,Europe (WGSRPD:1),native range,en,
141266730,temperate Asia (WGSRPD:3),native range,en,
141266731,Africa (WGSRPD:2),native range,en,
141266731,Europe (WGSRPD:1),native range,en,
141266731,temperate Asia (WGSRPD:3),native range,en,
141266732,Europe (WGSRPD:1),native range,en,
141266732,temperate Asia (WGSRPD:3),native range,en,
141266733,Europe (WGSRPD:1),native range,en,
141266734,Europe (WGSRPD:1),native range,en,
141266734,temperate Asia (WGSRPD:3),native range,en,
141266735,Europe (WGSRPD:1),native range,en,
141266736,Africa (WGSRPD:2),native range,en,
141266736,Europe (WGSRPD:1),native range,en,
141266736,temperate Asia (WGSRPD:3),native range,en,
141266737,Europe (WGSRPD:1),native range,en,
141266737,temperate Asia (WGSRPD:3),native range,en,
141266738,pan-American,native range,en,
141266739,Africa (WGSRPD:2),native range,en,
141266739,Europe (WGSRPD:1),native range,en,
141266739,temperate Asia (WGSRPD:3),native range,en,
141266740,Africa (WGSRPD:2),native range,en,
141266740,Europe (WGSRPD:1),native range,en,
141266740,temperate Asia (WGSRPD:3),native range,en,
141266741,Africa (WGSRPD:2),native range,en,
141266741,Europe (WGSRPD:1),native range,en,
141266741,temperate Asia (WGSRPD:3),native range,en,
141266742,Europe (WGSRPD:1),native range,en,
141266743,Africa (WGSRPD:2),native range,en,
141266743,Europe (WGSRPD:1),native range,en,
141266743,temperate Asia (WGSRPD:3),native range,en,
141266744,Africa (WGSRPD:2),native range,en,
141266744,Europe (WGSRPD:1),native range,en,
141266744,temperate Asia (WGSRPD:3),native range,en,
141266745,Africa (WGSRPD:2),native range,en,
141266745,Europe (WGSRPD:1),native range,en,
141266745,temperate Asia (WGSRPD:3),native range,en,
141266746,Africa (WGSRPD:2),native range,en,
141266746,Europe (WGSRPD:1),native range,en,
141266746,temperate Asia (WGSRPD:3),native range,en,
141266747,Africa (WGSRPD:2),native range,en,
141266747,temperate Asia (WGSRPD:3),native range,en,
141266748,Africa (WGSRPD:2),native range,en,
141266748,Europe (WGSRPD:1),native range,en,
141266748,temperate Asia (WGSRPD:3),native range,en,
141266749,temperate Asia (WGSRPD:3),native range,en,
141266750,Africa (WGSRPD:2),native range,en,
141266750,Europe (WGSRPD:1),native range,en,
141266750,temperate Asia (WGSRPD:3),native range,en,
141266751,Europe (WGSRPD:1),native range,en,
141266751,temperate Asia (WGSRPD:3),native range,en,
141266752,Europe (WGSRPD:1),native range,en,
141266753,cultivated origin,native range,en,
141266754,Northern America (WGSRPD:7),native range,en,
141266755,Africa (WGSRPD:2),native range,en,
141266755,temperate Asia (WGSRPD:3),native range,en,
141266756,Africa (WGSRPD:2),native range,en,
141266756,Europe (WGSRPD:1),native range,en,
141266756,temperate Asia (WGSRPD:3),native range,en,
141266757,Africa (WGSRPD:2),native range,en,
141266757,Europe (WGSRPD:1),native range,en,
141266757,temperate Asia (WGSRPD:3),native range,en,
141266758,hybrid origin,native range,en,
141266759,Europe (WGSRPD:1),native range,en,
141266759,temperate Asia (WGSRPD:3),native range,en,
141266760,Europe (WGSRPD:1),native range,en,
141266760,temperate Asia (WGSRPD:3),native range,en,
141266761,Africa (WGSRPD:2),native range,en,
141266761,Europe (WGSRPD:1),native range,en,
141266761,temperate Asia (WGSRPD:3),native range,en,
141266762,Africa (WGSRPD:2),native range,en,
141266762,Europe (WGSRPD:1),native range,en,
141266762,temperate Asia (WGSRPD:3),native range,en,
141266763,Africa (WGSRPD:2),native range,en,
141266763,Europe (WGSRPD:1),native range,en,
141266763,temperate Asia (WGSRPD:3),native range,en,
141266764,Europe (WGSRPD:1),native range,en,
141266765,Africa (WGSRPD:2),native range,en,
141266765,Europe (WGSRPD:1),native range,en,
141266765,temperate Asia (WGSRPD:3),native range,en,
141266766,Africa (WGSRPD:2),native range,en,
141266766,Europe (WGSRPD:1),native range,en,
141266767,Europe (WGSRPD:1),native range,en,
141266767,temperate Asia (WGSRPD:3),native range,en,
141266768,Northern America (WGSRPD:7),native range,en,
141266769,Europe (WGSRPD:1),native range,en,
141266770,Africa (WGSRPD:2),native range,en,
141266770,Europe (WGSRPD:1),native range,en,
141266770,temperate Asia (WGSRPD:3),native range,en,
141266771,Africa (WGSRPD:2),native range,en,
141266771,Europe (WGSRPD:1),native range,en,
141266771,temperate Asia (WGSRPD:3),native range,en,
141266772,Europe (WGSRPD:1),native range,en,
141266773,Southern America (WGSRPD:8),native range,en,
141266774,Africa (WGSRPD:2),native range,en,
141266774,Europe (WGSRPD:1),native range,en,
141266774,temperate Asia (WGSRPD:3),native range,en,
141266775,Africa (WGSRPD:2),native range,en,
141266775,Europe (WGSRPD:1),native range,en,
141266775,temperate Asia (WGSRPD:3),native range,en,
141266776,temperate Asia (WGSRPD:3),native range,en,
141266777,Africa (WGSRPD:2),native range,en,
141266777,Europe (WGSRPD:1),native range,en,
141266778,Africa (WGSRPD:2),native range,en,
141266778,Europe (WGSRPD:1),native range,en,
141266778,temperate Asia (WGSRPD:3),native range,en,
141266779,Africa (WGSRPD:2),native range,en,
141266779,Europe (WGSRPD:1),native range,en,
141266780,Africa (WGSRPD:2),native range,en,
141266780,temperate Asia (WGSRPD:3),native range,en,
141266781,Europe (WGSRPD:1),native range,en,
141266781,temperate Asia (WGSRPD:3),native range,en,
141266782,Northern America (WGSRPD:7),native range,en,
141266783,Africa (WGSRPD:2),native range,en,
141266783,Europe (WGSRPD:1),native range,en,
141266783,temperate Asia (WGSRPD:3),native range,en,
141266784,Africa (WGSRPD:2),native range,en,
141266784,Europe (WGSRPD:1),native range,en,
141266784,temperate Asia (WGSRPD:3),native range,en,
141266785,Africa (WGSRPD:2),native range,en,
141266785,Europe (WGSRPD:1),native range,en,
141266785,temperate Asia (WGSRPD:3),native range,en,
141266786,Europe (WGSRPD:1),native range,en,
141266786,temperate Asia (WGSRPD:3),native range,en,
141266787,Europe (WGSRPD:1),native range,en,
141266788,Africa (WGSRPD:2),native range,en,
141266788,Europe (WGSRPD:1),native range,en,
141266788,temperate Asia (WGSRPD:3),native range,en,
141266789,Africa (WGSRPD:2),native range,en,
141266789,Europe (WGSRPD:1),native range,en,
141266789,temperate Asia (WGSRPD:3),native range,en,
141266790,temperate Asia (WGSRPD:3),native range,en,
141266791,temperate Asia (WGSRPD:3),native range,en,
141266792,Europe (WGSRPD:1),native range,en,
141266793,Europe (WGSRPD:1),native range,en,
141266793,temperate Asia (WGSRPD:3),native range,en,
141266794,Africa (WGSRPD:2),native range,en,
141266794,Europe (WGSRPD:1),native range,en,
141266794,temperate Asia (WGSRPD:3),native range,en,
141266795,Africa (WGSRPD:2),native range,en,
141266795,Europe (WGSRPD:1),native range,en,
141266795,temperate Asia (WGSRPD:3),native range,en,
141266796,Africa (WGSRPD:2),native range,en,
141266796,Europe (WGSRPD:1),native range,en,
141266796,temperate Asia (WGSRPD:3),native range,en,
141266797,Africa (WGSRPD:2),native range,en,
141266797,Europe (WGSRPD:1),native range,en,
141266797,temperate Asia (WGSRPD:3),native range,en,
141266798,Europe (WGSRPD:1),native range,en,
141266798,temperate Asia (WGSRPD:3),native range,en,
141266799,Europe (WGSRPD:1),native range,en,
141266799,temperate Asia (WGSRPD:3),native range,en,
141266800,Africa (WGSRPD:2),native range,en,
141266800,Europe (WGSRPD:1),native range,en,
141266800,temperate Asia (WGSRPD:3),native range,en,
141266801,Europe (WGSRPD:1),native range,en,
141266801,temperate Asia (WGSRPD:3),native range,en,
141266802,Europe (WGSRPD:1),native range,en,
141266803,Europe (WGSRPD:1),native range,en,
141266803,temperate Asia (WGSRPD:3),native range,en,
141266804,Africa (WGSRPD:2),native range,en,
141266804,Europe (WGSRPD:1),native range,en,
141266804,temperate Asia (WGSRPD:3),native range,en,
141266805,Europe (WGSRPD:1),native range,en,
141266805,temperate Asia (WGSRPD:3),native range,en,
141266806,Africa (WGSRPD:2),native range,en,
141266806,Europe (WGSRPD:1),native range,en,
141266806,temperate Asia (WGSRPD:3),native range,en,
141266807,Europe (WGSRPD:1),native range,en,
141266808,Africa (WGSRPD:2),native range,en,
141266808,Europe (WGSRPD:1),native range,en,
141266808,temperate Asia (WGSRPD:3),native range,en,
141266809,Europe (WGSRPD:1),native range,en,
141266810,Africa (WGSRPD:2),native range,en,
141266810,Europe (WGSRPD:1),native range,en,
141266810,temperate Asia (WGSRPD:3),native range,en,
141266811,Africa (WGSRPD:2),native range,en,
141266811,Europe (WGSRPD:1),native range,en,
141266812,temperate Asia (WGSRPD:3),native range,en,
141266813,Africa (WGSRPD:2),native range,en,
141266813,Europe (WGSRPD:1),native range,en,
141266813,temperate Asia (WGSRPD:3),native range,en,
141266814,Africa (WGSRPD:2),native range,en,
141266814,Europe (WGSRPD:1),native range,en,
141266814,temperate Asia (WGSRPD:3),native range,en,
141266815,temperate Asia (WGSRPD:3),native range,en,
141266816,Europe (WGSRPD:1),native range,en,
141266817,Africa (WGSRPD:2),native range,en,
141266817,Europe (WGSRPD:1),native range,en,
141266817,temperate Asia (WGSRPD:3),native range,en,
141266818,Africa (WGSRPD:2),native range,en,
141266818,Europe (WGSRPD:1),native range,en,
141266818,temperate Asia (WGSRPD:3),native range,en,
141266819,Europe (WGSRPD:1),native range,en,
141266820,Africa (WGSRPD:2),native range,en,
141266820,Europe (WGSRPD:1),native range,en,
141266820,temperate Asia (WGSRPD:3),native range,en,
141266821,Africa (WGSRPD:2),native range,en,
141266821,Europe (WGSRPD:1),native range,en,
141266823,temperate Asia (WGSRPD:3),native range,en,
141266824,temperate Asia (WGSRPD:3),native range,en,
141266825,Europe (WGSRPD:1),native range,en,
141266825,temperate Asia (WGSRPD:3),native range,en,
141266826,cultivated origin,native range,en,
141266827,Northern America (WGSRPD:7),native range,en,
141266828,temperate Asia (WGSRPD:3),native range,en,
141266830,Africa (WGSRPD:2),native range,en,
141266830,Europe (WGSRPD:1),native range,en,
141266830,temperate Asia (WGSRPD:3),native range,en,
141266831,Europe (WGSRPD:1),native range,en,
141266832,Europe (WGSRPD:1),native range,en,
141266833,Europe (WGSRPD:1),native range,en,
141266833,temperate Asia (WGSRPD:3),native range,en,
141266834,hybrid origin,native range,en,
141266835,Northern America (WGSRPD:7),native range,en,
141266836,Europe (WGSRPD:1),native range,en,
141266836,temperate Asia (WGSRPD:3),native range,en,
141266837,Europe (WGSRPD:1),native range,en,
141266838,Europe (WGSRPD:1),native range,en,
141266838,temperate Asia (WGSRPD:3),native range,en,
141266839,Europe (WGSRPD:1),native range,en,
141266839,temperate Asia (WGSRPD:3),native range,en,
141266840,hybrid origin,native range,en,
141266841,Africa (WGSRPD:2),native range,en,
141266842,Europe (WGSRPD:1),native range,en,
141266842,temperate Asia (WGSRPD:3),native range,en,
141266843,cultivated origin,native range,en,
141266844,temperate Asia (WGSRPD:3),native range,en,
141266845,Africa (WGSRPD:2),native range,en,
141266846,hybrid origin,native range,en,
141266847,hybrid origin,native range,en,
141266848,temperate Asia (WGSRPD:3),native range,en,
141266849,Europe (WGSRPD:1),native range,en,
141266849,temperate Asia (WGSRPD:3),native range,en,
141266850,Africa (WGSRPD:2),native range,en,
141266852,Europe (WGSRPD:1),native range,en,
141266853,Europe (WGSRPD:1),native range,en,
141266854,cultivated origin,native range,en,
141266855,Africa (WGSRPD:2),native range,en,
141266855,Europe (WGSRPD:1),native range,en,
141266855,temperate Asia (WGSRPD:3),native range,en,
141266856,Africa (WGSRPD:2),native range,en,
141266856,Europe (WGSRPD:1),native range,en,
141266856,temperate Asia (WGSRPD:3),native range,en,
141266857,Europe (WGSRPD:1),native range,en,
141266857,temperate Asia (WGSRPD:3),native range,en,
141266858,cultivated origin,native range,en,
141266859,Europe (WGSRPD:1),native range,en,
141266859,temperate Asia (WGSRPD:3),native range,en,
141266860,Europe (WGSRPD:1),native range,en,
141266861,Europe (WGSRPD:1),native range,en,
141266862,Africa (WGSRPD:2),native range,en,
141266862,Europe (WGSRPD:1),native range,en,
141266863,Europe (WGSRPD:1),native range,en,
141266863,temperate Asia (WGSRPD:3),native range,en,
141266864,Africa (WGSRPD:2),native range,en,
141266864,temperate Asia (WGSRPD:3),native range,en,
141266865,Africa (WGSRPD:2),native range,en,
141266865,Europe (WGSRPD:1),native range,en,
141266865,temperate Asia (WGSRPD:3),native range,en,
141266866,Africa (WGSRPD:2),native range,en,
141266866,Europe (WGSRPD:1),native range,en,
141266866,temperate Asia (WGSRPD:3),native range,en,
141266867,Africa (WGSRPD:2),native range,en,
141266867,Europe (WGSRPD:1),native range,en,
141266867,temperate Asia (WGSRPD:3),native range,en,
141266868,Asia,native range,en,
141266869,Africa (WGSRPD:2),native range,en,
141266869,Europe (WGSRPD:1),native range,en,
141266870,Europe (WGSRPD:1),native range,en,
141266871,Africa (WGSRPD:2),native range,en,
141266871,Europe (WGSRPD:1),native range,en,
141266872,Europe (WGSRPD:1),native range,en,
141266874,Europe (WGSRPD:1),native range,en,
141266874,temperate Asia (WGSRPD:3),native range,en,
141266875,cultivated origin,native range,en,
141266876,Europe (WGSRPD:1),native range,en,
141266876,temperate Asia (WGSRPD:3),native range,en,
141266877,Asia,native range,en,
141266877,Europe (WGSRPD:1),native range,en,
141266878,Europe (WGSRPD:1),native range,en,
141266879,Europe (WGSRPD:1),native range,en,
141266879,temperate Asia (WGSRPD:3),native range,en,
141266880,Africa (WGSRPD:2),native range,en,
141266880,Europe (WGSRPD:1),native range,en,
141266880,temperate Asia (WGSRPD:3),native range,en,
141266881,Africa (WGSRPD:2),native range,en,
141266881,Europe (WGSRPD:1),native range,en,
141266881,temperate Asia (WGSRPD:3),native range,en,
141266882,Europe (WGSRPD:1),native range,en,
141266882,temperate Asia (WGSRPD:3),native range,en,
141266883,Europe (WGSRPD:1),native range,en,
141266883,temperate Asia (WGSRPD:3),native range,en,
141266884,Africa (WGSRPD:2),native range,en,
141266884,Europe (WGSRPD:1),native range,en,
141266884,temperate Asia (WGSRPD:3),native range,en,
141266885,Europe (WGSRPD:1),native range,en,
141266886,Northern America (WGSRPD:7),native range,en,
141266887,cultivated origin,native range,en,
141266889,Northern America (WGSRPD:7),native range,en,
141266890,Southern America (WGSRPD:8),native range,en,
141266891,pan-American,native range,en,
141266892,Northern America (WGSRPD:7),native range,en,
141266894,Asia,native range,en,
141266895,Europe (WGSRPD:1),native range,en,
141266896,Europe (WGSRPD:1),native range,en,
141266897,Northern America (WGSRPD:7),native range,en,
141266898,temperate Asia (WGSRPD:3),native range,en,
141266899,temperate Asia (WGSRPD:3),native range,en,
141266900,Northern America (WGSRPD:7),native range,en,
141266901,cultivated origin,native range,en,
141266902,temperate Asia (WGSRPD:3),native range,en,
141266903,Europe (WGSRPD:1),native range,en,
141266903,temperate Asia (WGSRPD:3),native range,en,
141266904,temperate Asia (WGSRPD:3),native range,en,
141266905,cultivated origin,native range,en,
141266906,temperate Asia (WGSRPD:3),native range,en,
141266908,Europe (WGSRPD:1),native range,en,
141266909,Europe (WGSRPD:1),native range,en,
141266910,Europe (WGSRPD:1),native range,en,
141266910,temperate Asia (WGSRPD:3),native range,en,
141266911,cultivated origin,native range,en,
141266912,Europe (WGSRPD:1),native range,en,
141266912,temperate Asia (WGSRPD:3),native range,en,
141266913,cultivated origin,native range,en,
141266914,Northern America (WGSRPD:7),native range,en,
141266916,cultivated origin,native range,en,
141266917,Southern America (WGSRPD:8),native range,en,
141266918,Europe (WGSRPD:1),native range,en,
141266918,temperate Asia (WGSRPD:3),native range,en,
141266919,Africa (WGSRPD:2),native range,en,
141266919,Europe (WGSRPD:1),native range,en,
141266920,Europe (WGSRPD:1),native range,en,
141266920,temperate Asia (WGSRPD:3),native range,en,
141266921,cultivated origin,native range,en,
141266922,Europe (WGSRPD:1),native range,en,
141266923,Northern America (WGSRPD:7),native range,en,
141266924,Europe (WGSRPD:1),native range,en,
141266926,cultivated origin,native range,en,
141266927,Africa (WGSRPD:2),native range,en,
141266927,Europe (WGSRPD:1),native range,en,
141266927,temperate Asia (WGSRPD:3),native range,en,
141266928,Australasia (WGSRPD:5),native range,en,
141266929,Southern America (WGSRPD:8),native range,en,
141266930,Southern America (WGSRPD:8),native range,en,
141266931,Northern America (WGSRPD:7),native range,en,
141266932,Southern America (WGSRPD:8),native range,en,
141266933,Northern America (WGSRPD:7),native range,en,
141266934,Africa (WGSRPD:2),native range,en,
141266935,Southern America (WGSRPD:8),native range,en,
141266936,temperate Asia (WGSRPD:3),native range,en,
141266937,Southern America (WGSRPD:8),native range,en,
141266938,cultivated origin,native range,en,
141266939,Africa (WGSRPD:2),native range,en,
141266939,Europe (WGSRPD:1),native range,en,
141266939,temperate Asia (WGSRPD:3),native range,en,
141266940,Southern America (WGSRPD:8),native range,en,
141266941,Northern America (WGSRPD:7),native range,en,
141266942,Southern America (WGSRPD:8),native range,en,
141266943,Southern America (WGSRPD:8),native range,en,
141266944,pan-American,native range,en,
141266945,temperate Asia (WGSRPD:3),native range,en,
141266946,Northern America (WGSRPD:7),native range,en,
141266947,temperate Asia (WGSRPD:3),native range,en,
141266948,Southern America (WGSRPD:8),native range,en,
141266949,Northern America (WGSRPD:7),native range,en,
141266950,pan-American,native range,en,
141266951,Europe (WGSRPD:1),native range,en,
141266951,temperate Asia (WGSRPD:3),native range,en,
141266952,Pantropical,native range,en,
141266953,Northern America (WGSRPD:7),native range,en,
141266954,Southern America (WGSRPD:8),native range,en,
141266955,Southern America (WGSRPD:8),native range,en,
141266956,Southern America (WGSRPD:8),native range,en,
141266957,pan-American,native range,en,
141266958,Africa (WGSRPD:2),native range,en,
141266958,Europe (WGSRPD:1),native range,en,
141266958,temperate Asia (WGSRPD:3),native range,en,
141266959,Southern America (WGSRPD:8),native range,en,
141266960,Southern America (WGSRPD:8),native range,en,
141266961,Europe (WGSRPD:1),native range,en,
141266962,Southern America (WGSRPD:8),native range,en,
141266963,Northern America (WGSRPD:7),native range,en,
141266964,Southern America (WGSRPD:8),native range,en,
141266965,Southern America (WGSRPD:8),native range,en,
141266966,Northern America (WGSRPD:7),native range,en,
141266967,Southern America (WGSRPD:8),native range,en,
141266968,Southern America (WGSRPD:8),native range,en,
141266969,Southern America (WGSRPD:8),native range,en,
141266970,Southern America (WGSRPD:8),native range,en,
141266971,Pantropical,native range,en,
141266972,Southern America (WGSRPD:8),native range,en,
141266973,Southern America (WGSRPD:8),native range,en,
141266974,pan-American,native range,en,
141266975,Northern America (WGSRPD:7),native range,en,
141266976,Southern America (WGSRPD:8),native range,en,
141266977,Southern America (WGSRPD:8),native range,en,
141266978,Southern America (WGSRPD:8),native range,en,
141266979,Northern America (WGSRPD:7),native range,en,
141266981,Northern America (WGSRPD:7),native range,en,
141266982,Southern America (WGSRPD:8),native range,en,
141266983,Northern America (WGSRPD:7),native range,en,
141266984,Southern America (WGSRPD:8),native range,en,
141266985,Northern America (WGSRPD:7),native range,en,
141266986,Northern America (WGSRPD:7),native range,en,
141266987,Northern America (WGSRPD:7),native range,en,
141266988,Australasia (WGSRPD:5),native range,en,
141266989,Africa (WGSRPD:2),native range,en,
141266989,Europe (WGSRPD:1),native range,en,
141266990,Australasia (WGSRPD:5),native range,en,
141266992,Northern America (WGSRPD:7),native range,en,
141266993,Northern America (WGSRPD:7),native range,en,
141266995,cultivated origin,native range,en,
141266996,Africa (WGSRPD:2),native range,en,
141266996,Europe (WGSRPD:1),native range,en,
141266996,temperate Asia (WGSRPD:3),native range,en,
141266997,temperate Asia (WGSRPD:3),native range,en,
141266998,temperate Asia (WGSRPD:3),native range,en,
141267000,hybrid origin,native range,en,
141267001,Northern America (WGSRPD:7),native range,en,
141267003,cultivated origin,native range,en,
141267004,Europe (WGSRPD:1),native range,en,
141267004,temperate Asia (WGSRPD:3),native range,en,
141267005,Europe (WGSRPD:1),native range,en,
141267005,temperate Asia (WGSRPD:3),native range,en,
141267006,temperate Asia (WGSRPD:3),native range,en,
141267007,Africa (WGSRPD:2),native range,en,
141267007,Europe (WGSRPD:1),native range,en,
141267008,Northern America (WGSRPD:7),native range,en,
141267009,Europe (WGSRPD:1),native range,en,
141267010,cultivated origin,native range,en,
141267011,Europe (WGSRPD:1),native range,en,
141267011,temperate Asia (WGSRPD:3),native range,en,
141267012,temperate Asia (WGSRPD:3),native range,en,
141267013,Northern America (WGSRPD:7),native range,en,
141267014,Africa (WGSRPD:2),native range,en,
141267014,Europe (WGSRPD:1),native range,en,
141267014,temperate Asia (WGSRPD:3),native range,en,
141267015,Northern America (WGSRPD:7),native range,en,
141267015,temperate Asia (WGSRPD:3),native range,en,
141267016,Europe (WGSRPD:1),native range,en,
141267017,temperate Asia (WGSRPD:3),native range,en,
141267018,Africa (WGSRPD:2),native range,en,
141267018,Europe (WGSRPD:1),native range,en,
141267018,temperate Asia (WGSRPD:3),native range,en,
141267019,temperate Asia (WGSRPD:3),native range,en,
141267020,Northern America (WGSRPD:7),native range,en,
141267021,temperate Asia (WGSRPD:3),native range,en,
141267022,Northern America (WGSRPD:7),native range,en,
141267024,Southern America (WGSRPD:8),native range,en,
141267025,pan-American,native range,en,
141267026,pan-American,native range,en,
141267027,Europe (WGSRPD:1),native range,en,
141267028,Northern America (WGSRPD:7),native range,en,
141267029,Africa (WGSRPD:2),native range,en,
141267029,Europe (WGSRPD:1),native range,en,
141267029,temperate Asia (WGSRPD:3),native range,en,
141267030,Northern America (WGSRPD:7),native range,en,
141267031,Europe (WGSRPD:1),native range,en,
141267032,Africa (WGSRPD:2),native range,en,
141267032,Europe (WGSRPD:1),native range,en,
141267032,temperate Asia (WGSRPD:3),native range,en,
141267033,Africa (WGSRPD:2),native range,en,
141267033,Europe (WGSRPD:1),native range,en,
141267033,temperate Asia (WGSRPD:3),native range,en,
141267034,Southern America (WGSRPD:8),native range,en,
141267035,Europe (WGSRPD:1),native range,en,
141267035,temperate Asia (WGSRPD:3),native range,en,
141267036,pan-American,native range,en,
141267037,hybrid origin,native range,en,
141267038,Africa (WGSRPD:2),native range,en,
141267039,Europe (WGSRPD:1),native range,en,
141267039,temperate Asia (WGSRPD:3),native range,en,
141267040,Europe (WGSRPD:1),native range,en,
141267040,temperate Asia (WGSRPD:3),native range,en,
141267041,Europe (WGSRPD:1),native range,en,
141267041,temperate Asia (WGSRPD:3),native range,en,
141267042,Africa (WGSRPD:2),native range,en,
141267042,Europe (WGSRPD:1),native range,en,
141267042,temperate Asia (WGSRPD:3),native range,en,
141267043,Asia,native range,en,
141267044,Africa (WGSRPD:2),native range,en,
141267044,tropical Asia (WGSRPD:4),native range,en,
141267045,pan-American,native range,en,
141267046,temperate Asia (WGSRPD:3),native range,en,
141267047,pan-American,native range,en,
141267048,Northern America (WGSRPD:7),native range,en,
141267049,Europe (WGSRPD:1),native range,en,
141267051,pan-American,native range,en,
141267053,Africa (WGSRPD:2),native range,en,
141267053,Europe (WGSRPD:1),native range,en,
141267053,temperate Asia (WGSRPD:3),native range,en,
141267055,Africa (WGSRPD:2),native range,en,
141267056,Europe (WGSRPD:1),native range,en,
141267056,temperate Asia (WGSRPD:3),native range,en,
141267057,Europe (WGSRPD:1),native range,en,
141267059,Africa (WGSRPD:2),native range,en,
141267059,Europe (WGSRPD:1),native range,en,
141267059,temperate Asia (WGSRPD:3),native range,en,
141267060,cultivated origin,native range,en,
141267061,Africa (WGSRPD:2),native range,en,
141267061,Europe (WGSRPD:1),native range,en,
141267061,temperate Asia (WGSRPD:3),native range,en,
141267062,Northern America (WGSRPD:7),native range,en,
141267063,Africa (WGSRPD:2),native range,en,
141267063,Europe (WGSRPD:1),native range,en,
141267063,temperate Asia (WGSRPD:3),native range,en,
141267064,Africa (WGSRPD:2),native range,en,
141267064,Europe (WGSRPD:1),native range,en,
141267065,temperate Asia (WGSRPD:3),native range,en,
141267066,Europe (WGSRPD:1),native range,en,
141267067,Europe (WGSRPD:1),native range,en,
141267067,temperate Asia (WGSRPD:3),native range,en,
141267068,Europe (WGSRPD:1),native range,en,
141267068,temperate Asia (WGSRPD:3),native range,en,
141267069,cultivated origin,native range,en,
141267070,Northern America (WGSRPD:7),native range,en,
141267071,temperate Asia (WGSRPD:3),native range,en,
141267072,Africa (WGSRPD:2),native range,en,
141267072,Europe (WGSRPD:1),native range,en,
141267072,temperate Asia (WGSRPD:3),native range,en,
141267073,Africa (WGSRPD:2),native range,en,
141267073,Europe (WGSRPD:1),native range,en,
141267073,temperate Asia (WGSRPD:3),native range,en,
141267074,Africa (WGSRPD:2),native range,en,
141267074,Europe (WGSRPD:1),native range,en,
141267074,temperate Asia (WGSRPD:3),native range,en,
141267075,temperate Asia (WGSRPD:3),native range,en,
141267076,temperate Asia (WGSRPD:3),native range,en,
141267077,Europe (WGSRPD:1),native range,en,
141267078,Northern America (WGSRPD:7),native range,en,
141267079,Europe (WGSRPD:1),native range,en,
141267080,Europe (WGSRPD:1),native range,en,
141267081,Africa (WGSRPD:2),native range,en,
141267081,Europe (WGSRPD:1),native range,en,
141267081,temperate Asia (WGSRPD:3),native range,en,
141267082,temperate Asia (WGSRPD:3),native range,en,
141267083,temperate Asia (WGSRPD:3),native range,en,
141267084,temperate Asia (WGSRPD:3),native range,en,
141267085,Northern America (WGSRPD:7),native range,en,
141267086,cultivated origin,native range,en,
141267087,Europe (WGSRPD:1),native range,en,
141267087,temperate Asia (WGSRPD:3),native range,en,
141267088,temperate Asia (WGSRPD:3),native range,en,
141267089,temperate Asia (WGSRPD:3),native range,en,
141267090,Europe (WGSRPD:1),native range,en,
141267090,temperate Asia (WGSRPD:3),native range,en,
141267091,temperate Asia (WGSRPD:3),native range,en,
141267092,cultivated origin,native range,en,
141267093,temperate Asia (WGSRPD:3),native range,en,
141267094,Africa (WGSRPD:2),native range,en,
141267094,Europe (WGSRPD:1),native range,en,
141267094,temperate Asia (WGSRPD:3),native range,en,
141267095,temperate Asia (WGSRPD:3),native range,en,
141267096,temperate Asia (WGSRPD:3),native range,en,
141267098,Northern America (WGSRPD:7),native range,en,
141267099,Africa (WGSRPD:2),native range,en,
141267100,pan-American,native range,en,
141267101,Northern America (WGSRPD:7),native range,en,
141267102,Pantropical,native range,en,
141267103,Southern America (WGSRPD:8),native range,en,
141267104,pan-American,native range,en,
141267106,temperate Asia (WGSRPD:3),native range,en,
141267107,Europe (WGSRPD:1),native range,en,
141267108,Northern America (WGSRPD:7),native range,en,
141267109,Europe (WGSRPD:1),native range,en,
141267110,temperate Asia (WGSRPD:3),native range,en,
141267111,Europe (WGSRPD:1),native range,en,
141267112,temperate Asia (WGSRPD:3),native range,en,
141267113,Africa (WGSRPD:2),native range,en,
141267113,Europe (WGSRPD:1),native range,en,
141267113,temperate Asia (WGSRPD:3),native range,en,
141267114,pan-American,native range,en,
141267115,Europe (WGSRPD:1),native range,en,
141267115,temperate Asia (WGSRPD:3),native range,en,
141267116,Africa (WGSRPD:2),native range,en,
141267116,temperate Asia (WGSRPD:3),native range,en,
141267117,temperate Asia (WGSRPD:3),native range,en,
141267118,Africa (WGSRPD:2),native range,en,
141267119,temperate Asia (WGSRPD:3),native range,en,
141267120,Africa (WGSRPD:2),native range,en,
141267120,Europe (WGSRPD:1),native range,en,
141267120,temperate Asia (WGSRPD:3),native range,en,
141267121,temperate Asia (WGSRPD:3),native range,en,
141267122,temperate Asia (WGSRPD:3),native range,en,
141267123,Africa (WGSRPD:2),native range,en,
141267123,Europe (WGSRPD:1),native range,en,
141267123,temperate Asia (WGSRPD:3),native range,en,
141267124,Africa (WGSRPD:2),native range,en,
141267124,Europe (WGSRPD:1),native range,en,
141267124,temperate Asia (WGSRPD:3),native range,en,
141267125,Africa (WGSRPD:2),native range,en,
141267125,Europe (WGSRPD:1),native range,en,
141267125,temperate Asia (WGSRPD:3),native range,en,
141267127,Africa (WGSRPD:2),native range,en,
141267127,Europe (WGSRPD:1),native range,en,
141267127,temperate Asia (WGSRPD:3),native range,en,
141267128,Europe (WGSRPD:1),native range,en,
141267129,Northern America (WGSRPD:7),native range,en,
141267130,pan-American,native range,en,
141267131,Pantropical,native range,en,
141267132,Southern America (WGSRPD:8),native range,en,
141267133,pan-American,native range,en,
141267134,temperate Asia (WGSRPD:3),native range,en,
141267135,Northern America (WGSRPD:7),native range,en,
141267136,temperate Asia (WGSRPD:3),native range,en,
141267137,Pantropical,native range,en,
141267138,Africa (WGSRPD:2),native range,en,
141267138,Asia,native range,en,
141267139,Africa (WGSRPD:2),native range,en,
141267140,Africa (WGSRPD:2),native range,en,
141267140,Asia,native range,en,
141267140,Australasia (WGSRPD:5),native range,en,
141267140,Europe (WGSRPD:1),native range,en,
141267141,Europe (WGSRPD:1),native range,en,
141267141,temperate Asia (WGSRPD:3),native range,en,
141267142,Northern America (WGSRPD:7),native range,en,
141267143,Africa (WGSRPD:2),native range,en,
141267144,Northern America (WGSRPD:7),native range,en,
141267145,Europe (WGSRPD:1),native range,en,
141267145,temperate Asia (WGSRPD:3),native range,en,
141267146,Africa (WGSRPD:2),native range,en,
141267146,Asia,native range,en,
141267146,Europe (WGSRPD:1),native range,en,
141267147,Africa (WGSRPD:2),native range,en,
141267148,Europe (WGSRPD:1),native range,en,
141267149,Pantropical,native range,en,
141267150,Africa (WGSRPD:2),native range,en,
141267150,Asia,native range,en,
141267151,Northern America (WGSRPD:7),native range,en,
141267152,pan-American,native range,en,
141267153,Africa (WGSRPD:2),native range,en,
141267153,Asia,native range,en,
141267153,Europe (WGSRPD:1),native range,en,
141267154,Southern America (WGSRPD:8),native range,en,
141267155,Europe (WGSRPD:1),native range,en,
141267155,temperate Asia (WGSRPD:3),native range,en,
141267156,Europe (WGSRPD:1),native range,en,
141267157,Northern America (WGSRPD:7),native range,en,
141267158,Africa (WGSRPD:2),native range,en,
141267158,Asia,native range,en,
141267158,Europe (WGSRPD:1),native range,en,
141267159,Europe (WGSRPD:1),native range,en,
141267159,Northern America (WGSRPD:7),native range,en,
141267159,temperate Asia (WGSRPD:3),native range,en,
141267160,Northern America (WGSRPD:7),native range,en,
141267161,Pantropical,native range,en,
141267162,Northern America (WGSRPD:7),native range,en,
141267163,Northern America (WGSRPD:7),native range,en,
141267164,Northern America (WGSRPD:7),native range,en,
141267166,cultivated origin,native range,en,
141267167,Europe (WGSRPD:1),native range,en,
141267167,temperate Asia (WGSRPD:3),native range,en,
141267168,cultivated origin,native range,en,
141267169,cultivated origin,native range,en,
141267170,Europe (WGSRPD:1),native range,en,
141267170,temperate Asia (WGSRPD:3),native range,en,
141267172,Europe (WGSRPD:1),native range,en,
141267172,Northern America (WGSRPD:7),native range,en,
141267172,temperate Asia (WGSRPD:3),native range,en,
141267174,temperate Asia (WGSRPD:3),native range,en,
141267175,Europe (WGSRPD:1),native range,en,
141267176,Africa (WGSRPD:2),native range,en,
141267176,Europe (WGSRPD:1),native range,en,
141267176,temperate Asia (WGSRPD:3),native range,en,
141267177,Africa (WGSRPD:2),native range,en,
141267177,Europe (WGSRPD:1),native range,en,
141267177,temperate Asia (WGSRPD:3),native range,en,
141267178,Africa (WGSRPD:2),native range,en,
141267178,Europe (WGSRPD:1),native range,en,
141267178,temperate Asia (WGSRPD:3),native range,en,
141267179,temperate Asia (WGSRPD:3),native range,en,
141267180,Europe (WGSRPD:1),native range,en,
141267180,temperate Asia (WGSRPD:3),native range,en,
141267181,Africa (WGSRPD:2),native range,en,
141267181,Europe (WGSRPD:1),native range,en,
141267181,temperate Asia (WGSRPD:3),native range,en,
141267182,Europe (WGSRPD:1),native range,en,
141267182,temperate Asia (WGSRPD:3),native range,en,
141267183,Europe (WGSRPD:1),native range,en,
141267184,Africa (WGSRPD:2),native range,en,
141267184,Europe (WGSRPD:1),native range,en,
141267184,temperate Asia (WGSRPD:3),native range,en,
141267185,Europe (WGSRPD:1),native range,en,
141267185,temperate Asia (WGSRPD:3),native range,en,
141267186,Africa (WGSRPD:2),native range,en,
141267186,Europe (WGSRPD:1),native range,en,
141267186,temperate Asia (WGSRPD:3),native range,en,
141267187,Africa (WGSRPD:2),native range,en,
141267187,Europe (WGSRPD:1),native range,en,
141267187,temperate Asia (WGSRPD:3),native range,en,
141267188,Asia,native range,en,
141267189,hybrid origin,native range,en,
141267190,Europe (WGSRPD:1),native range,en,
141267191,temperate Asia (WGSRPD:3),native range,en,
141267192,temperate Asia (WGSRPD:3),native range,en,
141267193,Africa (WGSRPD:2),native range,en,
141267193,Europe (WGSRPD:1),native range,en,
141267194,Africa (WGSRPD:2),native range,en,
141267194,Europe (WGSRPD:1),native range,en,
141267194,temperate Asia (WGSRPD:3),native range,en,
141267195,Europe (WGSRPD:1),native range,en,
141267195,temperate Asia (WGSRPD:3),native range,en,
141267196,Africa (WGSRPD:2),native range,en,
141267196,Europe (WGSRPD:1),native range,en,
141267196,temperate Asia (WGSRPD:3),native range,en,
141267197,Africa (WGSRPD:2),native range,en,
141267197,Europe (WGSRPD:1),native range,en,
141267197,temperate Asia (WGSRPD:3),native range,en,
141267198,Europe (WGSRPD:1),native range,en,
141267199,Europe (WGSRPD:1),native range,en,
141267199,temperate Asia (WGSRPD:3),native range,en,
141267200,Europe (WGSRPD:1),native range,en,
141267201,Europe (WGSRPD:1),native range,en,
141267202,Africa (WGSRPD:2),native range,en,
141267202,Europe (WGSRPD:1),native range,en,
141267202,temperate Asia (WGSRPD:3),native range,en,
141267203,Africa (WGSRPD:2),native range,en,
141267203,Europe (WGSRPD:1),native range,en,
141267203,temperate Asia (WGSRPD:3),native range,en,
141267204,temperate Asia (WGSRPD:3),native range,en,
141267205,Europe (WGSRPD:1),native range,en,
141267205,temperate Asia (WGSRPD:3),native range,en,
141267206,Europe (WGSRPD:1),native range,en,
141267206,temperate Asia (WGSRPD:3),native range,en,
141267207,Europe (WGSRPD:1),native range,en,
141267207,temperate Asia (WGSRPD:3),native range,en,
141267208,temperate Asia (WGSRPD:3),native range,en,
141267209,Europe (WGSRPD:1),native range,en,
141267209,temperate Asia (WGSRPD:3),native range,en,
141267210,Africa (WGSRPD:2),native range,en,
141267210,Europe (WGSRPD:1),native range,en,
141267210,temperate Asia (WGSRPD:3),native range,en,
141267211,Africa (WGSRPD:2),native range,en,
141267211,Europe (WGSRPD:1),native range,en,
141267211,temperate Asia (WGSRPD:3),native range,en,
141267212,Africa (WGSRPD:2),native range,en,
141267212,Europe (WGSRPD:1),native range,en,
141267212,temperate Asia (WGSRPD:3),native range,en,
141267213,Europe (WGSRPD:1),native range,en,
141267214,Europe (WGSRPD:1),native range,en,
141267215,Europe (WGSRPD:1),native range,en,
141267215,temperate Asia (WGSRPD:3),native range,en,
141267216,Africa (WGSRPD:2),native range,en,
141267216,Europe (WGSRPD:1),native range,en,
141267216,temperate Asia (WGSRPD:3),native range,en,
141267217,Europe (WGSRPD:1),native range,en,
141267217,temperate Asia (WGSRPD:3),native range,en,
141267218,Africa (WGSRPD:2),native range,en,
141267218,Europe (WGSRPD:1),native range,en,
141267218,temperate Asia (WGSRPD:3),native range,en,
141267219,Southern America (WGSRPD:8),native range,en,
141267220,Africa (WGSRPD:2),native range,en,
141267220,Europe (WGSRPD:1),native range,en,
141267221,Africa (WGSRPD:2),native range,en,
141267221,Europe (WGSRPD:1),native range,en,
141267223,Europe (WGSRPD:1),native range,en,
141267224,cultivated origin,native range,en,
141267226,Africa (WGSRPD:2),native range,en,
141267226,Europe (WGSRPD:1),native range,en,
141267227,Europe (WGSRPD:1),native range,en,
141267227,temperate Asia (WGSRPD:3),native range,en,
141267228,Europe (WGSRPD:1),native range,en,
141267229,Europe (WGSRPD:1),native range,en,
141267229,temperate Asia (WGSRPD:3),native range,en,
141267230,Europe (WGSRPD:1),native range,en,
141267231,temperate Asia (WGSRPD:3),native range,en,
141267232,Europe (WGSRPD:1),native range,en,
141267233,temperate Asia (WGSRPD:3),native range,en,
141267234,Europe (WGSRPD:1),native range,en,
141267235,temperate Asia (WGSRPD:3),native range,en,
141267236,cultivated origin,native range,en,
141267237,cultivated origin,native range,en,
141267238,temperate Asia (WGSRPD:3),native range,en,
141267239,Europe (WGSRPD:1),native range,en,
141267240,Africa (WGSRPD:2),native range,en,
141267240,Europe (WGSRPD:1),native range,en,
141267240,temperate Asia (WGSRPD:3),native range,en,
141267241,cultivated origin,native range,en,
141267243,hybrid origin,native range,en,
141267244,Europe (WGSRPD:1),native range,en,
141267245,Europe (WGSRPD:1),native range,en,
141267246,Europe (WGSRPD:1),native range,en,
141267247,Southern America (WGSRPD:8),native range,en,
141267248,Europe (WGSRPD:1),native range,en,
141267248,temperate Asia (WGSRPD:3),native range,en,
141267249,Africa (WGSRPD:2),native range,en,
141267249,Europe (WGSRPD:1),native range,en,
141267249,temperate Asia (WGSRPD:3),native range,en,
141267251,Northern America (WGSRPD:7),native range,en,
141267252,Northern America (WGSRPD:7),native range,en,
141267253,Southern America (WGSRPD:8),native range,en,
141267254,Southern America (WGSRPD:8),native range,en,
143605003,Northern America (WGSRPD:7),native range,en,
143605050,Asia,native range,en,
143605085,Asia,native range,en,
143605085,Europe (WGSRPD:1),native range,en,
143605086,Asia,native range,en,
143605087,Asia,native range,en,
143605087,Europe (WGSRPD:1),native range,en,
143605093,temperate Asia (WGSRPD:3),native range,en,
143605107,hybrid origin,native range,en,
143605133,temperate Asia (WGSRPD:3),native range,en,
148437407,Northern America (WGSRPD:7),native range,en,
148437417,Africa (WGSRPD:2),native range,en,
148437417,Europe (WGSRPD:1),native range,en,
148437417,temperate Asia (WGSRPD:3),native range,en,
148437420,Africa (WGSRPD:2),native range,en,
148437420,Europe (WGSRPD:1),native range,en,
148437420,temperate Asia (WGSRPD:3),native range,en,
148437422,temperate Asia (WGSRPD:3),native range,en,
148437423,Northern America (WGSRPD:7),native range,en,
148437426,Northern America (WGSRPD:7),native range,en,
148437430,temperate Asia (WGSRPD:3),native range,en,
148437432,temperate Asia (WGSRPD:3),native range,en,
148437473,temperate Asia (WGSRPD:3),native range,en,
148437475,Europe (WGSRPD:1),native range,en,
163968132,Africa (WGSRPD:2),native range,en,
163968132,Europe (WGSRPD:1),native range,en,
163968132,temperate Asia (WGSRPD:3),native range,en,
163968136,temperate Asia (WGSRPD:3),native range,en,
163968178,Northern America (WGSRPD:7),native range,en,
163968182,Europe (WGSRPD:1),native range,en,
163968198,temperate Asia (WGSRPD:3),native range,en,
163968221,Europe (WGSRPD:1),native range,en,
163968233,Southern America (WGSRPD:8),native range,en,
163968244,temperate Asia (WGSRPD:3),native range,en,
163968247,Australasia (WGSRPD:5),native range,en,
163968250,Africa (WGSRPD:2),native range,en,
163968250,Asia,native range,en,
163968251,tropical Asia (WGSRPD:4),native range,en,
163968252,temperate Asia (WGSRPD:3),native range,en,
163968257,Northern America (WGSRPD:7),native range,en,
163968258,Northern America (WGSRPD:7),native range,en,
163968260,Northern America (WGSRPD:7),native range,en,
163968267,temperate Asia (WGSRPD:3),native range,en,
163968272,Northern America (WGSRPD:7),native range,en,
163968273,Europe (WGSRPD:1),native range,en,
163968277,temperate Asia (WGSRPD:3),native range,en,
163968280,Africa (WGSRPD:2),native range,en,
163968300,Northern America (WGSRPD:7),native range,en,
168400379,temperate Asia (WGSRPD:3),native range,en,
168400393,Europe (WGSRPD:1),native range,en,
168400393,temperate Asia (WGSRPD:3),native range,en,
168400417,temperate Asia (WGSRPD:3),native range,en,
168400437,temperate Asia (WGSRPD:3),native range,en,
168400439,Australasia (WGSRPD:5),native range,en,
168400451,temperate Asia (WGSRPD:3),native range,en,
168400453,Northern America (WGSRPD:7),native range,en,
168400454,Northern America (WGSRPD:7),native range,en,
168400462,Africa (WGSRPD:2),native range,en,
168400464,Southern America (WGSRPD:8),native range,en,
168400469,temperate Asia (WGSRPD:3),native range,en,
168400471,temperate Asia (WGSRPD:3),native range,en,
168400472,hybrid origin,native range,en,
168400480,Africa (WGSRPD:2),native range,en,
168400480,Europe (WGSRPD:1),native range,en,
168400480,temperate Asia (WGSRPD:3),native range,en,
168400485,temperate Asia (WGSRPD:3),native range,en,
168400488,Northern America (WGSRPD:7),native range,en,
168400489,Northern America (WGSRPD:7),native range,en,
168400491,hybrid origin,native range,en,
168400492,Africa (WGSRPD:2),native range,en,
168400492,Europe (WGSRPD:1),native range,en,
168400492,temperate Asia (WGSRPD:3),native range,en,
168400493,Africa (WGSRPD:2),native range,en,
168400493,Europe (WGSRPD:1),native range,en,
168400494,Northern America (WGSRPD:7),native range,en,
168400495,Europe (WGSRPD:1),native range,en,
168400495,temperate Asia (WGSRPD:3),native range,en,
168400496,Africa (WGSRPD:2),native range,en,
168400496,Europe (WGSRPD:1),native range,en,
168400496,temperate Asia (WGSRPD:3),native range,en,
168400497,Africa (WGSRPD:2),native range,en,
168400499,Australasia (WGSRPD:5),native range,en,
168400500,temperate Asia (WGSRPD:3),native range,en,
168400502,Europe (WGSRPD:1),native range,en,
168400503,Northern America (WGSRPD:7),native range,en,
168400507,Africa (WGSRPD:2),native range,en,
168400509,Africa (WGSRPD:2),native range,en,
168400509,Europe (WGSRPD:1),native range,en,
168400509,temperate Asia (WGSRPD:3),native range,en,
168400510,Africa (WGSRPD:2),native range,en,
168400510,Europe (WGSRPD:1),native range,en,
168400512,Africa (WGSRPD:2),native range,en,
168400512,Europe (WGSRPD:1),native range,en,
168400514,cultivated origin,native range,en,
168400516,Europe (WGSRPD:1),native range,en,
168400517,Europe (WGSRPD:1),native range,en,
168400517,temperate Asia (WGSRPD:3),native range,en,
168400520,Africa (WGSRPD:2),native range,en,
168400523,Europe (WGSRPD:1),native range,en,
168400523,temperate Asia (WGSRPD:3),native range,en,
168400524,Europe (WGSRPD:1),native range,en,
168400527,Africa (WGSRPD:2),native range,en,
168400527,Asia,native range,en,
168400527,Australasia (WGSRPD:5),native range,en,
168400528,Northern America (WGSRPD:7),native range,en,
168400531,temperate Asia (WGSRPD:3),native range,en,
168400535,Northern America (WGSRPD:7),native range,en,
168400536,temperate Asia (WGSRPD:3),native range,en,
168400542,Africa (WGSRPD:2),native range,en,
168400542,Europe (WGSRPD:1),native range,en,
168400542,temperate Asia (WGSRPD:3),native range,en,
168400543,Africa (WGSRPD:2),native range,en,
168400543,Europe (WGSRPD:1),native range,en,
168400543,temperate Asia (WGSRPD:3),native range,en,
168400545,temperate Asia (WGSRPD:3),native range,en,
168400546,Africa (WGSRPD:2),native range,en,
168400546,Europe (WGSRPD:1),native range,en,
168400551,temperate Asia (WGSRPD:3),native range,en,
168400552,temperate Asia (WGSRPD:3),native range,en,
168400554,pan-American,native range,en,
168400556,Northern America (WGSRPD:7),native range,en,
168400561,temperate Asia (WGSRPD:3),native range,en,
168400562,temperate Asia (WGSRPD:3),native range,en,
168400563,temperate Asia (WGSRPD:3),native range,en,
168400564,temperate Asia (WGSRPD:3),native range,en,
168400565,Northern America (WGSRPD:7),native range,en,
168400566,temperate Asia (WGSRPD:3),native range,en,
168400572,Europe (WGSRPD:1),native range,en,
168400573,Africa (WGSRPD:2),native range,en,
168400573,Europe (WGSRPD:1),native range,en,
168400573,temperate Asia (WGSRPD:3),native range,en,
168400576,temperate Asia (WGSRPD:3),native range,en,
168400577,Europe (WGSRPD:1),native range,en,
168400577,temperate Asia (WGSRPD:3),native range,en,
168400582,Africa (WGSRPD:2),native range,en,
168400582,Europe (WGSRPD:1),native range,en,
168400582,temperate Asia (WGSRPD:3),native range,en,
168400583,Europe (WGSRPD:1),native range,en,
168400585,temperate Asia (WGSRPD:3),native range,en,
168400586,temperate Asia (WGSRPD:3),native range,en,
168400587,temperate Asia (WGSRPD:3),native range,en,
168400588,Europe (WGSRPD:1),native range,en,
168400588,temperate Asia (WGSRPD:3),native range,en,
168400590,Northern America (WGSRPD:7),native range,en,
308609192,pan-American,native range,en,
308609193,Southern America (WGSRPD:8),native range,en,
308609209,Africa (WGSRPD:2),native range,en,
308609209,Europe (WGSRPD:1),native range,en,
308609209,temperate Asia (WGSRPD:3),native range,en,
308609217,Southern America (WGSRPD:8),native range,en,
308609250,temperate Asia (WGSRPD:3),native range,en,
308609258,Europe (WGSRPD:1),native range,en,
308609258,Northern America (WGSRPD:7),native range,en,
308609258,temperate Asia (WGSRPD:3),native range,en,
308609261,Northern America (WGSRPD:7),native range,en,
308609261,temperate Asia (WGSRPD:3),native range,en,
308609294,Northern America (WGSRPD:7),native range,en,
308609297,Australasia (WGSRPD:5),native range,en,
308609298,temperate Asia (WGSRPD:3),native range,en,
308609299,Africa (WGSRPD:2),native range,en,
308609299,Europe (WGSRPD:1),native range,en,
308609300,Europe (WGSRPD:1),native range,en,
308609300,temperate Asia (WGSRPD:3),native range,en,
308609306,Australasia (WGSRPD:5),native range,en,
308609307,Africa (WGSRPD:2),native range,en,
308609308,Africa (WGSRPD:2),native range,en,
308609308,Europe (WGSRPD:1),native range,en,
308609308,temperate Asia (WGSRPD:3),native range,en,
308609311,Europe (WGSRPD:1),native range,en,
308609317,Africa (WGSRPD:2),native range,en,
308609317,Europe (WGSRPD:1),native range,en,
308609317,temperate Asia (WGSRPD:3),native range,en,
308609341,Northern America (WGSRPD:7),native range,en,
308609355,Africa (WGSRPD:2),native range,en,
308609355,Europe (WGSRPD:1),native range,en,
308609356,Europe (WGSRPD:1),native range,en,
159498294,Eastern Africa,native range,en,
159498294,Middle Africa,native range,en,
159498294,Southern Africa (WGSRPD:27),native range,en,
159498298,Africa (WGSRPD:2),native range,en,
159498300,Africa (WGSRPD:2),native range,en,
159498302,Africa (WGSRPD:2),native range,en,
159498306,Southern America (WGSRPD:8),native range,en,
159498310,Africa (WGSRPD:2),native range,en,
159498316,Nearctic,native range,en,
159498316,Neotropic,native range,en,
159498320,Africa (WGSRPD:2),native range,en,
159498323,Africa (WGSRPD:2),native range,en,
159498323,Southeastern Asia,native range,en,
159498323,Southern Asia,native range,en,
159498323,Western Asia (WGSRPD:34),native range,en,
159498325,Australia (WGSRPD:50),native range,en,
159498329,Africa (WGSRPD:2),native range,en,
159498331,Southern America (WGSRPD:8),native range,en,
159498332,Central America (WGSRPD:80),native range,en,
159498332,Southern America (WGSRPD:8),native range,en,
159498333,Africa (WGSRPD:2),native range,en,
159498333,Southern Asia,native range,en,
159498333,Southern Europe,native range,en,
159498333,Western Asia (WGSRPD:34),native range,en,
159498337,Madagascar (WGSRPD:MDG),native range,en,
159498337,Sub-Saharan Africa,native range,en,
159498339,Australia (WGSRPD:50),native range,en,
159498341,Asia,native range,en,
159498341,Europe (WGSRPD:1),native range,en,
159498343,Australia (WGSRPD:50),native range,en,
159498345,Africa (WGSRPD:2),native range,en,
159498346,Africa (WGSRPD:2),native range,en,
159498346,Asia,native range,en,
159498348,Southeastern Asia,native range,en,
159498349,Africa (WGSRPD:2),native range,en,
159498353,Australia (WGSRPD:50),native range,en,
159498357,Southern America (WGSRPD:8),native range,en,
159498359,Northern America (WGSRPD:7),native range,en,
159498360,Russia,native range,en,
159498361,Africa (WGSRPD:2),native range,en,
159498363,Africa (WGSRPD:2),native range,en,
159498363,Southern Asia,native range,en,
159498365,Central America (WGSRPD:80),native range,en,
159498365,Southern America (WGSRPD:8),native range,en,
159498367,Eastern Africa,native range,en,
159498367,Middle Africa,native range,en,
159498367,Western Africa,native range,en,
159498368,Central America (WGSRPD:80),native range,en,
159498368,Northern America (WGSRPD:7),native range,en,
159498372,Africa (WGSRPD:2),native range,en,
159498375,America,native range,en,
159498378,Africa (WGSRPD:2),native range,en,
159498378,Western Asia (WGSRPD:34),native range,en,
159498379,Australia (WGSRPD:50),native range,en,
159498379,Papua New Guinea,native range,en,
159498380,Eastern Africa,native range,en,
159498380,Middle Africa,native range,en,
159498380,Southern Africa (WGSRPD:27),native range,en,
159498384,Central America (WGSRPD:80),native range,en,
159498384,Southern America (WGSRPD:8),native range,en,
159498386,Southern America (WGSRPD:8),native range,en,
159498388,Nearctic,native range,en,
159498388,Neotropic,native range,en,
159498389,Palearctic,native range,en,
159498390,Africa (WGSRPD:2),native range,en,
159498390,Southern Europe,native range,en,
159498394,Africa (WGSRPD:2),native range,en,
159498397,Northern America (WGSRPD:7),native range,en,
159498399,Northern America (WGSRPD:7),native range,en,
159498402,China (WGSRPD:36),native range,en,
159498404,Japan (WGSRPD:JAP),native range,en,
159498405,Palearctic,native range,en,
159498407,China (WGSRPD:36),native range,en,
159498408,China (WGSRPD:36),native range,en,
159498408,Myanmar,native range,en,
159498410,Southeastern Asia,native range,en,
159498410,Southern Asia,native range,en,
159498412,Southeastern Europe (WGSRPD:13),native range,en,
159498413,Europe (WGSRPD:1),native range,en,
159498414,Asia,native range,en,
159498416,Southeastern Asia,native range,en,
159498417,Eastern Asia (WGSRPD:38),native range,en,
159498417,Southern Asia,native range,en,
159498421,Northern America (WGSRPD:7),native range,en,
159498423,Eurasia,native range,en,
159498423,Northern America (WGSRPD:7),native range,en,
159498425,Australia (WGSRPD:50),native range,en,
159498425,Southeastern Asia,native range,en,
159498425,Southern Asia,native range,en,
159498426,Eastern Asia (WGSRPD:38),native range,en,
159498430,Central America (WGSRPD:80),native range,en,
159498430,Northern America (WGSRPD:7),native range,en,
159498434,Australia (WGSRPD:50),native range,en,
159498434,Southeastern Asia,native range,en,
159498440,Australia (WGSRPD:50),native range,en,
159498441,Africa (WGSRPD:2),native range,en,
159498441,Eastern Europe (WGSRPD:14),native range,en,
159498447,Southern America (WGSRPD:8),native range,en,
159498449,Africa (WGSRPD:2),native range,en,
159498451,Africa (WGSRPD:2),native range,en,
159498452,Australia (WGSRPD:50),native range,en,
159498453,Africa (WGSRPD:2),native range,en,
159498453,Middle East,native range,en,
159498457,Southern America (WGSRPD:8),native range,en,
159498458,America,native range,en,
159498462,Eurasia Africa,native range,en,
159498465,Eastern Asia (WGSRPD:38),native range,en,
159498466,Central Asia,native range,en,
159498466,Eastern Asia (WGSRPD:38),native range,en,
159498470,Africa (WGSRPD:2),native range,en,
159498471,Asia,native range,en,
159498475,Southern America (WGSRPD:8),native range,en,
159498477,Australia (WGSRPD:50),native range,en,
159498483,Southeastern Asia,native range,en,
159498486,Africa (WGSRPD:2),native range,en,
159498488,Australia (WGSRPD:50),native range,en,
159498488,Southeastern Asia,native range,en,
159498494,China (WGSRPD:36),native range,en,
159498494,Indian Subcontinent (WGSRPD:40),native range,en,
159498495,Eastern Africa,native range,en,
159498495,Middle Africa,native range,en,
159498495,Southern Asia,native range,en,
159498495,Western Africa,native range,en,
159498496,Southeastern Asia,native range,en,
159498496,Southern Asia,native range,en,
159498497,Eastern Asia (WGSRPD:38),native range,en,
159498497,Southeastern Asia,native range,en,
159498497,Southern Asia,native range,en,
159498498,Southern Asia,native range,en,
159498500,Panama (WGSRPD:PAN),native range,en,
159498500,Southern America (WGSRPD:8),native range,en,
159498501,Southern America (WGSRPD:8),native range,en,
159498503,Australia (WGSRPD:50),native range,en,
159498504,Australia (WGSRPD:50),native range,en,
159498506,Southern America (WGSRPD:8),native range,en,
159498510,Central America (WGSRPD:80),native range,en,
159498510,Southern America (WGSRPD:8),native range,en,
159498511,Central America (WGSRPD:80),native range,en,
159498511,Southern America (WGSRPD:8),native range,en,
159498513,Africa (WGSRPD:2),native range,en,
159498514,Southwestern Africa,native range,en,
159498515,Tanzania (WGSRPD:TAN),native range,en,
159498516,Madagascar (WGSRPD:MDG),native range,en,
159498518,Southern America (WGSRPD:8),native range,en,
159498522,Australia (WGSRPD:50),native range,en,
159498523,Australia (WGSRPD:50),native range,en,
159498527,Northern America (WGSRPD:7),native range,en,
159498529,Northern America (WGSRPD:7),native range,en,
159498531,Africa (WGSRPD:2),native range,en,
159498533,Southern America (WGSRPD:8),native range,en,
159498535,Australia (WGSRPD:50),native range,en,
159498535,Southeastern Asia,native range,en,
159498535,Southern Asia,native range,en,
159498536,Eastern Africa,native range,en,
159498536,Middle Africa,native range,en,
159498536,Western Africa,native range,en,
159498538,Central America (WGSRPD:80),native range,en,
159498538,Southern America (WGSRPD:8),native range,en,
159498540,Southern America (WGSRPD:8),native range,en,
159498542,Australia (WGSRPD:50),native range,en,
159498544,Africa (WGSRPD:2),native range,en,
159498544,Southeastern Asia,native range,en,
159498544,Southern Asia,native range,en,
159498546,Ethiopia,native range,en,
159498548,Northern America (WGSRPD:7),native range,en,
159498549,Southern America (WGSRPD:8),native range,en,
159498551,Central Asia,native range,en,
159498551,Northern Africa,native range,en,
159498551,Spain (WGSRPD:SPA),native range,en,
159498551,Western Asia (WGSRPD:34),native range,en,
159498553,Russia,native range,en,
159498554,Central Asia,native range,en,
159498554,Eastern Asia (WGSRPD:38),native range,en,
159498554,Southern Asia,native range,en,
159498555,Eastern Asia (WGSRPD:38),native range,en,
159498557,Australia (WGSRPD:50),native range,en,
159498559,Africa (WGSRPD:2),native range,en,
159498561,Southern America (WGSRPD:8),native range,en,
159498562,Australia (WGSRPD:50),native range,en,
159498563,Northern America (WGSRPD:7),native range,en,
159498565,Northern America (WGSRPD:7),native range,en,
159498566,Hawaiian Islands (WGSRPD:HI),native range,en,
159498567,Northern America (WGSRPD:7),native range,en,
159498569,Southern America (WGSRPD:8),native range,en,
159498571,New Zealand (WGSRPD:51),native range,en,
159498572,Southern Africa (WGSRPD:27),native range,en,
159498573,Australia (WGSRPD:50),native range,en,
159498573,New Zealand (WGSRPD:51),native range,en,
159498574,Asia,native range,en,
159498576,Eastern Asia (WGSRPD:38),native range,en,
159498577,Northern America (WGSRPD:7),native range,en,
159498579,Southern America (WGSRPD:8),native range,en,
159498581,Southern America (WGSRPD:8),native range,en,
159498582,Southern America (WGSRPD:8),native range,en,
159498583,Southern America (WGSRPD:8),native range,en,
159498585,Australia (WGSRPD:50),native range,en,
159498587,Australia (WGSRPD:50),native range,en,
159498587,New Zealand (WGSRPD:51),native range,en,
159498587,Southeastern Asia,native range,en,
159498588,Caribbean (WGSRPD:81),native range,en,
159498588,Galapagos (WGSRPD:GAL),native range,en,
159498588,Southern America (WGSRPD:8),native range,en,
159498589,Philippines (WGSRPD:PHI),native range,en,
159498590,Eastern Africa,native range,en,
159498590,Middle Africa,native range,en,
159498590,Southern Africa (WGSRPD:27),native range,en,
159498590,Western Africa,native range,en,
159498591,Eastern Asia (WGSRPD:38),native range,en,
159498592,Central America (WGSRPD:80),native range,en,
159498592,Northern America (WGSRPD:7),native range,en,
159498593,Africa (WGSRPD:2),native range,en,
159498594,Africa (WGSRPD:2),native range,en,
159498595,Southern America (WGSRPD:8),native range,en,
159498596,Southeastern Asia,native range,en,
159498596,Southern Asia,native range,en,
159498597,Southern America (WGSRPD:8),native range,en,
159498598,Australia (WGSRPD:50),native range,en,
159498599,Africa (WGSRPD:2),native range,en,
159498600,Eastern Asian Russia,native range,en,
159498601,Southern America (WGSRPD:8),native range,en,
159498602,Southern America (WGSRPD:8),native range,en,
159498603,Hawaiian Islands (WGSRPD:HI),native range,en,
159498604,Australia (WGSRPD:50),native range,en,
159498604,New Zealand (WGSRPD:51),native range,en,
159498605,Southeastern Asia,native range,en,
159498606,Central America (WGSRPD:80),native range,en,
159498606,Northern America (WGSRPD:7),native range,en,
159498606,Southern America (WGSRPD:8),native range,en,
159498608,Australia (WGSRPD:50),native range,en,
159498608,Southeastern Asia,native range,en,
159498609,Australia (WGSRPD:50),native range,en,
159498610,Africa (WGSRPD:2),native range,en,
159498610,Southern America (WGSRPD:8),native range,en,
159498611,Africa (WGSRPD:2),native range,en,
159498611,Caribbean (WGSRPD:81),native range,en,
159498611,Central America (WGSRPD:80),native range,en,
159498611,Indian Subcontinent (WGSRPD:40),native range,en,
159498611,Southern America (WGSRPD:8),native range,en,
159498612,Southern America (WGSRPD:8),native range,en,
159498614,Africa (WGSRPD:2),native range,en,
159498616,Northern America (WGSRPD:7),native range,en,
159498617,Northern America (WGSRPD:7),native range,en,
159498618,Eastern Asian Russia,native range,en,
159498622,Eastern Asia (WGSRPD:38),native range,en,
159498622,Southeastern Asia,native range,en,
159498622,Southern Asia,native range,en,
159498625,Eastern Asia (WGSRPD:38),native range,en,
159498631,Southern America (WGSRPD:8),native range,en,
159498637,Southeastern Asia,native range,en,
159498637,Southern Asia,native range,en,
159498638,Africa (WGSRPD:2),native range,en,
159498639,Southern Asia,native range,en,
159498639,Western Asia (WGSRPD:34),native range,en,
159498640,Southeastern Asia,native range,en,
159498640,Southern Asia,native range,en,
159498646,Eastern Asia (WGSRPD:38),native range,en,
159498646,Southern Asia,native range,en,
159498648,Eastern Asia (WGSRPD:38),native range,en,
159498648,Southern Asia,native range,en,
159498651,Macaronesia,native range,en,
159498657,Asia,native range,en,
159498660,Southern Asia,native range,en,
159498662,Eastern Asia (WGSRPD:38),native range,en,
159498662,Southern Asia,native range,en,
159498664,Eastern Asia (WGSRPD:38),native range,en,
159498664,Southern Asia,native range,en,
159498666,Northern America (WGSRPD:7),native range,en,
159498669,Portugal (WGSRPD:POR),native range,en,
159498669,Spain (WGSRPD:SPA),native range,en,
159498671,Eastern Asia (WGSRPD:38),native range,en,
159498671,Southern Asia,native range,en,
159498673,Eastern Africa,native range,en,
159498673,Middle Africa,native range,en,
159498673,Southern Africa (WGSRPD:27),native range,en,
159498673,Western Africa,native range,en,
159498674,Africa (WGSRPD:2),native range,en,
159498675,Southeastern Asia,native range,en,
159498675,Southern Asia,native range,en,
159498678,Africa (WGSRPD:2),native range,en,
159498685,Southern America (WGSRPD:8),native range,en,
159498688,Northern America (WGSRPD:7),native range,en,
159498693,Australia (WGSRPD:50),native range,en,
159498693,Southeastern Asia,native range,en,
159498702,Eastern Africa,native range,en,
159498702,Middle Africa,native range,en,
159498702,Southern Africa (WGSRPD:27),native range,en,
159498702,Western Africa,native range,en,
159498703,Eastern Africa,native range,en,
159498703,Middle Africa,native range,en,
159498703,Southern Africa (WGSRPD:27),native range,en,
159498703,Western Africa,native range,en,
159498704,Africa (WGSRPD:2),native range,en,
159498705,Africa (WGSRPD:2),native range,en,
159498707,Eastern Africa,native range,en,
159498707,Middle Africa,native range,en,
159498707,Southern Africa (WGSRPD:27),native range,en,
159498707,Western Africa,native range,en,
159498708,Eastern Africa,native range,en,
159498711,Eastern Africa,native range,en,
159498711,Middle Africa,native range,en,
159498711,Southern Africa (WGSRPD:27),native range,en,
159498711,Western Africa,native range,en,
159498715,Africa (WGSRPD:2),native range,en,
159498716,Southeastern Asia,native range,en,
159498716,Southern Asia,native range,en,
159498720,Eastern Asia (WGSRPD:38),native range,en,
159498720,Southeastern Asia,native range,en,
159498720,Southern Asia,native range,en,
159498721,Southeastern Asia,native range,en,
159498721,Southern Asia,native range,en,
159498722,Indonesia (WGSRPD:ID),native range,en,
159498724,Southern Asia,native range,en,
159498726,Australia (WGSRPD:50),native range,en,
159498731,Eastern Asia (WGSRPD:38),native range,en,
159498731,Southeastern Asia,native range,en,
159498732,Southern Asia,native range,en,
159498733,Central Asia,native range,en,
159498733,Southeastern Asia,native range,en,
159498733,Southern Asia,native range,en,
159498739,Africa (WGSRPD:2),native range,en,
159498740,Africa (WGSRPD:2),native range,en,
159498741,Africa (WGSRPD:2),native range,en,
159498742,Africa (WGSRPD:2),native range,en,
141117231,Africa,native range,en,
141117232,Eastern Europe,native range,en,
141117233,Eastern Europe,native range,en,
141117234,Asia,native range,en,
141117235,Asia,native range,en,
141117236,Asia,native range,en,
141117236,Eastern Europe,native range,en,
141117237,North America,native range,en,
141117238,Eastern Europe,native range,en,
141117240,Asia,native range,en,
141117241,Eastern Europe,native range,en,
141117242,Eastern Europe,native range,en,
141117243,North America,native range,en,
141117244,North America,native range,en,
141117245,North America,native range,en,
141117246,Eastern Europe,native range,en,
141117247,Eastern Europe,native range,en,
141117248,North America,native range,en,
141117249,Asia,native range,en,
141117250,Eastern Europe,native range,en,
141117251,Africa,native range,en,
141117252,Asia,native range,en,
141117253,North America,native range,en,
141117254,Asia,native range,en,
141117255,Eastern Europe,native range,en,
143611964,Eastern Europe,native range,en,
236182319,North America,native range,en,
236182325,Asia,native range,en,
236182330,Asia,native range,en,
236182333,North America,native range,en,
236182338,Eastern Europe,native range,en,
236182341,North America,native range,en,
236182345,Asia,native range,en,
236182352,Eastern Europe,native range,en,
236182361,Asia,native range,en,
180661031,North America,native range,en,
180661034,North America,native range,en,
180661037,Europe,native range,en,
180661039,Asia,native range,en,
180661041,Africa,native range,en,
180661041,Europe,native range,en,
180661043,Europe,native range,en,
180661044,Europe,native range,en,
180661048,Europe,native range,en,
180661050,Central America,native range,en,
180661053,Africa,native range,en,
180661056,Europe,native range,en,
180661056,Northern Africa,native range,en,
180661059,Asia,native range,en,
180661062,Asia,native range,en,
180661062,Europe,native range,en,
180661063,Asia,native range,en,
180661063,Europe,native range,en,
180661065,North America,native range,en,
180661070,Central America,native range,en,
180661070,South America,native range,en,
180661074,Africa,native range,en,
180661077,Central America,native range,en,
180661079,Central America,native range,en,
180661079,North America,native range,en,
180661079,South America,native range,en,
180661080,Central America,native range,en,
180661083,Asia,native range,en,
180661086,Africa,native range,en,
180661088,Africa,native range,en,
180661088,Asia,native range,en,
180661088,Europe,native range,en,
180661090,Africa,native range,en,
180661090,Asia,native range,en,
180661090,Australia,native range,en,
180661092,Asia,native range,en,
180661093,Australia,native range,en,
180661094,Africa,native range,en,
180661096,Australia,native range,en,
180661099,Europe,native range,en,
180661100,Africa,native range,en,
180661100,Asia,native range,en,
180661100,Europe,native range,en,
180661101,Africa,native range,en,
180661101,Europe,native range,en,
180661103,Central America,native range,en,
180661103,South America,native range,en,
180661105,Central America,native range,en,
180661105,South America,native range,en,
180661108,Europe,native range,en,
180661110,Asia,native range,en,
180661112,Africa,native range,en,
180661113,Africa,native range,en,
180661116,Africa,native range,en,
180661116,Europe,native range,en,
180661119,Asia,native range,en,
180661120,Africa,native range,en,
180661120,Asia,native range,en,
180661120,Central America,native range,en,
180661120,Europe,native range,en,
180661120,South America,native range,en,
180661122,Central America,native range,en,
180661122,South America,native range,en,
180661124,South America,native range,en,
180661130,Europe,native range,en,
180661131,Europe,native range,en,
180661133,Europe,native range,en,
180661134,Europe,native range,en,
180661135,Africa,native range,en,
180661135,Asia,native range,en,
180661135,Australia,native range,en,
180661135,Central America,native range,en,
180661135,Europe,native range,en,
180661135,South America,native range,en,
180661137,Africa,native range,en,
180661139,Africa,native range,en,
180661141,North America,native range,en,
180661143,North America,native range,en,
180661146,Africa,native range,en,
180661147,Australia,native range,en,
180661148,Australia,native range,en,
180661150,Australia,native range,en,
180661152,Asia,native range,en,
180661153,Asia,native range,en,
180661156,Africa,native range,en,
180661158,Asia,native range,en,
180661160,Africa,native range,en,
180661163,North America,native range,en,
180661165,Asia,native range,en,
180661167,Asia,native range,en,
180661169,Asia,native range,en,
180661169,Europe,native range,en,
180661171,Asia,native range,en,
180661173,North America,native range,en,
180661174,North America,native range,en,
180661176,Central America,native range,en,
180661176,South America,native range,en,
180661178,Central America,native range,en,
180661178,North America,native range,en,
180661179,North America,native range,en,
180661180,Central America,native range,en,
180661180,South America,native range,en,
180661182,Asia,native range,en,
180661182,Europe,native range,en,
180661183,Europe,native range,en,
180661184,Asia,native range,en,
180661185,North America,native range,en,
180661185,South America,native range,en,
180661186,North America,native range,en,
180661187,Central America,native range,en,
180661190,Europe,native range,en,
180661194,North America,native range,en,
180661197,North America,native range,en,
180661199,North America,native range,en,
180661201,North America,native range,en,
180661204,Africa,native range,en,
180661207,North America,native range,en,
180661208,North America,native range,en,
180661209,North America,native range,en,
180661211,Central America,native range,en,
180661211,North America,native range,en,
180661213,Asia,native range,en,
180661213,Europe,native range,en,
180661214,Asia,native range,en,
180661216,Africa,native range,en,
180661216,Asia,native range,en,
180661216,Europe,native range,en,
180661218,North America,native range,en,
180661219,North America,native range,en,
180661220,North America,native range,en,
180661221,North America,native range,en,
180661223,North America,native range,en,
180661226,North America,native range,en,
180661227,North America,native range,en,
180661228,North America,native range,en,
180661233,Africa,native range,en,
180661234,Africa,native range,en,
180661234,Asia,native range,en,
180661234,Europe,native range,en,
180661235,Africa,native range,en,
180661235,Asia,native range,en,
180661235,Europe,native range,en,
180661237,Europe,native range,en,
213158974,North America,native range,en,
213158974,central America,native range,en,
213158981,Asia,native range,en,
213158993,Europe,native range,en,
213159001,Asia,native range,en,
213159014,Africa,native range,en,
213159014,Asia,native range,en,
213159014,Europe,native range,en,
213159022,North America,native range,en,
213159023,North and central America,native range,en,
213159025,Africa,native range,en,
213159025,Asia,native range,en,
213159025,Europe,native range,en,
213159043,Asia,native range,en,
213159045,Europe,native range,en,
213159049,Central America,native range,en,
213159053,Asia,native range,en,
213159066,Asia,native range,en,
213159066,Europe,native range,en,
213159069,South America,native range,en,
213159072,Europe,native range,en,
213159073,Asia,native range,en,
213159073,Europe,native range,en,
213159075,North America,native range,en,
213159078,North America,native range,en,
213159081,Central America,native range,en,
213159081,North America,native range,en,
213159098,North America,native range,en,
213159099,North America,native range,en,
213159101,North America,native range,en,
240043818,Europe,native range,en,
240043824,Asia,native range,en,
240043871,Africa,native range,en,
140562891,Ponto-Caspian,native range,en,"Vercauteren T, De Smedt S, Warmoes T, Goddeeris B, Wouters K (2005) Drie nieuwe Ponto-Kaspische inwijkelingen dringen door tot in kanalen in de provincie Antwerpen: de zoetwaterpolychaet Hypania invalida (Grube, 1860) en, voor het eerst in België, de platworm Dendrocoelum romanodanubiale (Codreanu, 1949) en de Donaupissebed Jaera istri Veuille, 1979. In: Nieuwborg H (ed), Natuurstudie in de provincie Antwerpen. Antwerpse Koepel voor Natuurstudie (ANKONA) Jaarboek 2003, pp 83–97"
140562894,China,native range,en,"Soors J, van Haaren T, Timm T, Speybroeck J (2013) Bratislavia dadayi (Michaelsen, 1905) (Annelida: Clitellata: Naididae): a new non-indigenous species for Europe, and other non-native annelids in the Schelde estuary. Aquatic Invasions 8: 37–44, https://doi.org/10.3391/ai.2013.8.1.04"
140562894,Southern Hemisphere,native range,en,"Soors J, van Haaren T, Timm T, Speybroeck J (2013) Bratislavia dadayi (Michaelsen, 1905) (Annelida: Clitellata: Naididae): a new non-indigenous species for Europe, and other non-native annelids in the Schelde estuary. Aquatic Invasions 8: 37–44, https://doi.org/10.3391/ai.2013.8.1.04"
140562894,United States,native range,en,"Soors J, van Haaren T, Timm T, Speybroeck J (2013) Bratislavia dadayi (Michaelsen, 1905) (Annelida: Clitellata: Naididae): a new non-indigenous species for Europe, and other non-native annelids in the Schelde estuary. Aquatic Invasions 8: 37–44, https://doi.org/10.3391/ai.2013.8.1.04"
140562895,Africa,native range,en,"Soors J, van Haaren T, Timm T, Speybroeck J (2013) Bratislavia dadayi (Michaelsen, 1905) (Annelida: Clitellata: Naididae): a new non-indigenous species for Europe, and other non-native annelids in the Schelde estuary. Aquatic Invasions 8: 37–44, https://doi.org/10.3391/ai.2013.8.1.04"
140562895,Asia,native range,en,"Soors J, van Haaren T, Timm T, Speybroeck J (2013) Bratislavia dadayi (Michaelsen, 1905) (Annelida: Clitellata: Naididae): a new non-indigenous species for Europe, and other non-native annelids in the Schelde estuary. Aquatic Invasions 8: 37–44, https://doi.org/10.3391/ai.2013.8.1.04"
140562895,Australia,native range,en,"Soors J, van Haaren T, Timm T, Speybroeck J (2013) Bratislavia dadayi (Michaelsen, 1905) (Annelida: Clitellata: Naididae): a new non-indigenous species for Europe, and other non-native annelids in the Schelde estuary. Aquatic Invasions 8: 37–44, https://doi.org/10.3391/ai.2013.8.1.04"
140562897,North America,native range,en,"Seys J, Vincx M, Meire P (1999) Spatial distribution of oligochaetes (Clitellata) in the tidal freshwater and brackish parts of the Schelde estuary (Belgium). In: Aquatic Oligochaetes, Springer Netherlands, pp 119–132"
140562898,East Asia,native range,en,"Damas H (1938) Sur la presence dans la Meuse belge de Branchiura sowerbyi, Craspedacusta sowerbyi, et Urnatella gracilis. Annalles de Societé Zoologique Belge 69: 293–310"
140562899,Ponto-Caspian,native range,en,"Soors J, van Haaren T, Timm T, Speybroeck J (2013) Bratislavia dadayi (Michaelsen, 1905) (Annelida: Clitellata: Naididae): a new non-indigenous species for Europe, and other non-native annelids in the Schelde estuary. Aquatic Invasions 8: 37–44, https://doi.org/10.3391/ai.2013.8.1.04"
140562900,North America,native range,en,"Soors J, van Haaren T, Timm T, Speybroeck J (2013) Bratislavia dadayi (Michaelsen, 1905) (Annelida: Clitellata: Naididae): a new non-indigenous species for Europe, and other non-native annelids in the Schelde estuary. Aquatic Invasions 8: 37–44, https://doi.org/10.3391/ai.2013.8.1.04"
140562901,Ponto-Caspian,native range,en,"Soors J, van Haaren T, Timm T, Speybroeck J (2013) Bratislavia dadayi (Michaelsen, 1905) (Annelida: Clitellata: Naididae): a new non-indigenous species for Europe, and other non-native annelids in the Schelde estuary. Aquatic Invasions 8: 37–44, https://doi.org/10.3391/ai.2013.8.1.04"
140562902,North America,native range,en,"Soors J, van Haaren T, Timm T, Speybroeck J (2013) Bratislavia dadayi (Michaelsen, 1905) (Annelida: Clitellata: Naididae): a new non-indigenous species for Europe, and other non-native annelids in the Schelde estuary. Aquatic Invasions 8: 37–44, https://doi.org/10.3391/ai.2013.8.1.04"
140562903,Asia,native range,en,"Soors J, van Haaren T, Timm T, Speybroeck J (2013) Bratislavia dadayi (Michaelsen, 1905) (Annelida: Clitellata: Naididae): a new non-indigenous species for Europe, and other non-native annelids in the Schelde estuary. Aquatic Invasions 8: 37–44, https://doi.org/10.3391/ai.2013.8.1.04"
140562906,North America,native range,en,"Ysebaert T, Meire P, De Block M, De Regge N, Soors J (1997) A first record of Marenzelleria viridis (Verril, 1873) (Polychaeta, Spionidae) in the Schelde estuary (Belgium). Biologisch Jaarboek (Dodonaea) 64: 176–181"
140562907,North America,native range,en,"Soors J, van Haaren T, Timm T, Speybroeck J (2013) Bratislavia dadayi (Michaelsen, 1905) (Annelida: Clitellata: Naididae): a new non-indigenous species for Europe, and other non-native annelids in the Schelde estuary. Aquatic Invasions 8: 37–44, https://doi.org/10.3391/ai.2013.8.1.04"
140562910,Asia,native range,en,"Leloup E, Lefevere S (1952) Sur la présence dans les eaux de la côte belge du cirripède, Elminius modestus Darwin, 1854, du copepode parasite, Mytilicola intestinalis Steuer, 1902, et du polychète, Mercierella enigmatica Fauvel, 1922. Mededelingen Koninklijk Belgisch Instituut voor Natuur Wetenschappen 28: 1–12"
140562912,Australia,native range,en,"Boets P, Brosens D, Lock K, Adriaens T, Aelterman B, Mertens J & Goethals P. 2016. Alien macroinvertebrates in Flanders (Belgium). Aquatic Invasions 11 (2): 131–144. https://doi.org/10.3391/ai.2016.11.2.03"
140562916,North America,native range,en,"Vercauteren T, Sablon S, Wouters K (2006) Exotische ongewervelden in vijvers en grachten van het Provinciaal Groendomein ‘Prinsenpark’. In: Retie: een eerste bilan. In: Nieuwborg H, Rijvers T (eds), Natuurstudie in de provincie Antwerpen. Antwerpse Koepel voor Natuurstudie (ANKONA) Jaarboek 2004–2005, pp 27–39"
140562918,Ponto-Caspian,native range,en,"Vercauteren T, De Smedt S, Warmoes T, Goddeeris B, Wouters K (2005) Drie nieuwe Ponto-Kaspische inwijkelingen dringen door tot in kanalen in de provincie Antwerpen: de zoetwaterpolychaet Hypania invalida (Grube, 1860) en, voor het eerst in België, de platworm Dendrocoelum romanodanubiale (Codreanu, 1949) en de Donaupissebed Jaera istri Veuille, 1979. In: Nieuwborg H (ed), Natuurstudie in de provincie Antwerpen. Antwerpse Koepel voor Natuurstudie (ANKONA) Jaarboek 2003, pp 83–97"
140562922,North America,native range,en,"Kerckhof F, Dumoulin E (1987) Eerste vondsten van de Amerikaanse zwaardschede Ensis directus (Conrad, 1843) langs de Belgische kust. De Strandvlo 7: 51–52"
140562925,Ponto-Caspian,native range,en,"Adam W (1947) Revision des Mollusques de la Belgique. I Mollusques terrestres et dulcicoles. Mémoires du Musée Royal d’Histoire Naturelle de Belgique, 106, 297 pp"
140562926,New Zealand,native range,en,"Adam W (1947) Revision des Mollusques de la Belgique. I Mollusques terrestres et dulcicoles. Mémoires du Musée Royal d’Histoire Naturelle de Belgique, 106, 297 pp"
140562929,North America,native range,en,"Adam W, Leloup E (1934) Sur la présence du gastéropode Crepidula fornicata (Linné, 1758) sur la côte belge. Bulletin du Musée royal d'Histoire naturelle de Belgique 10: 1–5"
140562932,North America,native range,en,"Kerckhof F, Haelters J, Gollasch S (2007) Alien species in the marine and brackish ecosystem: the situation in Belgian waters. Aquatic Invasions 2: 243–257, https://doi.org/10.3391/ai.2007.2.3.9"
140562938,Asia,native range,en,"Keppens M, Mienis HK (2004) A propos de la présence de Sinanodonta woodiana (Lea, 1834) en Belgique. Novapex Société 5: 78–81"
140562941,Asia,native range,en,"Swinnen F, Leynen M, Sablon R, Duvivier L, Vanmaele R (1998) The Asiatic clam Corbicula (Bivalvia: Corbiculidae) in Belgium. Biologie 68: 47–53"
140562942,Asia,native range,en,"Swinnen F, Leynen M, Sablon R, Duvivier L, Vanmaele R (1998) The Asiatic clam Corbicula (Bivalvia: Corbiculidae) in Belgium. Biologie 68: 47–53"
140562944,North America,native range,en,"Nyst HJP (1835) Mollusques. Bulletin des Academies Royal des Sciences Lettres et Beaux Arts 2: 235–236 | Adam W (1947) Revision des Mollusques de la Belgique. I Mollusques terrestres et dulcicoles. Mémoires du Musée Royal d’Histoire Naturelle de Belgique, 106, 297 pp"
140562945,Ponto-Caspian,native range,en,"Sablon R, Vercauteren T, Jacobs P (2010b) De quaggamossel (Dreissena rostriformis bugensis (Andrusov, 1897)), een recent gevonden invasieve zoetwatermossel in Vlaanderen. ANTenne 4: 32–36"
140562946,Ponto-Caspian,native range,en,"Adam W (1947) Revision des Mollusques de la Belgique. I Mollusques terrestres et dulcicoles. Mémoires du Musée Royal d’Histoire Naturelle de Belgique, 106, 297 pp"
140562948,North America,native range,en,"Vandepitte L, De Poorter D, Lescrauweart A-N, Fockedey N, Mees J (2012) Niet-inheemse soorten van het Belgisch deel van de Noordzee en aanpalende estuaria. VLIZ Special publication 59. Vlaams Instituut voor de Zee (VLIZ): Oostende België, 372 pp"
140562949,North America,native range,en,Loppens K (1902) Petricola pholadiformis L. Annales de la Société Royale Zoologique et Malacologique de Belgique 37: 41–42
140562951,North America,native range,en,"Verween A, Kerckhof F, Vincx M, Degraer S (2006) First European record of the invasive brackish water clam Rangia cuneata (G.W. Sowerby I, 1831) (Mollusca: Bivalvia). Aquatic Invasions 1: 198–203, https://doi.org/10.3391/ai.2006.1.4.1"
140562954,North America,native range,en,"Adam W (1947) Revision des Mollusques de la Belgique. I Mollusques terrestres et dulcicoles. Mémoires du Musée Royal d’Histoire Naturelle de Belgique, 106, 297 pp"
140562956,North Africa,native range,en,"Van Goethem JL, Sablon R (1986) Ferrissia wautieri (Mirolli, 1960), a freshwater limpet new to Belgium (Mollusca, Gastropoda, Ancylidae). Bulletin van het Koninklijk Belgisch Instituut voor Natuurwetenschappen: Biologie 56:155–157"
140562957,North America,native range,en,"Sablon R, Vercauteren T, Lammens S, Ghyselbrecht E (2010a) Freshwater Molluscs introduced in Belgium in the last two Decades – Abstracts of the World Congress of Malacology, Phuket, Thailand, 18–24 July 2010, p 353"
140562960,SouthEast Asia,native range,en,Leloup E (1971) Recherches sur l'ostréiculture dans le bassin de chasse d'Ostende pendant l'année 1969. Bulletin de l'Institut Royal des Sciences Naturelles de Belgique = Mededelingen van het Koninklijk Belgisch Instituut voor Natuurwetenschappen 47(25): 1–16
140562964,Ponto-Caspian,native range,en,"Lock K, Van Wichelen J, Packet J, Simoens I, Van Looy K, Louette G, Warmoes T, Denys L (2007) Bepalen van het maximaal en het goed ecologisch potentieel, alsook de huidige toestand, voor een aantal Vlaamse (gewestelijke) waterlichamen die vergelijkbaar zijn met de categorie meren - Deel I. Report Institute of Nature Conservation 2007/51, Brussels"
140562965,Ponto-Caspian,native range,en,"Verslycke T, Janssen C, Lock K, Mees J (2000) First occurrence of the Pontocaspian invader Hemimysis anomala (Sars, 1907) in Belgium (Crustacea: Mysidacea). Belgian Journal of Zoology 130: 157–158"
140562968,Ponto-Caspian,native range,en,"Messiaen M, Lock K, Gabriels W, Vercauteren T, Wouters K, Boets P, Goethals PLM (2010) Alien macrocrustaceans in freshwater ecosystems in the eastern part of Flanders (Belgium). Belgian Journal of Zoology 140: 30–39"
140562970,North America,native range,en,"Soors J, Faasse M, Stevens M, Verbessem I, De Regge N, Van den Bergh E (2010) New crustacean invaders in the Schelde estuary (Belgium). Belgian Journal of Zoology 140: 3–10"
140562972,South Europe,native range,en,Collection RBINS
140562973,South Europe,native range,en,Boets et al. unpublished data
140562976,Asia,native range,en,"Leloup E, Lefevere S (1952) Sur la présence dans les eaux de la côte belge du cirripède, Elminius modestus Darwin, 1854, du copepode parasite, Mytilicola intestinalis Steuer, 1902, et du polychète, Mercierella enigmatica Fauvel, 1922. Mededelingen Koninklijk Belgisch Instituut voor Natuur Wetenschappen 28: 1–12"
140562976,Australia,native range,en,"Leloup E, Lefevere S (1952) Sur la présence dans les eaux de la côte belge du cirripède, Elminius modestus Darwin, 1854, du copepode parasite, Mytilicola intestinalis Steuer, 1902, et du polychète, Mercierella enigmatica Fauvel, 1922. Mededelingen Koninklijk Belgisch Instituut voor Natuur Wetenschappen 28: 1–12"
140562978,Tropical and warm seas,native range,en,"Kerckhof F, Cattrijsse A (2001) Exotic Cirripedia (Balanomorpha) from buoys off the Belgian coast. Senckenbergiana maritime 31: 245–254, https://doi.org/10.1007/BF03043033"
140562979,West Atlantic,native range,en,"Kerckhof F, Cattrijsse A (2001) Exotic Cirripedia (Balanomorpha) from buoys off the Belgian coast. Senckenbergiana maritime 31: 245–254, https://doi.org/10.1007/BF03043033"
140562980,South Europe,native range,en,"Kerckhof F, Cattrijsse A (2001) Exotic Cirripedia (Balanomorpha) from buoys off the Belgian coast. Senckenbergiana maritime 31: 245–254, https://doi.org/10.1007/BF03043033"
140562981,South America,native range,en,"Kerckhof F, Cattrijsse A (2001) Exotic Cirripedia (Balanomorpha) from buoys off the Belgian coast. Senckenbergiana maritime 31: 245–254, https://doi.org/10.1007/BF03043033"
140562982,Indo-Pacific,native range,en,"Kerckhof F, Cattrijsse A (2001) Exotic Cirripedia (Balanomorpha) from buoys off the Belgian coast. Senckenbergiana maritime 31: 245–254, https://doi.org/10.1007/BF03043033"
140562982,West Africa,native range,en,"Kerckhof F, Cattrijsse A (2001) Exotic Cirripedia (Balanomorpha) from buoys off the Belgian coast. Senckenbergiana maritime 31: 245–254, https://doi.org/10.1007/BF03043033"
140562985,North America,native range,en,"Faasse M, Van Moorsel G (2003) The North-American amphipods, Melita nitida Smith, 1873 and Incisocalliope aestuarius (Watling and Maurer, 1973) (Crustacea: Amphipoda: Gammaridea), introduced to the western Scheldt estuary (The Netherlands). Aquatic Ecology 37: 13–22, https://doi.org/10.1023/A:1022120729031"
140562987,Ponto-Caspian,native range,en,"Wouters K (2002) On the distribution of alien non-marine and estuarine macro-crustaceans in Belgium. Bulletin van het Koninklijk Belgisch Instituut voor Natuurwetenschappen, Biologie 72: 119–129"
140562989,North America,native range,en,"Wouters K (2002) On the distribution of alien non-marine and estuarine macro-crustaceans in Belgium. Bulletin van het Koninklijk Belgisch Instituut voor Natuurwetenschappen, Biologie 72: 119–129"
140562990,Ponto-Caspian,native range,en,"Boets P, Lock K, Goethals PLM (2010b) First record of Synurella ambulans (Müller 1846) (Amphipoda: Crangonictidae) in Belgium. Belgian Journal of Zoology 140: 244–245"
140562992,Ponto-Caspian,native range,en,"Vercauteren T, Sablon S, Wouters K (2006) Exotische ongewervelden in vijvers en grachten van het Provinciaal Groendomein ‘Prinsenpark’. In: Retie: een eerste bilan. In: Nieuwborg H, Rijvers T (eds), Natuurstudie in de provincie Antwerpen. Antwerpse Koepel voor Natuurstudie (ANKONA) Jaarboek 2004–2005, pp 27–39"
140562993,New Zealand,native range,en,"Dewicke A (2002) Hyperbenthic communities of the North Sea. PhD Thesis. Universiteit Gent (RUG): Gent, 219 pp Dumortier M, De Bruyn L, Hens M, Peymen J, Schneiders A, Van Daele T, Van Reeth W (2007) Biodiversity Indicators 2007. State of Nature in Flanders (Belgium). Research Institute for Nature and Forest, Brussels, Belgium"
140562995,North America,native range,en,"Faasse M, Van Moorsel G (2003) The North-American amphipods, Melita nitida Smith, 1873 and Incisocalliope aestuarius (Watling and Maurer, 1973) (Crustacea: Amphipoda: Gammaridea), introduced to the western Scheldt estuary (The Netherlands). Aquatic Ecology 37: 13–22, https://doi.org/10.1023/A:1022120729031"
140562997,South Europe,native range,en,Collection RBINS
140562998,Ponto-Caspian,native range,en,"Messiaen M, Lock K, Gabriels W, Vercauteren T, Wouters K, Boets P, Goethals PLM (2010) Alien macrocrustaceans in freshwater ecosystems in the eastern part of Flanders (Belgium). Belgian Journal of Zoology 140: 30–39"
140562999,North America,native range,en,"Messiaen M, Lock K, Gabriels W, Vercauteren T, Wouters K, Boets P, Goethals PLM (2010) Alien macrocrustaceans in freshwater ecosystems in the eastern part of Flanders (Belgium). Belgian Journal of Zoology 140: 30–39"
140563000,Ponto-Caspian,native range,en,"Boets P, Lock K, Tempelman D, Van Haaren T, Platvoet D, Goethals PLM (2012c) First occurrence of the Ponto-Caspian amphipod Echinogammarus trichiatus (Martynov, 1932) (Crustacea: Gammaridae) in Belgium. BioInvasions Records 1: 115–120, https://doi.org/10.3391/bir.2012.1.2.06"
140563001,South Europe,native range,en,"Wouters K (2002) On the distribution of alien non-marine and estuarine macro-crustaceans in Belgium. Bulletin van het Koninklijk Belgisch Instituut voor Natuurwetenschappen, Biologie 72: 119–129"
140563003,NorthEast Asia,native range,en,"Cook EJ, Jahnke M, Kerckhof F, Minchin D, Faasse M, Boos K, Ashton G (2007) European expansion of the introduced amphipod Caprella mutica Schurin, 1935. Aquatic Invasions 2: 411–421, https://doi.org/10.3391/ai.2007.2.4.11"
140563006,SouthEast Asia,native range,en,"Boets P, Lock K, Goethals PLM (2011b) Shifts in the gammarid (Amphipoda) fauna of brackish polder waters in Flanders (Belgium). Journal of Crustacean Biology 31: 270–277, https://doi.org/10.1651/10-3357.1"
140563008,North America,native range,en,"Van Damme P, Mees J, Maebe S (1992) Voorkomen van het Zuiderzeekrabbetje Rhithropanopeus harrisii (Gould, 1841) in de Westerschelde. De Strandvlo 12(1): 19–21"
140563010,North America,native range,en,"Dumoulin E (2004) Snelle areaaluitbreiding van het penseelkrabbetje Hemigrapsus penicillatus (de Haan, 1835) langs de kusten van de Zuidelijke Bocht van de Noordzee, status van haar opmars in de Westerschelde en beschouwingen over de ecologie en het gedrag van de soort. De Strandvlo 24(1): 5-35"
140563011,North America,native range,en,"Nuyttens F, Versele G, Loones MA (2006) De aanwezigheid van de penseelkrab Hemigrapsus takanoi en de blaasjeskrab Hemigrapsus sanguineus in NieuwpoortBad. De strandvlo 26: 114–115"
140563012,Southeast Asia,native range,en,"Wouters K (2002) On the distribution of alien non-marine and estuarine macro-crustaceans in Belgium. Bulletin van het Koninklijk Belgisch Instituut voor Natuurwetenschappen, Biologie 72: 119–129"
140563014,South Europe,native range,en,"Wouters K (2002) On the distribution of alien non-marine and estuarine macro-crustaceans in Belgium. Bulletin van het Koninklijk Belgisch Instituut voor Natuurwetenschappen, Biologie 72: 119–129"
140563016,North America,native range,en,"Van Damme P, Maes J (1993) De Blauwe Zwemkrab Callinectes sapidus Rathbun, 1896 in de Westerschelde (België). De Strandvlo 13(4): 120–121"
140563018,North America,native range,en,"Boets P, Lock K, Cammaerts R, Plu D, Goethals PLM (2009) Occurrence of the invasive crayfish Procambarus clarkii (Girard, 1852) in Belgium (Crustacea: Cambaridae). Belgian Journal of Zoology 139: 173–175"
140563019,North America,native range,en,"Wouters K (2002) On the distribution of alien non-marine and estuarine macro-crustaceans in Belgium. Bulletin van het Koninklijk Belgisch Instituut voor Natuurwetenschappen, Biologie 72: 119–129"
140563021,Eastern Europe,native range,en,"Gérard P (1986) Les différentes espèces d'écrevisses en Belgique et leur répartition géographique. Station de Recherche Forestière et Hydrobiologique. Travaux serie D 54, 25 p"
140563022,North America,native range,en,"Gérard P (1986) Les différentes espèces d'écrevisses en Belgique et leur répartition géographique. Station de Recherche Forestière et Hydrobiologique. Travaux serie D 54, 25 p"
308458148,North America,native range,en,Boets et al. submitted
157062928,Austria,native range,en,
157062928,Switzerland,native range,en,
157062928,northern Italy,native range,en,
157062928,southeastern France,native range,en,
157062928,southwestern Germany,native range,en,
157062928,western Balkan,native range,en,
157062937,central Europe,native range,en,
157062937,central Turkey,native range,en,
157062937,southeastern Europe,native range,en,
157062937,southern Europe,native range,en,
157062947,North America,native range,en,
157062955,Crete,native range,en,
157062955,Greece,native range,en,
157062955,Italian Peninsula,native range,en,
157062955,Sicily,native range,en,
157062955,northern part of the Iberian Peninsula,native range,en,
157062955,southern France,native range,en,
157062955,western Balkan,native range,en,
157062962,eastern Africa,native range,en,
157062968,tropical western Africa,native range,en,
157062974,southern Europe,native range,en,
157062974,western Mediterranean,native range,en,
157062984,Australia,native range,en,
157062984,New Zealand,native range,en,
157062999,western Mediterranean region,native range,en,
157063014,Carpathians,native range,en,
157063014,northern Balkan,native range,en,
157063014,southeastern Alps,native range,en,
157063014,southern Alps,native range,en,
157063019,unclear,native range,en,
157063040,Iberian Peninsula,native range,en,
157063040,southwestern France,native range,en,
157063050,Algeria,native range,en,
157063050,Balearic Islands,native range,en,
157063050,Corsica,native range,en,
157063050,Morocco,native range,en,
157063050,Sardinia,native range,en,
157063050,Spain,native range,en,
157063050,Tunisia,native range,en,
157063050,northwestern Italy,native range,en,
157063050,southern France,native range,en,
157063054,Italy,native range,en,
157063054,Slovenia,native range,en,
157063054,northwestern Croatia,native range,en,
157063054,southeastern France,native range,en,
157063061,Iberian Peninsula,native range,en,
157063067,western circum-Mediterranean,native range,en,
157063085,circum western Mediterranean coastal areas,native range,en,
157063085,nortwestern Africa,native range,en,
157063103,northern coastal areas of the western Mediterranean,native range,en,
157063108,circum-Mediterranean,native range,en,
157063120,southern France,native range,en,
157063124,central Mediterranean coastal areas,native range,en,
157063124,western Mediterranean coastal areas,native range,en,
157063180,central Italy,native range,en,
157063180,southern France,native range,en,
157063180,western Italy,native range,en,
157063191,Italy,native range,en,
157063191,coastal areas of the western Balkan,native range,en,
157063235,southern France,native range,en,
157063238,unclear,native range,en,
157063248,tropical western Africa,native range,en,
157063252,Caucasus region,native range,en,
157063256,North America,native range,en,
157063259,Balkan,native range,en,
157063259,central Europe,native range,en,
157063259,southeastern Europe,native range,en,
181971872,Northern America,native range,en,
181971878,Northern Atlantic Ocean,native range,en,
181971881,Europe,native range,en,
181971887,Northern Pacific Ocean,native range,en,
181971890,Arctic ocean,native range,en,
181971890,Atlantic ocean,native range,en,
181971894,Northern America,native range,en,
181971896,Northern America,native range,en,
181971899,Africa,native range,en,
181971899,Northern America,native range,en,
181971901,Ponto-caspian,native range,en,
181971902,Ponto-caspian,native range,en,
181971905,Africa,native range,en,
181971905,Asia,native range,en,
181971908,Northern America,native range,en,
181971912,Asia,native range,en,
181971917,Northern America,native range,en,
181971921,Ocenania,native range,en,
181971921,Southern Pacific Ocean,native range,en,
181971925,Northern America,native range,en,
181971931,Australia,native range,en,
181971931,New-Zealand,native range,en,
181971934,probably the Americas,native range,en,
181971942,Asia,native range,en,
181971947,Ponto-caspian,native range,en,
181971949,Northern America,native range,en,
181971951,Ponto-caspian,native range,en,
181971955,unknown,native range,en,
181971959,Asia,native range,en,
181971962,Asia,native range,en,
181971965,Asia,native range,en,
181971968,Pacific ocean,native range,en,
181971971,Northern America,native range,en,
181971974,Northern America,native range,en,
181971976,Europe,native range,en,
181971979,Ponto-caspian,native range,en,
181971981,Northern America,native range,en,
181971985,Northern America,native range,en,
181971985,Southern America,native range,en,
181971988,Northern America,native range,en,
181971991,Central America,native range,en,
181971994,Asia,native range,en,
181971997,Asia,native range,en,
181972000,Mediterranean,native range,en,
181972003,Asia,native range,en,
181972004,Asia,native range,en,
181972008,Northern America,native range,en,
181972011,Mediterranean,native range,en,
181972017,unknown,native range,en,
181972020,Pacific ocean,native range,en,
181972024,Northern America,native range,en,
181972026,unknown,native range,en,
181972027,unknown,native range,en,
181972032,Northern America,native range,en,
181972034,Africa,native range,en,
181972034,Asia,native range,en,
181972034,Australia,native range,en,
181972036,Asia,native range,en,
181972038,Northern America,native range,en,
181972039,Northern America,native range,en,
181972041,Eastern Asia,native range,en,
181972041,Southern Asia,native range,en,
181972045,China,native range,en,
181972045,South Eastern United States of America,native range,en,
181972045,Southern hemisphere,native range,en,
181972047,Northern America,native range,en,
181972049,Ponto-caspian,native range,en,
181972050,Ponto-caspian,native range,en,
181972051,Ponto-caspian,native range,en,
181972053,Ponto-caspian,native range,en,
181974150,Southern America,native range,en,
164300668,North Pacific Ocean,native range,en,
164300676,North America,native range,en,
164300684,Asia,native range,en,
164300694,Southern Asia,native range,en,
164300706,Asia,native range,en,
164300713,NAM,native range,en,
164300728,East Asia,native range,en,
164300735,New Zealand,native range,en,
164300749,Asia,native range,en,
164300779,Southern Europe,native range,en,
164300894,South America,native range,en,
164300896,Southeast Asia,native range,en,
164300900,Australia,native range,en,
164300905,Australia,native range,en,
164300907,southern Europe,native range,en,
164300927,Southern Europe,native range,en,
164300939,Southeast Asia,native range,en,
164300972,Africa,native range,en,
164300972,China,native range,en,
164300972,India,native range,en,
164300972,Mediterranean,native range,en,
164300972,Myanmar,native range,en,
164300975,Caucasus,native range,en,
164300975,Central Asia,native range,en,
164300975,China,native range,en,
164300975,Europe,native range,en,
164300975,Israel,native range,en,
164300975,Korea,native range,en,
164300975,North Africa,native range,en,
164300975,North America,native range,en,
164300975,Russia (European to Far East),native range,en,
164300975,Turkey,native range,en,
164300978,Italy,native range,en,
164300978,North Africa,native range,en,
164300978,Spain,native range,en,
164300981,North America,native range,en,
164300984,Mediterranean & Portugal,native range,en,
164300987,Mediterranean to Russia,native range,en,
164300993,Africa,native range,en,
164300993,Europe,native range,en,
164300993,Pakistan,native range,en,
164300993,Philippines,native range,en,
164300993,Yemen,native range,en,
164300996,Tropical Africa,native range,en,
164300999,Asia and Pacific islands,native range,en,
164301000,Mediterranean,native range,en,
164301003,USA to Guatemala,native range,en,
164301005,Canada to Peru,native range,en,
164301005,Caribbean,native range,en,
164301008,Africa,native range,en,
164301011,Africa,native range,en,
164301014,Mediterranean,native range,en,
164301014,Northern Africa,native range,en,
164301016,Northern Africa and Middle East,native range,en,
164301018,Near East,native range,en,
164301020,Temperate Asia,native range,en,
164301022,Egypt,native range,en,
164301022,Europe to Azerbaijan,native range,en,
164301025,Egypt,native range,en,
164301025,Ethiopia,native range,en,
164301025,Kenya,native range,en,
164301025,Rwanda,native range,en,
164301025,Uganda,native range,en,
164301026,Europe to northern Africa,native range,en,
164301028,Mediterranean,native range,en,
164301032,Mediterranean,native range,en,
164301035,Tropical Asia,native range,en,
164301039,Caucasus,native range,en,
164301039,Europe,native range,en,
164301039,Kazakhstan,native range,en,
164301039,Macaronesia,native range,en,
164301039,North Africa,native range,en,
164301039,Turkey,native range,en,
164301039,near East,native range,en,
164301041,Afghanistan,native range,en,
164301041,Caucasus,native range,en,
164301041,China,native range,en,
164301041,Europe,native range,en,
164301041,Iran,native range,en,
164301041,Korea,native range,en,
164301041,Mongolia,native range,en,
164301041,North Africa to Near East,native range,en,
164301041,Russia to Central Asia,native range,en,
164301041,Turkey,native range,en,
164301043,Caucasus,native range,en,
164301043,Europe,native range,en,
164301043,Iran,native range,en,
164301043,Macaronesia,native range,en,
164301043,North Africa to Turkey,native range,en,
164301043,Turkmenistan,native range,en,
164301045,Africa,native range,en,
164301045,Caucasus,native range,en,
164301045,Iran,native range,en,
164301045,Near East,native range,en,
164301045,Southern Europe,native range,en,
164301045,Turkey,native range,en,
164301047,Africa,native range,en,
164301049,Central America,native range,en,
164301049,North America,native range,en,
164301049,South America,native range,en,
164301051,Canary Is. to Turkey,native range,en,
164301053,Africa,native range,en,
164301056,Central,native range,en,
164301056,South America,native range,en,
164301057,Argentina,native range,en,
164301057,Brazil,native range,en,
164301057,Paraguay,native range,en,
164301057,Uruguay,native range,en,
164301059,Central America,native range,en,
164301059,South America,native range,en,
164301062,Caribbean to Brazil,native range,en,
164301064,Cyprus,native range,en,
164301064,Egypt,native range,en,
164301064,Middle East,native range,en,
164301064,Sudan,native range,en,
164301064,Turkey,native range,en,
164301066,Costa Rica,native range,en,
164301068,Argentina,native range,en,
164301068,Bolivia,native range,en,
164301068,Chile,native range,en,
164301071,Africa,native range,en,
164301071,Cape Verde Is.,native range,en,
164301071,Comoros,native range,en,
164301071,Madagascar,native range,en,
164301074,Central and South America,native range,en,
164301076,Tasmania,native range,en,
164301078,Israel,native range,en,
164301078,Mediterranean to Turkey,native range,en,
164301080,Central and South America,native range,en,
164301080,North,native range,en,
164301082,Eastern Palearctic including China,native range,en,
164301082,Japan,native range,en,
164301082,Korea,native range,en,
164301083,Mediterranean to Central Asia,native range,en,
164301084,Macaronesia,native range,en,
164301086,India,native range,en,
164301086,New Zealand,native range,en,
164301086,Southeast Asia to Australia,native range,en,
164301087,Probably native to North America only,native range,en,
164301088,North America,native range,en,
164301089,Africa,native range,en,
164301091,Australia,native range,en,
164301092,Africa,native range,en,
164301099,Asia,native range,en,
164301102,East Africa,native range,en,
164301104,Asia,native range,en,
164301105,Asia,native range,en,
164301106,Asia,native range,en,
164301110,Eastern Asia,native range,en,
164301113,North America,native range,en,
164301116,New Zealand,native range,en,
164301122,North America,native range,en,
164301138,Japan,native range,en,
164301141,Africa,native range,en,
164301144,Southeastern Europe,native range,en,
164301145,North America,native range,en,
164301153,Mallorca,native range,en,
164301156,Southern Africa,native range,en,
164301159,mediterranean,native range,en,
164301162,America,native range,en,
164301168,Asia,native range,en,
164301170,Africa,native range,en,
164301170,Asia,native range,en,
164301186,East Asia,native range,en,
164301189,Asia,native range,en,
164301195,Africa,native range,en,
164301197,cosmopolitan,native range,en,
164301199,South America,native range,en,
164301204,Europe,native range,en,
164301206,cosmopolitan,native range,en,
164301207,cosmopolitan,native range,en,
164301209,Europe,native range,en,
164301210,cosmopolitan,native range,en,
164301212,cosmopolitan,native range,en,
164301214,Southeast Asia,native range,en,
164301216,Europe,native range,en,
164301218,Europe,native range,en,
164301220,cosmopolitan,native range,en,
164301224,Southern Asia,native range,en,
164301227,Southern Asia,native range,en,
164301238,Australia,native range,en,
164301247,China,native range,en,
164301247,Japan,native range,en,
164301249,Asia,native range,en,
164301250,Asia,native range,en,
164301253,North America,native range,en,
164301255,mediterranean,native range,en,
164301258,Canary islands,native range,en,
164301260,Australia,native range,en,
164301262,Australia,native range,en,
164301263,Australia,native range,en,
164301265,North America,native range,en,
164301267,Asia,native range,en,
164301271,Asia,native range,en,
164301277,Southern Europe,native range,en,
164301279,Southern Europe,native range,en,
164301284,Southern Europe,native range,en,
164301287,Southeast Asia,native range,en,
168130912,Africa,native range,en,
168131099,North America,native range,en,
168131164,Indo-Pacific,native range,en,
301213848,Asia,native range,en,
301213848,Europe,native range,en,
301213848,North America,native range,en,
301213964,North America,native range,en,
301214002,North America,native range,en,
146042123,Northern America (WGSRPD:7),native range,en,http://www.europe-aliens.org | http://www.issg.org/database | https://secure.fera.defra.gov.uk/nonnativespecies/home/index.cfm | http://www.nobanis.org | http://www.nederlandsesoorten.nl
146042123,cbd_2014_pathway:escape,pathway,en,http://www.europe-aliens.org | http://www.issg.org/database | https://secure.fera.defra.gov.uk/nonnativespecies/home/index.cfm | http://www.nobanis.org | http://www.nederlandsesoorten.nl
146042123,cbd_2014_pathway:release,pathway,en,http://www.europe-aliens.org | http://www.issg.org/database | https://secure.fera.defra.gov.uk/nonnativespecies/home/index.cfm | http://www.nobanis.org | http://www.nederlandsesoorten.nl
146042124,Southern America (WGSRPD:8),native range,en,http://www.cabi.org/isc
146042125,Europe (WGSRPD:1),native range,en,http://www.europe-aliens.org
146042126,Asia,native range,en,http://www.cabi.org/isc | http://www.europe-aliens.org | http://www.eppo.int/INVASIVE_PLANTS/ias_lists.htm | http://www.issg.org/database | https://secure.fera.defra.gov.uk/nonnativespecies/home/index.cfm | http://ias.biodiversity.be | http://alienplantsbelgium.be/sites/alienplantsbelgium.be/files/tabel_2.pdf | http://www.nobanis.org | http://www.nederlandsesoorten.nl
146042126,Europe (WGSRPD:1),native range,en,http://www.cabi.org/isc | http://www.europe-aliens.org | http://www.eppo.int/INVASIVE_PLANTS/ias_lists.htm | http://www.issg.org/database | https://secure.fera.defra.gov.uk/nonnativespecies/home/index.cfm | http://ias.biodiversity.be | http://alienplantsbelgium.be/sites/alienplantsbelgium.be/files/tabel_2.pdf | http://www.nobanis.org | http://www.nederlandsesoorten.nl
146042126,cbd_2014_pathway:corridor,pathway,en,http://www.cabi.org/isc | http://www.europe-aliens.org | http://www.eppo.int/INVASIVE_PLANTS/ias_lists.htm | http://www.issg.org/database | https://secure.fera.defra.gov.uk/nonnativespecies/home/index.cfm | http://ias.biodiversity.be | http://alienplantsbelgium.be/sites/alienplantsbelgium.be/files/tabel_2.pdf | http://www.nobanis.org | http://www.nederlandsesoorten.nl
146042126,cbd_2014_pathway:natural_dispersal,pathway,en,http://www.cabi.org/isc | http://www.europe-aliens.org | http://www.eppo.int/INVASIVE_PLANTS/ias_lists.htm | http://www.issg.org/database | https://secure.fera.defra.gov.uk/nonnativespecies/home/index.cfm | http://ias.biodiversity.be | http://alienplantsbelgium.be/sites/alienplantsbelgium.be/files/tabel_2.pdf | http://www.nobanis.org | http://www.nederlandsesoorten.nl
146042126,cbd_2014_pathway:release,pathway,en,http://www.cabi.org/isc | http://www.europe-aliens.org | http://www.eppo.int/INVASIVE_PLANTS/ias_lists.htm | http://www.issg.org/database | https://secure.fera.defra.gov.uk/nonnativespecies/home/index.cfm | http://ias.biodiversity.be | http://alienplantsbelgium.be/sites/alienplantsbelgium.be/files/tabel_2.pdf | http://www.nobanis.org | http://www.nederlandsesoorten.nl
146042127,Asia,native range,en,http://www.europe-aliens.org | http://en.wikipedia.org/wiki/Main_Page
146042127,cbd_2014_pathway:escape,pathway,en,http://www.europe-aliens.org | http://en.wikipedia.org/wiki/Main_Page
146042127,cbd_2014_pathway:release,pathway,en,http://www.europe-aliens.org | http://en.wikipedia.org/wiki/Main_Page
146042128,Northern America (WGSRPD:7),native range,en,http://www.cabi.org/isc | http://www.europe-aliens.org | http://www.eppo.int/INVASIVE_PLANTS/ias_lists.htm | https://secure.fera.defra.gov.uk/nonnativespecies/home/index.cfm | http://ias.biodiversity.be | http://alienplantsbelgium.be/sites/alienplantsbelgium.be/files/tabel_2.pdf | http://www.nobanis.org | http://www.nederlandsesoorten.nl
146042128,cbd_2014_pathway:corridor,pathway,en,http://www.cabi.org/isc | http://www.europe-aliens.org | http://www.eppo.int/INVASIVE_PLANTS/ias_lists.htm | https://secure.fera.defra.gov.uk/nonnativespecies/home/index.cfm | http://ias.biodiversity.be | http://alienplantsbelgium.be/sites/alienplantsbelgium.be/files/tabel_2.pdf | http://www.nobanis.org | http://www.nederlandsesoorten.nl
146042128,cbd_2014_pathway:natural_dispersal,pathway,en,http://www.cabi.org/isc | http://www.europe-aliens.org | http://www.eppo.int/INVASIVE_PLANTS/ias_lists.htm | https://secure.fera.defra.gov.uk/nonnativespecies/home/index.cfm | http://ias.biodiversity.be | http://alienplantsbelgium.be/sites/alienplantsbelgium.be/files/tabel_2.pdf | http://www.nobanis.org | http://www.nederlandsesoorten.nl
146042128,cbd_2014_pathway:release,pathway,en,http://www.cabi.org/isc | http://www.europe-aliens.org | http://www.eppo.int/INVASIVE_PLANTS/ias_lists.htm | https://secure.fera.defra.gov.uk/nonnativespecies/home/index.cfm | http://ias.biodiversity.be | http://alienplantsbelgium.be/sites/alienplantsbelgium.be/files/tabel_2.pdf | http://www.nobanis.org | http://www.nederlandsesoorten.nl
146042129,Asia,native range,en,http://www.europe-aliens.org | https://secure.fera.defra.gov.uk/nonnativespecies/home/index.cfm | http://ias.biodiversity.be | http://www.nobanis.org | http://www.nederlandsesoorten.nl
146042129,cbd_2014_pathway:corridor,pathway,en,http://www.europe-aliens.org | https://secure.fera.defra.gov.uk/nonnativespecies/home/index.cfm | http://ias.biodiversity.be | http://www.nobanis.org | http://www.nederlandsesoorten.nl
146042129,cbd_2014_pathway:escape,pathway,en,http://www.europe-aliens.org | https://secure.fera.defra.gov.uk/nonnativespecies/home/index.cfm | http://ias.biodiversity.be | http://www.nobanis.org | http://www.nederlandsesoorten.nl
146042129,cbd_2014_pathway:natural_dispersal,pathway,en,http://www.europe-aliens.org | https://secure.fera.defra.gov.uk/nonnativespecies/home/index.cfm | http://ias.biodiversity.be | http://www.nobanis.org | http://www.nederlandsesoorten.nl
146042129,cbd_2014_pathway:release,pathway,en,http://www.europe-aliens.org | https://secure.fera.defra.gov.uk/nonnativespecies/home/index.cfm | http://ias.biodiversity.be | http://www.nobanis.org | http://www.nederlandsesoorten.nl
146042130,Australia (WGSRPD:50),native range,en,http://www.cabi.org/isc | http://www.europe-aliens.org | https://secure.fera.defra.gov.uk/nonnativespecies/home/index.cfm | http://ias.biodiversity.be | http://alienplantsbelgium.be/sites/alienplantsbelgium.be/files/tabel_2.pdf | http://www.nederlandsesoorten.nl
146042130,Northern America (WGSRPD:7),native range,en,http://www.cabi.org/isc | http://www.europe-aliens.org | https://secure.fera.defra.gov.uk/nonnativespecies/home/index.cfm | http://ias.biodiversity.be | http://alienplantsbelgium.be/sites/alienplantsbelgium.be/files/tabel_2.pdf | http://www.nederlandsesoorten.nl
146042130,Southern America (WGSRPD:8),native range,en,http://www.cabi.org/isc | http://www.europe-aliens.org | https://secure.fera.defra.gov.uk/nonnativespecies/home/index.cfm | http://ias.biodiversity.be | http://alienplantsbelgium.be/sites/alienplantsbelgium.be/files/tabel_2.pdf | http://www.nederlandsesoorten.nl
146042130,cbd_2014_pathway:escape,pathway,en,http://www.cabi.org/isc | http://www.europe-aliens.org | https://secure.fera.defra.gov.uk/nonnativespecies/home/index.cfm | http://ias.biodiversity.be | http://alienplantsbelgium.be/sites/alienplantsbelgium.be/files/tabel_2.pdf | http://www.nederlandsesoorten.nl
146042130,cbd_2014_pathway:release,pathway,en,http://www.cabi.org/isc | http://www.europe-aliens.org | https://secure.fera.defra.gov.uk/nonnativespecies/home/index.cfm | http://ias.biodiversity.be | http://alienplantsbelgium.be/sites/alienplantsbelgium.be/files/tabel_2.pdf | http://www.nederlandsesoorten.nl
146042131,Asia,native range,en,http://www.europe-aliens.org | http://www.issg.org/database | https://secure.fera.defra.gov.uk/nonnativespecies/home/index.cfm
146042131,cbd_2014_pathway:escape,pathway,en,http://www.europe-aliens.org | http://www.issg.org/database | https://secure.fera.defra.gov.uk/nonnativespecies/home/index.cfm
146042131,cbd_2014_pathway:release,pathway,en,http://www.europe-aliens.org | http://www.issg.org/database | https://secure.fera.defra.gov.uk/nonnativespecies/home/index.cfm
146042132,Asia,native range,en,http://www.cabi.org/isc | http://www.europe-aliens.org | http://www.eppo.int/INVASIVE_PLANTS/ias_lists.htm | http://www.issg.org/database | https://secure.fera.defra.gov.uk/nonnativespecies/home/index.cfm | http://ias.biodiversity.be | http://alienplantsbelgium.be/sites/alienplantsbelgium.be/files/tabel_2.pdf | http://www.nobanis.org | http://www.nederlandsesoorten.nl
146042132,cbd_2014_pathway:corridor,pathway,en,http://www.cabi.org/isc | http://www.europe-aliens.org | http://www.eppo.int/INVASIVE_PLANTS/ias_lists.htm | http://www.issg.org/database | https://secure.fera.defra.gov.uk/nonnativespecies/home/index.cfm | http://ias.biodiversity.be | http://alienplantsbelgium.be/sites/alienplantsbelgium.be/files/tabel_2.pdf | http://www.nobanis.org | http://www.nederlandsesoorten.nl
146042132,cbd_2014_pathway:natural_dispersal,pathway,en,http://www.cabi.org/isc | http://www.europe-aliens.org | http://www.eppo.int/INVASIVE_PLANTS/ias_lists.htm | http://www.issg.org/database | https://secure.fera.defra.gov.uk/nonnativespecies/home/index.cfm | http://ias.biodiversity.be | http://alienplantsbelgium.be/sites/alienplantsbelgium.be/files/tabel_2.pdf | http://www.nobanis.org | http://www.nederlandsesoorten.nl
146042132,cbd_2014_pathway:release,pathway,en,http://www.cabi.org/isc | http://www.europe-aliens.org | http://www.eppo.int/INVASIVE_PLANTS/ias_lists.htm | http://www.issg.org/database | https://secure.fera.defra.gov.uk/nonnativespecies/home/index.cfm | http://ias.biodiversity.be | http://alienplantsbelgium.be/sites/alienplantsbelgium.be/files/tabel_2.pdf | http://www.nobanis.org | http://www.nederlandsesoorten.nl
146042133,Northern America (WGSRPD:7),native range,en,https://secure.fera.defra.gov.uk/nonnativespecies/home/index.cfm | http://www.nobanis.org
146042133,cbd_2014_pathway:escape,pathway,en,https://secure.fera.defra.gov.uk/nonnativespecies/home/index.cfm | http://www.nobanis.org
146042133,cbd_2014_pathway:release,pathway,en,https://secure.fera.defra.gov.uk/nonnativespecies/home/index.cfm | http://www.nobanis.org
146042134,Southern America (WGSRPD:8),native range,en,http://www.cabi.org/isc | http://www.europe-aliens.org | http://www.eppo.int/INVASIVE_PLANTS/ias_lists.htm | https://secure.fera.defra.gov.uk/nonnativespecies/home/index.cfm | http://alienplantsbelgium.be/sites/alienplantsbelgium.be/files/tabel_2.pdf | http://www.nobanis.org | http://www.nederlandsesoorten.nl
146042134,cbd_2014_pathway:corridor,pathway,en,http://www.cabi.org/isc | http://www.europe-aliens.org | http://www.eppo.int/INVASIVE_PLANTS/ias_lists.htm | https://secure.fera.defra.gov.uk/nonnativespecies/home/index.cfm | http://alienplantsbelgium.be/sites/alienplantsbelgium.be/files/tabel_2.pdf | http://www.nobanis.org | http://www.nederlandsesoorten.nl
146042134,cbd_2014_pathway:natural_dispersal,pathway,en,http://www.cabi.org/isc | http://www.europe-aliens.org | http://www.eppo.int/INVASIVE_PLANTS/ias_lists.htm | https://secure.fera.defra.gov.uk/nonnativespecies/home/index.cfm | http://alienplantsbelgium.be/sites/alienplantsbelgium.be/files/tabel_2.pdf | http://www.nobanis.org | http://www.nederlandsesoorten.nl
146042134,cbd_2014_pathway:release,pathway,en,http://www.cabi.org/isc | http://www.europe-aliens.org | http://www.eppo.int/INVASIVE_PLANTS/ias_lists.htm | https://secure.fera.defra.gov.uk/nonnativespecies/home/index.cfm | http://alienplantsbelgium.be/sites/alienplantsbelgium.be/files/tabel_2.pdf | http://www.nobanis.org | http://www.nederlandsesoorten.nl
146042135,Northern America (WGSRPD:7),native range,en,http://www.europe-aliens.org | https://secure.fera.defra.gov.uk/nonnativespecies/home/index.cfm | http://ias.biodiversity.be | http://www.nobanis.org | http://www.nederlandsesoorten.nl | https://doi.org/10.1111/j.1523-1739.2009.01249.x
146042135,cbd_2014_pathway:corridor,pathway,en,http://www.europe-aliens.org | https://secure.fera.defra.gov.uk/nonnativespecies/home/index.cfm | http://ias.biodiversity.be | http://www.nobanis.org | http://www.nederlandsesoorten.nl | https://doi.org/10.1111/j.1523-1739.2009.01249.x
146042135,cbd_2014_pathway:escape,pathway,en,http://www.europe-aliens.org | https://secure.fera.defra.gov.uk/nonnativespecies/home/index.cfm | http://ias.biodiversity.be | http://www.nobanis.org | http://www.nederlandsesoorten.nl | https://doi.org/10.1111/j.1523-1739.2009.01249.x
146042135,cbd_2014_pathway:natural_dispersal,pathway,en,http://www.europe-aliens.org | https://secure.fera.defra.gov.uk/nonnativespecies/home/index.cfm | http://ias.biodiversity.be | http://www.nobanis.org | http://www.nederlandsesoorten.nl | https://doi.org/10.1111/j.1523-1739.2009.01249.x
146042135,cbd_2014_pathway:release,pathway,en,http://www.europe-aliens.org | https://secure.fera.defra.gov.uk/nonnativespecies/home/index.cfm | http://ias.biodiversity.be | http://www.nobanis.org | http://www.nederlandsesoorten.nl | https://doi.org/10.1111/j.1523-1739.2009.01249.x
146042136,Asia,native range,en,http://www.cabi.org/isc | http://www.eppo.int/INVASIVE_PLANTS/ias_lists.htm | http://www.issg.org/database
146042136,cbd_2014_pathway:corridor,pathway,en,http://www.cabi.org/isc | http://www.eppo.int/INVASIVE_PLANTS/ias_lists.htm | http://www.issg.org/database
146042136,cbd_2014_pathway:natural_dispersal,pathway,en,http://www.cabi.org/isc | http://www.eppo.int/INVASIVE_PLANTS/ias_lists.htm | http://www.issg.org/database
146042136,cbd_2014_pathway:release,pathway,en,http://www.cabi.org/isc | http://www.eppo.int/INVASIVE_PLANTS/ias_lists.htm | http://www.issg.org/database
146042137,Northern America (WGSRPD:7),native range,en,http://www.cabi.org/isc | http://www.europe-aliens.org | https://secure.fera.defra.gov.uk/nonnativespecies/home/index.cfm | http://ias.biodiversity.be | http://alienplantsbelgium.be/sites/alienplantsbelgium.be/files/tabel_2.pdf
146042137,cbd_2014_pathway:escape,pathway,en,http://www.cabi.org/isc | http://www.europe-aliens.org | https://secure.fera.defra.gov.uk/nonnativespecies/home/index.cfm | http://ias.biodiversity.be | http://alienplantsbelgium.be/sites/alienplantsbelgium.be/files/tabel_2.pdf
146042137,cbd_2014_pathway:release,pathway,en,http://www.cabi.org/isc | http://www.europe-aliens.org | https://secure.fera.defra.gov.uk/nonnativespecies/home/index.cfm | http://ias.biodiversity.be | http://alienplantsbelgium.be/sites/alienplantsbelgium.be/files/tabel_2.pdf
146042138,Northern America (WGSRPD:7),native range,en,http://www.europe-aliens.org | https://secure.fera.defra.gov.uk/nonnativespecies/home/index.cfm | http://ias.biodiversity.be | http://www.nobanis.org | http://www.nederlandsesoorten.nl
146042138,cbd_2014_pathway:corridor,pathway,en,http://www.europe-aliens.org | https://secure.fera.defra.gov.uk/nonnativespecies/home/index.cfm | http://ias.biodiversity.be | http://www.nobanis.org | http://www.nederlandsesoorten.nl
146042138,cbd_2014_pathway:escape,pathway,en,http://www.europe-aliens.org | https://secure.fera.defra.gov.uk/nonnativespecies/home/index.cfm | http://ias.biodiversity.be | http://www.nobanis.org | http://www.nederlandsesoorten.nl
146042138,cbd_2014_pathway:natural_dispersal,pathway,en,http://www.europe-aliens.org | https://secure.fera.defra.gov.uk/nonnativespecies/home/index.cfm | http://ias.biodiversity.be | http://www.nobanis.org | http://www.nederlandsesoorten.nl
146042138,cbd_2014_pathway:release,pathway,en,http://www.europe-aliens.org | https://secure.fera.defra.gov.uk/nonnativespecies/home/index.cfm | http://ias.biodiversity.be | http://www.nobanis.org | http://www.nederlandsesoorten.nl
146042139,Asia,native range,en,http://www.eppo.int/INVASIVE_PLANTS/ias_lists.htm | https://secure.fera.defra.gov.uk/nonnativespecies/home/index.cfm | http://alienplantsbelgium.be/sites/alienplantsbelgium.be/files/tabel_2.pdf
146042139,cbd_2014_pathway:release,pathway,en,http://www.eppo.int/INVASIVE_PLANTS/ias_lists.htm | https://secure.fera.defra.gov.uk/nonnativespecies/home/index.cfm | http://alienplantsbelgium.be/sites/alienplantsbelgium.be/files/tabel_2.pdf
146042140,Asia,native range,en,http://www.europe-aliens.org | https://secure.fera.defra.gov.uk/nonnativespecies/home/index.cfm
146042140,Europe (WGSRPD:1),native range,en,http://www.europe-aliens.org | https://secure.fera.defra.gov.uk/nonnativespecies/home/index.cfm
146042140,cbd_2014_pathway:release,pathway,en,http://www.europe-aliens.org | https://secure.fera.defra.gov.uk/nonnativespecies/home/index.cfm
146042141,Northern America (WGSRPD:7),native range,en,http://www.europe-aliens.org | https://secure.fera.defra.gov.uk/nonnativespecies/home/index.cfm | http://ias.biodiversity.be | http://alienplantsbelgium.be/sites/alienplantsbelgium.be/files/tabel_2.pdf | http://www.nobanis.org | http://www.nederlandsesoorten.nl
146042141,cbd_2014_pathway:corridor,pathway,en,http://www.europe-aliens.org | https://secure.fera.defra.gov.uk/nonnativespecies/home/index.cfm | http://ias.biodiversity.be | http://alienplantsbelgium.be/sites/alienplantsbelgium.be/files/tabel_2.pdf | http://www.nobanis.org | http://www.nederlandsesoorten.nl
146042141,cbd_2014_pathway:escape,pathway,en,http://www.europe-aliens.org | https://secure.fera.defra.gov.uk/nonnativespecies/home/index.cfm | http://ias.biodiversity.be | http://alienplantsbelgium.be/sites/alienplantsbelgium.be/files/tabel_2.pdf | http://www.nobanis.org | http://www.nederlandsesoorten.nl
146042141,cbd_2014_pathway:natural_dispersal,pathway,en,http://www.europe-aliens.org | https://secure.fera.defra.gov.uk/nonnativespecies/home/index.cfm | http://ias.biodiversity.be | http://alienplantsbelgium.be/sites/alienplantsbelgium.be/files/tabel_2.pdf | http://www.nobanis.org | http://www.nederlandsesoorten.nl
146042141,cbd_2014_pathway:release,pathway,en,http://www.europe-aliens.org | https://secure.fera.defra.gov.uk/nonnativespecies/home/index.cfm | http://ias.biodiversity.be | http://alienplantsbelgium.be/sites/alienplantsbelgium.be/files/tabel_2.pdf | http://www.nobanis.org | http://www.nederlandsesoorten.nl
146042142,Northern America (WGSRPD:7),native range,en,http://www.europe-aliens.org | http://www.issg.org/database | https://secure.fera.defra.gov.uk/nonnativespecies/home/index.cfm | http://www.nobanis.org | https://doi.org/10.1111/j.1523-1739.2009.01249.x
146042142,cbd_2014_pathway:escape,pathway,en,http://www.europe-aliens.org | http://www.issg.org/database | https://secure.fera.defra.gov.uk/nonnativespecies/home/index.cfm | http://www.nobanis.org | https://doi.org/10.1111/j.1523-1739.2009.01249.x
146042142,cbd_2014_pathway:release,pathway,en,http://www.europe-aliens.org | http://www.issg.org/database | https://secure.fera.defra.gov.uk/nonnativespecies/home/index.cfm | http://www.nobanis.org | https://doi.org/10.1111/j.1523-1739.2009.01249.x
146042143,Northern America (WGSRPD:7),native range,en,http://www.cabi.org/isc | http://www.europe-aliens.org | http://www.eppo.int/INVASIVE_PLANTS/ias_lists.htm | http://www.issg.org/database | https://secure.fera.defra.gov.uk/nonnativespecies/home/index.cfm | http://ias.biodiversity.be | http://alienplantsbelgium.be/sites/alienplantsbelgium.be/files/tabel_2.pdf | http://www.nobanis.org | http://www.nederlandsesoorten.nl | https://doi.org/10.1111/j.1523-1739.2009.01249.x | http://www.fcbn.fr/sites/fcbn.fr/files/ressource_telechargeable/fiche_-_elodea_canadensis_v2.pdf
146042143,cbd_2014_pathway:corridor,pathway,en,http://www.cabi.org/isc | http://www.europe-aliens.org | http://www.eppo.int/INVASIVE_PLANTS/ias_lists.htm | http://www.issg.org/database | https://secure.fera.defra.gov.uk/nonnativespecies/home/index.cfm | http://ias.biodiversity.be | http://alienplantsbelgium.be/sites/alienplantsbelgium.be/files/tabel_2.pdf | http://www.nobanis.org | http://www.nederlandsesoorten.nl | https://doi.org/10.1111/j.1523-1739.2009.01249.x | http://www.fcbn.fr/sites/fcbn.fr/files/ressource_telechargeable/fiche_-_elodea_canadensis_v2.pdf
146042143,cbd_2014_pathway:escape,pathway,en,http://www.cabi.org/isc | http://www.europe-aliens.org | http://www.eppo.int/INVASIVE_PLANTS/ias_lists.htm | http://www.issg.org/database | https://secure.fera.defra.gov.uk/nonnativespecies/home/index.cfm | http://ias.biodiversity.be | http://alienplantsbelgium.be/sites/alienplantsbelgium.be/files/tabel_2.pdf | http://www.nobanis.org | http://www.nederlandsesoorten.nl | https://doi.org/10.1111/j.1523-1739.2009.01249.x | http://www.fcbn.fr/sites/fcbn.fr/files/ressource_telechargeable/fiche_-_elodea_canadensis_v2.pdf
146042143,cbd_2014_pathway:natural_dispersal,pathway,en,http://www.cabi.org/isc | http://www.europe-aliens.org | http://www.eppo.int/INVASIVE_PLANTS/ias_lists.htm | http://www.issg.org/database | https://secure.fera.defra.gov.uk/nonnativespecies/home/index.cfm | http://ias.biodiversity.be | http://alienplantsbelgium.be/sites/alienplantsbelgium.be/files/tabel_2.pdf | http://www.nobanis.org | http://www.nederlandsesoorten.nl | https://doi.org/10.1111/j.1523-1739.2009.01249.x | http://www.fcbn.fr/sites/fcbn.fr/files/ressource_telechargeable/fiche_-_elodea_canadensis_v2.pdf
146042143,cbd_2014_pathway:release,pathway,en,http://www.cabi.org/isc | http://www.europe-aliens.org | http://www.eppo.int/INVASIVE_PLANTS/ias_lists.htm | http://www.issg.org/database | https://secure.fera.defra.gov.uk/nonnativespecies/home/index.cfm | http://ias.biodiversity.be | http://alienplantsbelgium.be/sites/alienplantsbelgium.be/files/tabel_2.pdf | http://www.nobanis.org | http://www.nederlandsesoorten.nl | https://doi.org/10.1111/j.1523-1739.2009.01249.x | http://www.fcbn.fr/sites/fcbn.fr/files/ressource_telechargeable/fiche_-_elodea_canadensis_v2.pdf
146042144,Australia (WGSRPD:50),native range,en,http://www.europe-aliens.org | https://secure.fera.defra.gov.uk/nonnativespecies/home/index.cfm | http://www.nobanis.org | http://www.nederlandsesoorten.nl
146042144,cbd_2014_pathway:escape,pathway,en,http://www.europe-aliens.org | https://secure.fera.defra.gov.uk/nonnativespecies/home/index.cfm | http://www.nobanis.org | http://www.nederlandsesoorten.nl
146042144,cbd_2014_pathway:release,pathway,en,http://www.europe-aliens.org | https://secure.fera.defra.gov.uk/nonnativespecies/home/index.cfm | http://www.nobanis.org | http://www.nederlandsesoorten.nl
146042145,Asia,native range,en,http://www.cabi.org/isc | http://www.europe-aliens.org
146042145,Europe (WGSRPD:1),native range,en,http://www.cabi.org/isc | http://www.europe-aliens.org
146042145,cbd_2014_pathway:contaminant,pathway,en,http://www.cabi.org/isc | http://www.europe-aliens.org
146042145,cbd_2014_pathway:corridor,pathway,en,http://www.cabi.org/isc | http://www.europe-aliens.org
146042145,cbd_2014_pathway:natural_dispersal,pathway,en,http://www.cabi.org/isc | http://www.europe-aliens.org
146042145,cbd_2014_pathway:stowaway,pathway,en,http://www.cabi.org/isc | http://www.europe-aliens.org
146042146,Africa (WGSRPD:2),native range,en,http://www.cabi.org/isc | http://www.europe-aliens.org | http://www.eppo.int/INVASIVE_PLANTS/ias_lists.htm | http://www.issg.org/database | https://secure.fera.defra.gov.uk/nonnativespecies/home/index.cfm | http://alienplantsbelgium.be/sites/alienplantsbelgium.be/files/tabel_2.pdf
146042146,cbd_2014_pathway:corridor,pathway,en,http://www.cabi.org/isc | http://www.europe-aliens.org | http://www.eppo.int/INVASIVE_PLANTS/ias_lists.htm | http://www.issg.org/database | https://secure.fera.defra.gov.uk/nonnativespecies/home/index.cfm | http://alienplantsbelgium.be/sites/alienplantsbelgium.be/files/tabel_2.pdf
146042146,cbd_2014_pathway:escape,pathway,en,http://www.cabi.org/isc | http://www.europe-aliens.org | http://www.eppo.int/INVASIVE_PLANTS/ias_lists.htm | http://www.issg.org/database | https://secure.fera.defra.gov.uk/nonnativespecies/home/index.cfm | http://alienplantsbelgium.be/sites/alienplantsbelgium.be/files/tabel_2.pdf
146042146,cbd_2014_pathway:natural_dispersal,pathway,en,http://www.cabi.org/isc | http://www.europe-aliens.org | http://www.eppo.int/INVASIVE_PLANTS/ias_lists.htm | http://www.issg.org/database | https://secure.fera.defra.gov.uk/nonnativespecies/home/index.cfm | http://alienplantsbelgium.be/sites/alienplantsbelgium.be/files/tabel_2.pdf
146042146,cbd_2014_pathway:release,pathway,en,http://www.cabi.org/isc | http://www.europe-aliens.org | http://www.eppo.int/INVASIVE_PLANTS/ias_lists.htm | http://www.issg.org/database | https://secure.fera.defra.gov.uk/nonnativespecies/home/index.cfm | http://alienplantsbelgium.be/sites/alienplantsbelgium.be/files/tabel_2.pdf
146042147,Asia,native range,en,http://www.europe-aliens.org | https://secure.fera.defra.gov.uk/nonnativespecies/home/index.cfm
146042147,cbd_2014_pathway:escape,pathway,en,http://www.europe-aliens.org | https://secure.fera.defra.gov.uk/nonnativespecies/home/index.cfm
146042147,cbd_2014_pathway:release,pathway,en,http://www.europe-aliens.org | https://secure.fera.defra.gov.uk/nonnativespecies/home/index.cfm
146042148,cbd_2014_pathway:release,pathway,en,http://www.cabi.org/isc | http://www.europe-aliens.org | https://secure.fera.defra.gov.uk/nonnativespecies/home/index.cfm | http://ias.biodiversity.be | http://alienplantsbelgium.be/sites/alienplantsbelgium.be/files/tabel_2.pdf
146042149,Europe (WGSRPD:1),native range,en,http://www.europe-aliens.org | https://secure.fera.defra.gov.uk/nonnativespecies/home/index.cfm
146042149,Northern America (WGSRPD:7),native range,en,http://www.europe-aliens.org | https://secure.fera.defra.gov.uk/nonnativespecies/home/index.cfm
146042149,cbd_2014_pathway:release,pathway,en,http://www.europe-aliens.org | https://secure.fera.defra.gov.uk/nonnativespecies/home/index.cfm
146042150,Asia,native range,en,http://www.europe-aliens.org | http://www.issg.org/database | https://secure.fera.defra.gov.uk/nonnativespecies/home/index.cfm | http://www.nobanis.org
146042150,cbd_2014_pathway:escape,pathway,en,http://www.europe-aliens.org | http://www.issg.org/database | https://secure.fera.defra.gov.uk/nonnativespecies/home/index.cfm | http://www.nobanis.org
146042150,cbd_2014_pathway:release,pathway,en,http://www.europe-aliens.org | http://www.issg.org/database | https://secure.fera.defra.gov.uk/nonnativespecies/home/index.cfm | http://www.nobanis.org
146042151,Africa (WGSRPD:2),native range,en,http://www.cabi.org/isc | http://www.europe-aliens.org | https://secure.fera.defra.gov.uk/nonnativespecies/home/index.cfm
146042151,Australia (WGSRPD:50),native range,en,http://www.cabi.org/isc | http://www.europe-aliens.org | https://secure.fera.defra.gov.uk/nonnativespecies/home/index.cfm
146042151,Southern America (WGSRPD:8),native range,en,http://www.cabi.org/isc | http://www.europe-aliens.org | https://secure.fera.defra.gov.uk/nonnativespecies/home/index.cfm
146042151,cbd_2014_pathway:contaminant,pathway,en,http://www.cabi.org/isc | http://www.europe-aliens.org | https://secure.fera.defra.gov.uk/nonnativespecies/home/index.cfm
146042151,cbd_2014_pathway:corridor,pathway,en,http://www.cabi.org/isc | http://www.europe-aliens.org | https://secure.fera.defra.gov.uk/nonnativespecies/home/index.cfm
146042151,cbd_2014_pathway:natural_dispersal,pathway,en,http://www.cabi.org/isc | http://www.europe-aliens.org | https://secure.fera.defra.gov.uk/nonnativespecies/home/index.cfm
146042151,cbd_2014_pathway:stowaway,pathway,en,http://www.cabi.org/isc | http://www.europe-aliens.org | https://secure.fera.defra.gov.uk/nonnativespecies/home/index.cfm
146042152,Northern America (WGSRPD:7),native range,en,http://www.europe-aliens.org | https://secure.fera.defra.gov.uk/nonnativespecies/home/index.cfm | http://ias.biodiversity.be | http://alienplantsbelgium.be/sites/alienplantsbelgium.be/files/tabel_2.pdf | http://www.nobanis.org | http://www.nederlandsesoorten.nl
146042152,cbd_2014_pathway:release,pathway,en,http://www.europe-aliens.org | https://secure.fera.defra.gov.uk/nonnativespecies/home/index.cfm | http://ias.biodiversity.be | http://alienplantsbelgium.be/sites/alienplantsbelgium.be/files/tabel_2.pdf | http://www.nobanis.org | http://www.nederlandsesoorten.nl
146042153,Asia,native range,en,http://www.cabi.org/isc
146042153,cbd_2014_pathway:corridor,pathway,en,http://www.cabi.org/isc
146042153,cbd_2014_pathway:natural_dispersal,pathway,en,http://www.cabi.org/isc
146042153,cbd_2014_pathway:release,pathway,en,http://www.cabi.org/isc
146042154,Asia,native range,en,http://www.cabi.org/isc | http://www.europe-aliens.org | https://secure.fera.defra.gov.uk/nonnativespecies/home/index.cfm
146042154,Europe (WGSRPD:1),native range,en,http://www.cabi.org/isc | http://www.europe-aliens.org | https://secure.fera.defra.gov.uk/nonnativespecies/home/index.cfm
146042154,cbd_2014_pathway:contaminant,pathway,en,http://www.cabi.org/isc | http://www.europe-aliens.org | https://secure.fera.defra.gov.uk/nonnativespecies/home/index.cfm
146042154,cbd_2014_pathway:corridor,pathway,en,http://www.cabi.org/isc | http://www.europe-aliens.org | https://secure.fera.defra.gov.uk/nonnativespecies/home/index.cfm
146042154,cbd_2014_pathway:natural_dispersal,pathway,en,http://www.cabi.org/isc | http://www.europe-aliens.org | https://secure.fera.defra.gov.uk/nonnativespecies/home/index.cfm
146042154,cbd_2014_pathway:stowaway,pathway,en,http://www.cabi.org/isc | http://www.europe-aliens.org | https://secure.fera.defra.gov.uk/nonnativespecies/home/index.cfm
146042155,Northern America (WGSRPD:7),native range,en,http://www.europe-aliens.org
146042155,Southern America (WGSRPD:8),native range,en,http://www.europe-aliens.org
146042155,cbd_2014_pathway:release,pathway,en,http://www.europe-aliens.org
146042156,Northern America (WGSRPD:7),native range,en,http://www.cabi.org/isc | http://www.europe-aliens.org | http://www.eppo.int/INVASIVE_PLANTS/ias_lists.htm | https://secure.fera.defra.gov.uk/nonnativespecies/home/index.cfm | http://ias.biodiversity.be | http://alienplantsbelgium.be/sites/alienplantsbelgium.be/files/tabel_2.pdf | http://www.nobanis.org
146042156,cbd_2014_pathway:corridor,pathway,en,http://www.cabi.org/isc | http://www.europe-aliens.org | http://www.eppo.int/INVASIVE_PLANTS/ias_lists.htm | https://secure.fera.defra.gov.uk/nonnativespecies/home/index.cfm | http://ias.biodiversity.be | http://alienplantsbelgium.be/sites/alienplantsbelgium.be/files/tabel_2.pdf | http://www.nobanis.org
146042156,cbd_2014_pathway:escape,pathway,en,http://www.cabi.org/isc | http://www.europe-aliens.org | http://www.eppo.int/INVASIVE_PLANTS/ias_lists.htm | https://secure.fera.defra.gov.uk/nonnativespecies/home/index.cfm | http://ias.biodiversity.be | http://alienplantsbelgium.be/sites/alienplantsbelgium.be/files/tabel_2.pdf | http://www.nobanis.org
146042156,cbd_2014_pathway:natural_dispersal,pathway,en,http://www.cabi.org/isc | http://www.europe-aliens.org | http://www.eppo.int/INVASIVE_PLANTS/ias_lists.htm | https://secure.fera.defra.gov.uk/nonnativespecies/home/index.cfm | http://ias.biodiversity.be | http://alienplantsbelgium.be/sites/alienplantsbelgium.be/files/tabel_2.pdf | http://www.nobanis.org
146042156,cbd_2014_pathway:release,pathway,en,http://www.cabi.org/isc | http://www.europe-aliens.org | http://www.eppo.int/INVASIVE_PLANTS/ias_lists.htm | https://secure.fera.defra.gov.uk/nonnativespecies/home/index.cfm | http://ias.biodiversity.be | http://alienplantsbelgium.be/sites/alienplantsbelgium.be/files/tabel_2.pdf | http://www.nobanis.org
146042157,Southern America (WGSRPD:8),native range,en,http://www.europe-aliens.org | http://www.issg.org/database | https://secure.fera.defra.gov.uk/nonnativespecies/home/index.cfm | http://ias.biodiversity.be | http://www.nobanis.org | https://doi.org/10.1111/j.1523-1739.2009.01249.x
146042157,cbd_2014_pathway:escape,pathway,en,http://www.europe-aliens.org | http://www.issg.org/database | https://secure.fera.defra.gov.uk/nonnativespecies/home/index.cfm | http://ias.biodiversity.be | http://www.nobanis.org | https://doi.org/10.1111/j.1523-1739.2009.01249.x
146042157,cbd_2014_pathway:release,pathway,en,http://www.europe-aliens.org | http://www.issg.org/database | https://secure.fera.defra.gov.uk/nonnativespecies/home/index.cfm | http://ias.biodiversity.be | http://www.nobanis.org | https://doi.org/10.1111/j.1523-1739.2009.01249.x
146042158,Africa (WGSRPD:2),native range,en,http://www.cabi.org/isc | http://www.europe-aliens.org | http://www.eppo.int/INVASIVE_PLANTS/ias_lists.htm | http://www.issg.org/database | https://secure.fera.defra.gov.uk/nonnativespecies/home/index.cfm | http://ias.biodiversity.be | http://alienplantsbelgium.be/sites/alienplantsbelgium.be/files/tabel_2.pdf | http://www.nobanis.org | http://www.nederlandsesoorten.nl | https://doi.org/10.1111/j.1523-1739.2009.01249.x
146042158,cbd_2014_pathway:escape,pathway,en,http://www.cabi.org/isc | http://www.europe-aliens.org | http://www.eppo.int/INVASIVE_PLANTS/ias_lists.htm | http://www.issg.org/database | https://secure.fera.defra.gov.uk/nonnativespecies/home/index.cfm | http://ias.biodiversity.be | http://alienplantsbelgium.be/sites/alienplantsbelgium.be/files/tabel_2.pdf | http://www.nobanis.org | http://www.nederlandsesoorten.nl | https://doi.org/10.1111/j.1523-1739.2009.01249.x
146042158,cbd_2014_pathway:release,pathway,en,http://www.cabi.org/isc | http://www.europe-aliens.org | http://www.eppo.int/INVASIVE_PLANTS/ias_lists.htm | http://www.issg.org/database | https://secure.fera.defra.gov.uk/nonnativespecies/home/index.cfm | http://ias.biodiversity.be | http://alienplantsbelgium.be/sites/alienplantsbelgium.be/files/tabel_2.pdf | http://www.nobanis.org | http://www.nederlandsesoorten.nl | https://doi.org/10.1111/j.1523-1739.2009.01249.x
146042159,Europe (WGSRPD:1),native range,en,http://www.europe-aliens.org | http://en.wikipedia.org/wiki/Main_Page
146042159,cbd_2014_pathway:escape,pathway,en,http://www.europe-aliens.org | http://en.wikipedia.org/wiki/Main_Page
146042159,cbd_2014_pathway:release,pathway,en,http://www.europe-aliens.org | http://en.wikipedia.org/wiki/Main_Page
146042160,Northern America (WGSRPD:7),native range,en,http://www.cabi.org/isc | http://www.europe-aliens.org | https://secure.fera.defra.gov.uk/nonnativespecies/home/index.cfm | http://ias.biodiversity.be | http://alienplantsbelgium.be/sites/alienplantsbelgium.be/files/tabel_2.pdf
146042160,cbd_2014_pathway:escape,pathway,en,http://www.cabi.org/isc | http://www.europe-aliens.org | https://secure.fera.defra.gov.uk/nonnativespecies/home/index.cfm | http://ias.biodiversity.be | http://alienplantsbelgium.be/sites/alienplantsbelgium.be/files/tabel_2.pdf
146042160,cbd_2014_pathway:release,pathway,en,http://www.cabi.org/isc | http://www.europe-aliens.org | https://secure.fera.defra.gov.uk/nonnativespecies/home/index.cfm | http://ias.biodiversity.be | http://alienplantsbelgium.be/sites/alienplantsbelgium.be/files/tabel_2.pdf
146042161,Northern America (WGSRPD:7),native range,en,http://www.europe-aliens.org | http://www.issg.org/database | http://ias.biodiversity.be | http://www.nobanis.org
146042161,cbd_2014_pathway:escape,pathway,en,http://www.europe-aliens.org | http://www.issg.org/database | http://ias.biodiversity.be | http://www.nobanis.org
146042162,Africa (WGSRPD:2),native range,en,http://www.cabi.org/isc | http://www.europe-aliens.org | https://secure.fera.defra.gov.uk/nonnativespecies/home/index.cfm | http://ias.biodiversity.be | http://alienplantsbelgium.be/sites/alienplantsbelgium.be/files/tabel_2.pdf
146042162,cbd_2014_pathway:contaminant,pathway,en,http://www.cabi.org/isc | http://www.europe-aliens.org | https://secure.fera.defra.gov.uk/nonnativespecies/home/index.cfm | http://ias.biodiversity.be | http://alienplantsbelgium.be/sites/alienplantsbelgium.be/files/tabel_2.pdf
146042162,cbd_2014_pathway:stowaway,pathway,en,http://www.cabi.org/isc | http://www.europe-aliens.org | https://secure.fera.defra.gov.uk/nonnativespecies/home/index.cfm | http://ias.biodiversity.be | http://alienplantsbelgium.be/sites/alienplantsbelgium.be/files/tabel_2.pdf
146042163,Asia,native range,en,http://www.europe-aliens.org | http://www.issg.org/database | https://secure.fera.defra.gov.uk/nonnativespecies/home/index.cfm | http://ias.biodiversity.be | http://www.nobanis.org | http://www.nederlandsesoorten.nl
146042163,Europe (WGSRPD:1),native range,en,http://www.europe-aliens.org | http://www.issg.org/database | https://secure.fera.defra.gov.uk/nonnativespecies/home/index.cfm | http://ias.biodiversity.be | http://www.nobanis.org | http://www.nederlandsesoorten.nl
146042163,cbd_2014_pathway:escape,pathway,en,http://www.europe-aliens.org | http://www.issg.org/database | https://secure.fera.defra.gov.uk/nonnativespecies/home/index.cfm | http://ias.biodiversity.be | http://www.nobanis.org | http://www.nederlandsesoorten.nl
146042163,cbd_2014_pathway:release,pathway,en,http://www.europe-aliens.org | http://www.issg.org/database | https://secure.fera.defra.gov.uk/nonnativespecies/home/index.cfm | http://ias.biodiversity.be | http://www.nobanis.org | http://www.nederlandsesoorten.nl
146042164,Northern America (WGSRPD:7),native range,en,http://www.cabi.org/isc | http://www.europe-aliens.org | http://www.eppo.int/INVASIVE_PLANTS/ias_lists.htm | https://secure.fera.defra.gov.uk/nonnativespecies/home/index.cfm | http://ias.biodiversity.be | http://alienplantsbelgium.be/sites/alienplantsbelgium.be/files/tabel_2.pdf | http://www.nobanis.org | http://www.nederlandsesoorten.nl
146042164,cbd_2014_pathway:corridor,pathway,en,http://www.cabi.org/isc | http://www.europe-aliens.org | http://www.eppo.int/INVASIVE_PLANTS/ias_lists.htm | https://secure.fera.defra.gov.uk/nonnativespecies/home/index.cfm | http://ias.biodiversity.be | http://alienplantsbelgium.be/sites/alienplantsbelgium.be/files/tabel_2.pdf | http://www.nobanis.org | http://www.nederlandsesoorten.nl
146042164,cbd_2014_pathway:natural_dispersal,pathway,en,http://www.cabi.org/isc | http://www.europe-aliens.org | http://www.eppo.int/INVASIVE_PLANTS/ias_lists.htm | https://secure.fera.defra.gov.uk/nonnativespecies/home/index.cfm | http://ias.biodiversity.be | http://alienplantsbelgium.be/sites/alienplantsbelgium.be/files/tabel_2.pdf | http://www.nobanis.org | http://www.nederlandsesoorten.nl
146042164,cbd_2014_pathway:release,pathway,en,http://www.cabi.org/isc | http://www.europe-aliens.org | http://www.eppo.int/INVASIVE_PLANTS/ias_lists.htm | https://secure.fera.defra.gov.uk/nonnativespecies/home/index.cfm | http://ias.biodiversity.be | http://alienplantsbelgium.be/sites/alienplantsbelgium.be/files/tabel_2.pdf | http://www.nobanis.org | http://www.nederlandsesoorten.nl
146042165,Asia,native range,en,http://www.europe-aliens.org | https://secure.fera.defra.gov.uk/nonnativespecies/home/index.cfm
146042165,cbd_2014_pathway:escape,pathway,en,http://www.europe-aliens.org | https://secure.fera.defra.gov.uk/nonnativespecies/home/index.cfm
146042166,Northern America (WGSRPD:7),native range,en,http://www.cabi.org/isc | http://www.europe-aliens.org | https://secure.fera.defra.gov.uk/nonnativespecies/home/index.cfm | http://alienplantsbelgium.be/sites/alienplantsbelgium.be/files/tabel_2.pdf
146042166,Southern America (WGSRPD:8),native range,en,http://www.cabi.org/isc | http://www.europe-aliens.org | https://secure.fera.defra.gov.uk/nonnativespecies/home/index.cfm | http://alienplantsbelgium.be/sites/alienplantsbelgium.be/files/tabel_2.pdf
146042166,cbd_2014_pathway:contaminant,pathway,en,http://www.cabi.org/isc | http://www.europe-aliens.org | https://secure.fera.defra.gov.uk/nonnativespecies/home/index.cfm | http://alienplantsbelgium.be/sites/alienplantsbelgium.be/files/tabel_2.pdf
146042166,cbd_2014_pathway:stowaway,pathway,en,http://www.cabi.org/isc | http://www.europe-aliens.org | https://secure.fera.defra.gov.uk/nonnativespecies/home/index.cfm | http://alienplantsbelgium.be/sites/alienplantsbelgium.be/files/tabel_2.pdf
146042167,Asia,native range,en,http://www.europe-aliens.org | http://ias.biodiversity.be | http://www.nobanis.org | http://www.nederlandsesoorten.nl | http://en.wikipedia.org/wiki/Main_Page
146042167,cbd_2014_pathway:escape,pathway,en,http://www.europe-aliens.org | http://ias.biodiversity.be | http://www.nobanis.org | http://www.nederlandsesoorten.nl | http://en.wikipedia.org/wiki/Main_Page
146042168,Southern America (WGSRPD:8),native range,en,http://www.cabi.org/isc | http://www.issg.org/database | https://secure.fera.defra.gov.uk/nonnativespecies/home/index.cfm | http://alienplantsbelgium.be/sites/alienplantsbelgium.be/files/tabel_2.pdf
146042168,cbd_2014_pathway:contaminant,pathway,en,http://www.cabi.org/isc | http://www.issg.org/database | https://secure.fera.defra.gov.uk/nonnativespecies/home/index.cfm | http://alienplantsbelgium.be/sites/alienplantsbelgium.be/files/tabel_2.pdf
146042168,cbd_2014_pathway:stowaway,pathway,en,http://www.cabi.org/isc | http://www.issg.org/database | https://secure.fera.defra.gov.uk/nonnativespecies/home/index.cfm | http://alienplantsbelgium.be/sites/alienplantsbelgium.be/files/tabel_2.pdf
146042169,Asia,native range,en,http://www.europe-aliens.org | https://secure.fera.defra.gov.uk/nonnativespecies/home/index.cfm
146042169,cbd_2014_pathway:escape,pathway,en,http://www.europe-aliens.org | https://secure.fera.defra.gov.uk/nonnativespecies/home/index.cfm
146042170,Asia,native range,en,http://www.cabi.org/isc | http://www.europe-aliens.org | http://www.issg.org/database | https://secure.fera.defra.gov.uk/nonnativespecies/home/index.cfm | http://ias.biodiversity.be | http://alienplantsbelgium.be/sites/alienplantsbelgium.be/files/tabel_2.pdf
146042170,cbd_2014_pathway:escape,pathway,en,http://www.cabi.org/isc | http://www.europe-aliens.org | http://www.issg.org/database | https://secure.fera.defra.gov.uk/nonnativespecies/home/index.cfm | http://ias.biodiversity.be | http://alienplantsbelgium.be/sites/alienplantsbelgium.be/files/tabel_2.pdf
146042170,cbd_2014_pathway:release,pathway,en,http://www.cabi.org/isc | http://www.europe-aliens.org | http://www.issg.org/database | https://secure.fera.defra.gov.uk/nonnativespecies/home/index.cfm | http://ias.biodiversity.be | http://alienplantsbelgium.be/sites/alienplantsbelgium.be/files/tabel_2.pdf
146042171,Northern America (WGSRPD:7),native range,en,https://secure.fera.defra.gov.uk/nonnativespecies/home/index.cfm
146042171,cbd_2014_pathway:escape,pathway,en,https://secure.fera.defra.gov.uk/nonnativespecies/home/index.cfm
146042172,Northern America (WGSRPD:7),native range,en,http://www.cabi.org/isc | http://www.eppo.int/INVASIVE_PLANTS/ias_lists.htm | https://secure.fera.defra.gov.uk/nonnativespecies/home/index.cfm | http://ias.biodiversity.be | http://alienplantsbelgium.be/sites/alienplantsbelgium.be/files/tabel_2.pdf | http://www.nobanis.org | http://www.nederlandsesoorten.nl
146042172,cbd_2014_pathway:corridor,pathway,en,http://www.cabi.org/isc | http://www.eppo.int/INVASIVE_PLANTS/ias_lists.htm | https://secure.fera.defra.gov.uk/nonnativespecies/home/index.cfm | http://ias.biodiversity.be | http://alienplantsbelgium.be/sites/alienplantsbelgium.be/files/tabel_2.pdf | http://www.nobanis.org | http://www.nederlandsesoorten.nl
146042172,cbd_2014_pathway:natural_dispersal,pathway,en,http://www.cabi.org/isc | http://www.eppo.int/INVASIVE_PLANTS/ias_lists.htm | https://secure.fera.defra.gov.uk/nonnativespecies/home/index.cfm | http://ias.biodiversity.be | http://alienplantsbelgium.be/sites/alienplantsbelgium.be/files/tabel_2.pdf | http://www.nobanis.org | http://www.nederlandsesoorten.nl
146042172,cbd_2014_pathway:release,pathway,en,http://www.cabi.org/isc | http://www.eppo.int/INVASIVE_PLANTS/ias_lists.htm | https://secure.fera.defra.gov.uk/nonnativespecies/home/index.cfm | http://ias.biodiversity.be | http://alienplantsbelgium.be/sites/alienplantsbelgium.be/files/tabel_2.pdf | http://www.nobanis.org | http://www.nederlandsesoorten.nl
146042173,Southern America (WGSRPD:8),native range,en,http://www.cabi.org/isc | http://www.europe-aliens.org | http://www.eppo.int/INVASIVE_PLANTS/ias_lists.htm | http://www.issg.org/database | https://secure.fera.defra.gov.uk/nonnativespecies/home/index.cfm | http://ias.biodiversity.be | http://alienplantsbelgium.be/sites/alienplantsbelgium.be/files/tabel_2.pdf | http://www.nobanis.org | http://www.nederlandsesoorten.nl | https://doi.org/10.1111/j.1523-1739.2009.01249.x
146042173,cbd_2014_pathway:corridor,pathway,en,http://www.cabi.org/isc | http://www.europe-aliens.org | http://www.eppo.int/INVASIVE_PLANTS/ias_lists.htm | http://www.issg.org/database | https://secure.fera.defra.gov.uk/nonnativespecies/home/index.cfm | http://ias.biodiversity.be | http://alienplantsbelgium.be/sites/alienplantsbelgium.be/files/tabel_2.pdf | http://www.nobanis.org | http://www.nederlandsesoorten.nl | https://doi.org/10.1111/j.1523-1739.2009.01249.x
146042173,cbd_2014_pathway:escape,pathway,en,http://www.cabi.org/isc | http://www.europe-aliens.org | http://www.eppo.int/INVASIVE_PLANTS/ias_lists.htm | http://www.issg.org/database | https://secure.fera.defra.gov.uk/nonnativespecies/home/index.cfm | http://ias.biodiversity.be | http://alienplantsbelgium.be/sites/alienplantsbelgium.be/files/tabel_2.pdf | http://www.nobanis.org | http://www.nederlandsesoorten.nl | https://doi.org/10.1111/j.1523-1739.2009.01249.x
146042173,cbd_2014_pathway:natural_dispersal,pathway,en,http://www.cabi.org/isc | http://www.europe-aliens.org | http://www.eppo.int/INVASIVE_PLANTS/ias_lists.htm | http://www.issg.org/database | https://secure.fera.defra.gov.uk/nonnativespecies/home/index.cfm | http://ias.biodiversity.be | http://alienplantsbelgium.be/sites/alienplantsbelgium.be/files/tabel_2.pdf | http://www.nobanis.org | http://www.nederlandsesoorten.nl | https://doi.org/10.1111/j.1523-1739.2009.01249.x
146042173,cbd_2014_pathway:release,pathway,en,http://www.cabi.org/isc | http://www.europe-aliens.org | http://www.eppo.int/INVASIVE_PLANTS/ias_lists.htm | http://www.issg.org/database | https://secure.fera.defra.gov.uk/nonnativespecies/home/index.cfm | http://ias.biodiversity.be | http://alienplantsbelgium.be/sites/alienplantsbelgium.be/files/tabel_2.pdf | http://www.nobanis.org | http://www.nederlandsesoorten.nl | https://doi.org/10.1111/j.1523-1739.2009.01249.x
146042174,Asia,native range,en,http://www.europe-aliens.org | https://secure.fera.defra.gov.uk/nonnativespecies/home/index.cfm
146042174,cbd_2014_pathway:escape,pathway,en,http://www.europe-aliens.org | https://secure.fera.defra.gov.uk/nonnativespecies/home/index.cfm
146042174,cbd_2014_pathway:release,pathway,en,http://www.europe-aliens.org | https://secure.fera.defra.gov.uk/nonnativespecies/home/index.cfm
146042175,Asia,native range,en,http://www.europe-aliens.org | http://www.issg.org/database | https://secure.fera.defra.gov.uk/nonnativespecies/home/index.cfm | http://ias.biodiversity.be | http://www.nobanis.org | http://www.nederlandsesoorten.nl | https://doi.org/10.1111/j.1523-1739.2009.01249.x
146042175,cbd_2014_pathway:contaminant,pathway,en,http://www.europe-aliens.org | http://www.issg.org/database | https://secure.fera.defra.gov.uk/nonnativespecies/home/index.cfm | http://ias.biodiversity.be | http://www.nobanis.org | http://www.nederlandsesoorten.nl | https://doi.org/10.1111/j.1523-1739.2009.01249.x
146042175,cbd_2014_pathway:escape,pathway,en,http://www.europe-aliens.org | http://www.issg.org/database | https://secure.fera.defra.gov.uk/nonnativespecies/home/index.cfm | http://ias.biodiversity.be | http://www.nobanis.org | http://www.nederlandsesoorten.nl | https://doi.org/10.1111/j.1523-1739.2009.01249.x
146042175,cbd_2014_pathway:release,pathway,en,http://www.europe-aliens.org | http://www.issg.org/database | https://secure.fera.defra.gov.uk/nonnativespecies/home/index.cfm | http://ias.biodiversity.be | http://www.nobanis.org | http://www.nederlandsesoorten.nl | https://doi.org/10.1111/j.1523-1739.2009.01249.x
146042175,cbd_2014_pathway:stowaway,pathway,en,http://www.europe-aliens.org | http://www.issg.org/database | https://secure.fera.defra.gov.uk/nonnativespecies/home/index.cfm | http://ias.biodiversity.be | http://www.nobanis.org | http://www.nederlandsesoorten.nl | https://doi.org/10.1111/j.1523-1739.2009.01249.x
146042176,Africa (WGSRPD:2),native range,en,http://www.cabi.org/isc | http://www.europe-aliens.org | http://www.eppo.int/INVASIVE_PLANTS/ias_lists.htm | https://secure.fera.defra.gov.uk/nonnativespecies/home/index.cfm | http://alienplantsbelgium.be/sites/alienplantsbelgium.be/files/tabel_2.pdf
146042176,Asia,native range,en,http://www.cabi.org/isc | http://www.europe-aliens.org | http://www.eppo.int/INVASIVE_PLANTS/ias_lists.htm | https://secure.fera.defra.gov.uk/nonnativespecies/home/index.cfm | http://alienplantsbelgium.be/sites/alienplantsbelgium.be/files/tabel_2.pdf
146042176,Northern America (WGSRPD:7),native range,en,http://www.cabi.org/isc | http://www.europe-aliens.org | http://www.eppo.int/INVASIVE_PLANTS/ias_lists.htm | https://secure.fera.defra.gov.uk/nonnativespecies/home/index.cfm | http://alienplantsbelgium.be/sites/alienplantsbelgium.be/files/tabel_2.pdf
146042176,Southern America (WGSRPD:8),native range,en,http://www.cabi.org/isc | http://www.europe-aliens.org | http://www.eppo.int/INVASIVE_PLANTS/ias_lists.htm | https://secure.fera.defra.gov.uk/nonnativespecies/home/index.cfm | http://alienplantsbelgium.be/sites/alienplantsbelgium.be/files/tabel_2.pdf
146042176,cbd_2014_pathway:contaminant,pathway,en,http://www.cabi.org/isc | http://www.europe-aliens.org | http://www.eppo.int/INVASIVE_PLANTS/ias_lists.htm | https://secure.fera.defra.gov.uk/nonnativespecies/home/index.cfm | http://alienplantsbelgium.be/sites/alienplantsbelgium.be/files/tabel_2.pdf
146042176,cbd_2014_pathway:corridor,pathway,en,http://www.cabi.org/isc | http://www.europe-aliens.org | http://www.eppo.int/INVASIVE_PLANTS/ias_lists.htm | https://secure.fera.defra.gov.uk/nonnativespecies/home/index.cfm | http://alienplantsbelgium.be/sites/alienplantsbelgium.be/files/tabel_2.pdf
146042176,cbd_2014_pathway:natural_dispersal,pathway,en,http://www.cabi.org/isc | http://www.europe-aliens.org | http://www.eppo.int/INVASIVE_PLANTS/ias_lists.htm | https://secure.fera.defra.gov.uk/nonnativespecies/home/index.cfm | http://alienplantsbelgium.be/sites/alienplantsbelgium.be/files/tabel_2.pdf
146042176,cbd_2014_pathway:stowaway,pathway,en,http://www.cabi.org/isc | http://www.europe-aliens.org | http://www.eppo.int/INVASIVE_PLANTS/ias_lists.htm | https://secure.fera.defra.gov.uk/nonnativespecies/home/index.cfm | http://alienplantsbelgium.be/sites/alienplantsbelgium.be/files/tabel_2.pdf
146042177,Australia (WGSRPD:50),native range,en,http://www.cabi.org/isc | http://www.issg.org/database
146042177,cbd_2014_pathway:corridor,pathway,en,http://www.cabi.org/isc | http://www.issg.org/database
146042177,cbd_2014_pathway:natural_dispersal,pathway,en,http://www.cabi.org/isc | http://www.issg.org/database
146042177,cbd_2014_pathway:release,pathway,en,http://www.cabi.org/isc | http://www.issg.org/database
146042179,Northern America (WGSRPD:7),native range,en,http://www.cabi.org/isc | http://www.europe-aliens.org | http://alienplantsbelgium.be/sites/alienplantsbelgium.be/files/tabel_2.pdf | http://www.nederlandsesoorten.nl
146042179,cbd_2014_pathway:contaminant,pathway,en,http://www.cabi.org/isc | http://www.europe-aliens.org | http://alienplantsbelgium.be/sites/alienplantsbelgium.be/files/tabel_2.pdf | http://www.nederlandsesoorten.nl
146042179,cbd_2014_pathway:stowaway,pathway,en,http://www.cabi.org/isc | http://www.europe-aliens.org | http://alienplantsbelgium.be/sites/alienplantsbelgium.be/files/tabel_2.pdf | http://www.nederlandsesoorten.nl
146042181,Northern America (WGSRPD:7),native range,en,http://www.cabi.org/isc | http://www.europe-aliens.org | https://secure.fera.defra.gov.uk/nonnativespecies/home/index.cfm
146042181,cbd_2014_pathway:corridor,pathway,en,http://www.cabi.org/isc | http://www.europe-aliens.org | https://secure.fera.defra.gov.uk/nonnativespecies/home/index.cfm
146042181,cbd_2014_pathway:natural_dispersal,pathway,en,http://www.cabi.org/isc | http://www.europe-aliens.org | https://secure.fera.defra.gov.uk/nonnativespecies/home/index.cfm
146042181,cbd_2014_pathway:release,pathway,en,http://www.cabi.org/isc | http://www.europe-aliens.org | https://secure.fera.defra.gov.uk/nonnativespecies/home/index.cfm
146042182,Europe (WGSRPD:1),native range,en,https://secure.fera.defra.gov.uk/nonnativespecies/home/index.cfm | http://www.nederlandsesoorten.nl | http://www.unep-aewa.org/sites/default/files/document/tc8_25_review_non_native_species_0.pdf
146042182,Northern America (WGSRPD:7),native range,en,https://secure.fera.defra.gov.uk/nonnativespecies/home/index.cfm | http://www.nederlandsesoorten.nl | http://www.unep-aewa.org/sites/default/files/document/tc8_25_review_non_native_species_0.pdf
146042182,Southern America (WGSRPD:8),native range,en,https://secure.fera.defra.gov.uk/nonnativespecies/home/index.cfm | http://www.nederlandsesoorten.nl | http://www.unep-aewa.org/sites/default/files/document/tc8_25_review_non_native_species_0.pdf
146042182,cbd_2014_pathway:escape,pathway,en,https://secure.fera.defra.gov.uk/nonnativespecies/home/index.cfm | http://www.nederlandsesoorten.nl | http://www.unep-aewa.org/sites/default/files/document/tc8_25_review_non_native_species_0.pdf
146042183,Northern America (WGSRPD:7),native range,en,http://www.cabi.org/isc | http://www.europe-aliens.org | https://secure.fera.defra.gov.uk/nonnativespecies/home/index.cfm | http://ias.biodiversity.be | http://alienplantsbelgium.be/sites/alienplantsbelgium.be/files/tabel_2.pdf | http://www.nobanis.org | http://www.nederlandsesoorten.nl
146042183,cbd_2014_pathway:release,pathway,en,http://www.cabi.org/isc | http://www.europe-aliens.org | https://secure.fera.defra.gov.uk/nonnativespecies/home/index.cfm | http://ias.biodiversity.be | http://alienplantsbelgium.be/sites/alienplantsbelgium.be/files/tabel_2.pdf | http://www.nobanis.org | http://www.nederlandsesoorten.nl
146042184,Southern America (WGSRPD:8),native range,en,https://secure.fera.defra.gov.uk/nonnativespecies/home/index.cfm
146042185,Northern America (WGSRPD:7),native range,en,http://www.cabi.org/isc | http://www.europe-aliens.org | http://www.eppo.int/INVASIVE_PLANTS/ias_lists.htm | http://www.issg.org/database | https://secure.fera.defra.gov.uk/nonnativespecies/home/index.cfm | http://ias.biodiversity.be | http://alienplantsbelgium.be/sites/alienplantsbelgium.be/files/tabel_2.pdf | http://www.nobanis.org | http://www.nederlandsesoorten.nl
146042185,cbd_2014_pathway:corridor,pathway,en,http://www.cabi.org/isc | http://www.europe-aliens.org | http://www.eppo.int/INVASIVE_PLANTS/ias_lists.htm | http://www.issg.org/database | https://secure.fera.defra.gov.uk/nonnativespecies/home/index.cfm | http://ias.biodiversity.be | http://alienplantsbelgium.be/sites/alienplantsbelgium.be/files/tabel_2.pdf | http://www.nobanis.org | http://www.nederlandsesoorten.nl
146042185,cbd_2014_pathway:natural_dispersal,pathway,en,http://www.cabi.org/isc | http://www.europe-aliens.org | http://www.eppo.int/INVASIVE_PLANTS/ias_lists.htm | http://www.issg.org/database | https://secure.fera.defra.gov.uk/nonnativespecies/home/index.cfm | http://ias.biodiversity.be | http://alienplantsbelgium.be/sites/alienplantsbelgium.be/files/tabel_2.pdf | http://www.nobanis.org | http://www.nederlandsesoorten.nl
146042185,cbd_2014_pathway:release,pathway,en,http://www.cabi.org/isc | http://www.europe-aliens.org | http://www.eppo.int/INVASIVE_PLANTS/ias_lists.htm | http://www.issg.org/database | https://secure.fera.defra.gov.uk/nonnativespecies/home/index.cfm | http://ias.biodiversity.be | http://alienplantsbelgium.be/sites/alienplantsbelgium.be/files/tabel_2.pdf | http://www.nobanis.org | http://www.nederlandsesoorten.nl
146042186,Southern America (WGSRPD:8),native range,en,https://secure.fera.defra.gov.uk/nonnativespecies/home/index.cfm | http://www.unep-aewa.org/sites/default/files/document/tc8_25_review_non_native_species_0.pdf
146042186,cbd_2014_pathway:escape,pathway,en,https://secure.fera.defra.gov.uk/nonnativespecies/home/index.cfm | http://www.unep-aewa.org/sites/default/files/document/tc8_25_review_non_native_species_0.pdf
146042187,Northern America (WGSRPD:7),native range,en,http://www.cabi.org/isc | http://www.europe-aliens.org | http://www.eppo.int/INVASIVE_PLANTS/ias_lists.htm | http://www.issg.org/database | https://secure.fera.defra.gov.uk/nonnativespecies/home/index.cfm | http://ias.biodiversity.be | http://alienplantsbelgium.be/sites/alienplantsbelgium.be/files/tabel_2.pdf | http://www.nobanis.org | http://www.nederlandsesoorten.nl | https://doi.org/10.1111/j.1523-1739.2009.01249.x
146042187,cbd_2014_pathway:corridor,pathway,en,http://www.cabi.org/isc | http://www.europe-aliens.org | http://www.eppo.int/INVASIVE_PLANTS/ias_lists.htm | http://www.issg.org/database | https://secure.fera.defra.gov.uk/nonnativespecies/home/index.cfm | http://ias.biodiversity.be | http://alienplantsbelgium.be/sites/alienplantsbelgium.be/files/tabel_2.pdf | http://www.nobanis.org | http://www.nederlandsesoorten.nl | https://doi.org/10.1111/j.1523-1739.2009.01249.x
146042187,cbd_2014_pathway:escape,pathway,en,http://www.cabi.org/isc | http://www.europe-aliens.org | http://www.eppo.int/INVASIVE_PLANTS/ias_lists.htm | http://www.issg.org/database | https://secure.fera.defra.gov.uk/nonnativespecies/home/index.cfm | http://ias.biodiversity.be | http://alienplantsbelgium.be/sites/alienplantsbelgium.be/files/tabel_2.pdf | http://www.nobanis.org | http://www.nederlandsesoorten.nl | https://doi.org/10.1111/j.1523-1739.2009.01249.x
146042187,cbd_2014_pathway:natural_dispersal,pathway,en,http://www.cabi.org/isc | http://www.europe-aliens.org | http://www.eppo.int/INVASIVE_PLANTS/ias_lists.htm | http://www.issg.org/database | https://secure.fera.defra.gov.uk/nonnativespecies/home/index.cfm | http://ias.biodiversity.be | http://alienplantsbelgium.be/sites/alienplantsbelgium.be/files/tabel_2.pdf | http://www.nobanis.org | http://www.nederlandsesoorten.nl | https://doi.org/10.1111/j.1523-1739.2009.01249.x
146042187,cbd_2014_pathway:release,pathway,en,http://www.cabi.org/isc | http://www.europe-aliens.org | http://www.eppo.int/INVASIVE_PLANTS/ias_lists.htm | http://www.issg.org/database | https://secure.fera.defra.gov.uk/nonnativespecies/home/index.cfm | http://ias.biodiversity.be | http://alienplantsbelgium.be/sites/alienplantsbelgium.be/files/tabel_2.pdf | http://www.nobanis.org | http://www.nederlandsesoorten.nl | https://doi.org/10.1111/j.1523-1739.2009.01249.x
146042188,Southern America (WGSRPD:8),native range,en,http://www.europe-aliens.org | https://secure.fera.defra.gov.uk/nonnativespecies/home/index.cfm | http://www.unep-aewa.org/sites/default/files/document/tc8_25_review_non_native_species_0.pdf
146042188,cbd_2014_pathway:escape,pathway,en,http://www.europe-aliens.org | https://secure.fera.defra.gov.uk/nonnativespecies/home/index.cfm | http://www.unep-aewa.org/sites/default/files/document/tc8_25_review_non_native_species_0.pdf
146042189,Northern America (WGSRPD:7),native range,en,http://www.cabi.org/isc | http://www.europe-aliens.org | http://www.eppo.int/INVASIVE_PLANTS/ias_lists.htm | https://secure.fera.defra.gov.uk/nonnativespecies/home/index.cfm | http://ias.biodiversity.be | http://alienplantsbelgium.be/sites/alienplantsbelgium.be/files/tabel_2.pdf | http://www.nobanis.org | http://www.nederlandsesoorten.nl | https://doi.org/10.1111/j.1523-1739.2009.01249.x | http://www.fao.org/fishery/introsp/search/en
146042189,Southern America (WGSRPD:8),native range,en,http://www.cabi.org/isc | http://www.europe-aliens.org | http://www.eppo.int/INVASIVE_PLANTS/ias_lists.htm | https://secure.fera.defra.gov.uk/nonnativespecies/home/index.cfm | http://ias.biodiversity.be | http://alienplantsbelgium.be/sites/alienplantsbelgium.be/files/tabel_2.pdf | http://www.nobanis.org | http://www.nederlandsesoorten.nl | https://doi.org/10.1111/j.1523-1739.2009.01249.x | http://www.fao.org/fishery/introsp/search/en
146042189,cbd_2014_pathway:release,pathway,en,http://www.cabi.org/isc | http://www.europe-aliens.org | http://www.eppo.int/INVASIVE_PLANTS/ias_lists.htm | https://secure.fera.defra.gov.uk/nonnativespecies/home/index.cfm | http://ias.biodiversity.be | http://alienplantsbelgium.be/sites/alienplantsbelgium.be/files/tabel_2.pdf | http://www.nobanis.org | http://www.nederlandsesoorten.nl | https://doi.org/10.1111/j.1523-1739.2009.01249.x | http://www.fao.org/fishery/introsp/search/en
146042190,Northern America (WGSRPD:7),native range,en,http://www.europe-aliens.org | http://www.issg.org/database | https://secure.fera.defra.gov.uk/nonnativespecies/home/index.cfm | http://www.nobanis.org | http://www.nederlandsesoorten.nl | https://doi.org/10.1111/j.1523-1739.2009.01249.x | http://www.unep-aewa.org/sites/default/files/document/tc8_25_review_non_native_species_0.pdf
146042190,Southern America (WGSRPD:8),native range,en,http://www.europe-aliens.org | http://www.issg.org/database | https://secure.fera.defra.gov.uk/nonnativespecies/home/index.cfm | http://www.nobanis.org | http://www.nederlandsesoorten.nl | https://doi.org/10.1111/j.1523-1739.2009.01249.x | http://www.unep-aewa.org/sites/default/files/document/tc8_25_review_non_native_species_0.pdf
146042190,cbd_2014_pathway:corridor,pathway,en,http://www.europe-aliens.org | http://www.issg.org/database | https://secure.fera.defra.gov.uk/nonnativespecies/home/index.cfm | http://www.nobanis.org | http://www.nederlandsesoorten.nl | https://doi.org/10.1111/j.1523-1739.2009.01249.x | http://www.unep-aewa.org/sites/default/files/document/tc8_25_review_non_native_species_0.pdf
146042190,cbd_2014_pathway:escape,pathway,en,http://www.europe-aliens.org | http://www.issg.org/database | https://secure.fera.defra.gov.uk/nonnativespecies/home/index.cfm | http://www.nobanis.org | http://www.nederlandsesoorten.nl | https://doi.org/10.1111/j.1523-1739.2009.01249.x | http://www.unep-aewa.org/sites/default/files/document/tc8_25_review_non_native_species_0.pdf
146042190,cbd_2014_pathway:natural_dispersal,pathway,en,http://www.europe-aliens.org | http://www.issg.org/database | https://secure.fera.defra.gov.uk/nonnativespecies/home/index.cfm | http://www.nobanis.org | http://www.nederlandsesoorten.nl | https://doi.org/10.1111/j.1523-1739.2009.01249.x | http://www.unep-aewa.org/sites/default/files/document/tc8_25_review_non_native_species_0.pdf
146042190,cbd_2014_pathway:release,pathway,en,http://www.europe-aliens.org | http://www.issg.org/database | https://secure.fera.defra.gov.uk/nonnativespecies/home/index.cfm | http://www.nobanis.org | http://www.nederlandsesoorten.nl | https://doi.org/10.1111/j.1523-1739.2009.01249.x | http://www.unep-aewa.org/sites/default/files/document/tc8_25_review_non_native_species_0.pdf
146042191,Asia,native range,en,http://www.cabi.org/isc | http://www.europe-aliens.org | http://www.eppo.int/INVASIVE_PLANTS/ias_lists.htm | https://secure.fera.defra.gov.uk/nonnativespecies/home/index.cfm | http://ias.biodiversity.be | http://alienplantsbelgium.be/sites/alienplantsbelgium.be/files/tabel_2.pdf | http://www.nobanis.org | http://www.nederlandsesoorten.nl
146042191,cbd_2014_pathway:corridor,pathway,en,http://www.cabi.org/isc | http://www.europe-aliens.org | http://www.eppo.int/INVASIVE_PLANTS/ias_lists.htm | https://secure.fera.defra.gov.uk/nonnativespecies/home/index.cfm | http://ias.biodiversity.be | http://alienplantsbelgium.be/sites/alienplantsbelgium.be/files/tabel_2.pdf | http://www.nobanis.org | http://www.nederlandsesoorten.nl
146042191,cbd_2014_pathway:natural_dispersal,pathway,en,http://www.cabi.org/isc | http://www.europe-aliens.org | http://www.eppo.int/INVASIVE_PLANTS/ias_lists.htm | https://secure.fera.defra.gov.uk/nonnativespecies/home/index.cfm | http://ias.biodiversity.be | http://alienplantsbelgium.be/sites/alienplantsbelgium.be/files/tabel_2.pdf | http://www.nobanis.org | http://www.nederlandsesoorten.nl
146042191,cbd_2014_pathway:release,pathway,en,http://www.cabi.org/isc | http://www.europe-aliens.org | http://www.eppo.int/INVASIVE_PLANTS/ias_lists.htm | https://secure.fera.defra.gov.uk/nonnativespecies/home/index.cfm | http://ias.biodiversity.be | http://alienplantsbelgium.be/sites/alienplantsbelgium.be/files/tabel_2.pdf | http://www.nobanis.org | http://www.nederlandsesoorten.nl
146042192,Asia,native range,en,http://www.nederlandsesoorten.nl | http://www.unep-aewa.org/sites/default/files/document/tc8_25_review_non_native_species_0.pdf
146042192,Europe (WGSRPD:1),native range,en,http://www.nederlandsesoorten.nl | http://www.unep-aewa.org/sites/default/files/document/tc8_25_review_non_native_species_0.pdf
146042192,Northern America (WGSRPD:7),native range,en,http://www.nederlandsesoorten.nl | http://www.unep-aewa.org/sites/default/files/document/tc8_25_review_non_native_species_0.pdf
146042192,cbd_2014_pathway:release,pathway,en,http://www.nederlandsesoorten.nl | http://www.unep-aewa.org/sites/default/files/document/tc8_25_review_non_native_species_0.pdf
146042193,Asia,native range,en,http://www.cabi.org/isc | http://www.europe-aliens.org | http://www.eppo.int/INVASIVE_PLANTS/ias_lists.htm | http://www.issg.org/database | https://secure.fera.defra.gov.uk/nonnativespecies/home/index.cfm | http://ias.biodiversity.be | http://alienplantsbelgium.be/sites/alienplantsbelgium.be/files/tabel_2.pdf | http://www.nobanis.org | http://www.q-bank.eu/Plants
146042193,Australia (WGSRPD:50),native range,en,http://www.cabi.org/isc | http://www.europe-aliens.org | http://www.eppo.int/INVASIVE_PLANTS/ias_lists.htm | http://www.issg.org/database | https://secure.fera.defra.gov.uk/nonnativespecies/home/index.cfm | http://ias.biodiversity.be | http://alienplantsbelgium.be/sites/alienplantsbelgium.be/files/tabel_2.pdf | http://www.nobanis.org | http://www.q-bank.eu/Plants
146042193,cbd_2014_pathway:corridor,pathway,en,http://www.cabi.org/isc | http://www.europe-aliens.org | http://www.eppo.int/INVASIVE_PLANTS/ias_lists.htm | http://www.issg.org/database | https://secure.fera.defra.gov.uk/nonnativespecies/home/index.cfm | http://ias.biodiversity.be | http://alienplantsbelgium.be/sites/alienplantsbelgium.be/files/tabel_2.pdf | http://www.nobanis.org | http://www.q-bank.eu/Plants
146042193,cbd_2014_pathway:natural_dispersal,pathway,en,http://www.cabi.org/isc | http://www.europe-aliens.org | http://www.eppo.int/INVASIVE_PLANTS/ias_lists.htm | http://www.issg.org/database | https://secure.fera.defra.gov.uk/nonnativespecies/home/index.cfm | http://ias.biodiversity.be | http://alienplantsbelgium.be/sites/alienplantsbelgium.be/files/tabel_2.pdf | http://www.nobanis.org | http://www.q-bank.eu/Plants
146042193,cbd_2014_pathway:release,pathway,en,http://www.cabi.org/isc | http://www.europe-aliens.org | http://www.eppo.int/INVASIVE_PLANTS/ias_lists.htm | http://www.issg.org/database | https://secure.fera.defra.gov.uk/nonnativespecies/home/index.cfm | http://ias.biodiversity.be | http://alienplantsbelgium.be/sites/alienplantsbelgium.be/files/tabel_2.pdf | http://www.nobanis.org | http://www.q-bank.eu/Plants
146042194,Asia,native range,en,http://www.europe-aliens.org | https://secure.fera.defra.gov.uk/nonnativespecies/home/index.cfm | http://ias.biodiversity.be | http://www.nobanis.org | https://doi.org/10.1111/j.1523-1739.2009.01249.x | http://www.unep-aewa.org/sites/default/files/document/tc8_25_review_non_native_species_0.pdf
146042194,cbd_2014_pathway:escape,pathway,en,http://www.europe-aliens.org | https://secure.fera.defra.gov.uk/nonnativespecies/home/index.cfm | http://ias.biodiversity.be | http://www.nobanis.org | https://doi.org/10.1111/j.1523-1739.2009.01249.x | http://www.unep-aewa.org/sites/default/files/document/tc8_25_review_non_native_species_0.pdf
146042194,cbd_2014_pathway:release,pathway,en,http://www.europe-aliens.org | https://secure.fera.defra.gov.uk/nonnativespecies/home/index.cfm | http://ias.biodiversity.be | http://www.nobanis.org | https://doi.org/10.1111/j.1523-1739.2009.01249.x | http://www.unep-aewa.org/sites/default/files/document/tc8_25_review_non_native_species_0.pdf
146042195,Asia,native range,en,http://www.cabi.org/isc | http://www.europe-aliens.org | http://www.eppo.int/INVASIVE_PLANTS/ias_lists.htm | http://www.issg.org/database | https://secure.fera.defra.gov.uk/nonnativespecies/home/index.cfm | http://ias.biodiversity.be | http://alienplantsbelgium.be/sites/alienplantsbelgium.be/files/tabel_2.pdf | http://www.nobanis.org | http://www.nederlandsesoorten.nl
146042195,cbd_2014_pathway:corridor,pathway,en,http://www.cabi.org/isc | http://www.europe-aliens.org | http://www.eppo.int/INVASIVE_PLANTS/ias_lists.htm | http://www.issg.org/database | https://secure.fera.defra.gov.uk/nonnativespecies/home/index.cfm | http://ias.biodiversity.be | http://alienplantsbelgium.be/sites/alienplantsbelgium.be/files/tabel_2.pdf | http://www.nobanis.org | http://www.nederlandsesoorten.nl
146042195,cbd_2014_pathway:natural_dispersal,pathway,en,http://www.cabi.org/isc | http://www.europe-aliens.org | http://www.eppo.int/INVASIVE_PLANTS/ias_lists.htm | http://www.issg.org/database | https://secure.fera.defra.gov.uk/nonnativespecies/home/index.cfm | http://ias.biodiversity.be | http://alienplantsbelgium.be/sites/alienplantsbelgium.be/files/tabel_2.pdf | http://www.nobanis.org | http://www.nederlandsesoorten.nl
146042195,cbd_2014_pathway:release,pathway,en,http://www.cabi.org/isc | http://www.europe-aliens.org | http://www.eppo.int/INVASIVE_PLANTS/ias_lists.htm | http://www.issg.org/database | https://secure.fera.defra.gov.uk/nonnativespecies/home/index.cfm | http://ias.biodiversity.be | http://alienplantsbelgium.be/sites/alienplantsbelgium.be/files/tabel_2.pdf | http://www.nobanis.org | http://www.nederlandsesoorten.nl
146042196,Asia,native range,en,https://secure.fera.defra.gov.uk/nonnativespecies/home/index.cfm
146042197,Asia,native range,en,http://www.europe-aliens.org | http://www.eppo.int/INVASIVE_PLANTS/ias_lists.htm | https://secure.fera.defra.gov.uk/nonnativespecies/home/index.cfm | http://ias.biodiversity.be | http://alienplantsbelgium.be/sites/alienplantsbelgium.be/files/tabel_2.pdf | http://www.nobanis.org | http://www.nederlandsesoorten.nl
146042197,cbd_2014_pathway:corridor,pathway,en,http://www.europe-aliens.org | http://www.eppo.int/INVASIVE_PLANTS/ias_lists.htm | https://secure.fera.defra.gov.uk/nonnativespecies/home/index.cfm | http://ias.biodiversity.be | http://alienplantsbelgium.be/sites/alienplantsbelgium.be/files/tabel_2.pdf | http://www.nobanis.org | http://www.nederlandsesoorten.nl
146042197,cbd_2014_pathway:natural_dispersal,pathway,en,http://www.europe-aliens.org | http://www.eppo.int/INVASIVE_PLANTS/ias_lists.htm | https://secure.fera.defra.gov.uk/nonnativespecies/home/index.cfm | http://ias.biodiversity.be | http://alienplantsbelgium.be/sites/alienplantsbelgium.be/files/tabel_2.pdf | http://www.nobanis.org | http://www.nederlandsesoorten.nl
146042197,cbd_2014_pathway:release,pathway,en,http://www.europe-aliens.org | http://www.eppo.int/INVASIVE_PLANTS/ias_lists.htm | https://secure.fera.defra.gov.uk/nonnativespecies/home/index.cfm | http://ias.biodiversity.be | http://alienplantsbelgium.be/sites/alienplantsbelgium.be/files/tabel_2.pdf | http://www.nobanis.org | http://www.nederlandsesoorten.nl
146042198,Asia,native range,en,https://secure.fera.defra.gov.uk/nonnativespecies/home/index.cfm
146042199,Northern America (WGSRPD:7),native range,en,http://www.cabi.org/isc | http://www.europe-aliens.org | http://alienplantsbelgium.be/sites/alienplantsbelgium.be/files/tabel_2.pdf
146042199,cbd_2014_pathway:contaminant,pathway,en,http://www.cabi.org/isc | http://www.europe-aliens.org | http://alienplantsbelgium.be/sites/alienplantsbelgium.be/files/tabel_2.pdf
146042199,cbd_2014_pathway:stowaway,pathway,en,http://www.cabi.org/isc | http://www.europe-aliens.org | http://alienplantsbelgium.be/sites/alienplantsbelgium.be/files/tabel_2.pdf
146042200,Northern America (WGSRPD:7),native range,en,http://www.cabi.org/isc | http://www.europe-aliens.org | https://secure.fera.defra.gov.uk/nonnativespecies/home/index.cfm | http://ias.biodiversity.be | http://alienplantsbelgium.be/sites/alienplantsbelgium.be/files/tabel_2.pdf
146042200,Southern America (WGSRPD:8),native range,en,http://www.cabi.org/isc | http://www.europe-aliens.org | https://secure.fera.defra.gov.uk/nonnativespecies/home/index.cfm | http://ias.biodiversity.be | http://alienplantsbelgium.be/sites/alienplantsbelgium.be/files/tabel_2.pdf
146042200,cbd_2014_pathway:release,pathway,en,http://www.cabi.org/isc | http://www.europe-aliens.org | https://secure.fera.defra.gov.uk/nonnativespecies/home/index.cfm | http://ias.biodiversity.be | http://alienplantsbelgium.be/sites/alienplantsbelgium.be/files/tabel_2.pdf
146042201,Northern America (WGSRPD:7),native range,en,http://www.europe-aliens.org | https://secure.fera.defra.gov.uk/nonnativespecies/home/index.cfm | http://www.unep-aewa.org/sites/default/files/document/tc8_25_review_non_native_species_0.pdf
146042201,cbd_2014_pathway:escape,pathway,en,http://www.europe-aliens.org | https://secure.fera.defra.gov.uk/nonnativespecies/home/index.cfm | http://www.unep-aewa.org/sites/default/files/document/tc8_25_review_non_native_species_0.pdf
146042202,Africa (WGSRPD:2),native range,en,https://secure.fera.defra.gov.uk/nonnativespecies/home/index.cfm | http://www.unep-aewa.org/sites/default/files/document/tc8_25_review_non_native_species_0.pdf
146042202,cbd_2014_pathway:escape,pathway,en,https://secure.fera.defra.gov.uk/nonnativespecies/home/index.cfm | http://www.unep-aewa.org/sites/default/files/document/tc8_25_review_non_native_species_0.pdf
146042203,Northern America (WGSRPD:7),native range,en,http://www.cabi.org/isc | http://www.europe-aliens.org | http://www.eppo.int/INVASIVE_PLANTS/ias_lists.htm | https://secure.fera.defra.gov.uk/nonnativespecies/home/index.cfm | http://ias.biodiversity.be | http://alienplantsbelgium.be/sites/alienplantsbelgium.be/files/tabel_2.pdf | http://www.nobanis.org | http://www.nederlandsesoorten.nl | https://doi.org/10.1111/j.1523-1739.2009.01249.x | http://www.fao.org/fishery/introsp/search/en
146042203,Southern America (WGSRPD:8),native range,en,http://www.cabi.org/isc | http://www.europe-aliens.org | http://www.eppo.int/INVASIVE_PLANTS/ias_lists.htm | https://secure.fera.defra.gov.uk/nonnativespecies/home/index.cfm | http://ias.biodiversity.be | http://alienplantsbelgium.be/sites/alienplantsbelgium.be/files/tabel_2.pdf | http://www.nobanis.org | http://www.nederlandsesoorten.nl | https://doi.org/10.1111/j.1523-1739.2009.01249.x | http://www.fao.org/fishery/introsp/search/en
146042203,cbd_2014_pathway:corridor,pathway,en,http://www.cabi.org/isc | http://www.europe-aliens.org | http://www.eppo.int/INVASIVE_PLANTS/ias_lists.htm | https://secure.fera.defra.gov.uk/nonnativespecies/home/index.cfm | http://ias.biodiversity.be | http://alienplantsbelgium.be/sites/alienplantsbelgium.be/files/tabel_2.pdf | http://www.nobanis.org | http://www.nederlandsesoorten.nl | https://doi.org/10.1111/j.1523-1739.2009.01249.x | http://www.fao.org/fishery/introsp/search/en
146042203,cbd_2014_pathway:escape,pathway,en,http://www.cabi.org/isc | http://www.europe-aliens.org | http://www.eppo.int/INVASIVE_PLANTS/ias_lists.htm | https://secure.fera.defra.gov.uk/nonnativespecies/home/index.cfm | http://ias.biodiversity.be | http://alienplantsbelgium.be/sites/alienplantsbelgium.be/files/tabel_2.pdf | http://www.nobanis.org | http://www.nederlandsesoorten.nl | https://doi.org/10.1111/j.1523-1739.2009.01249.x | http://www.fao.org/fishery/introsp/search/en
146042203,cbd_2014_pathway:natural_dispersal,pathway,en,http://www.cabi.org/isc | http://www.europe-aliens.org | http://www.eppo.int/INVASIVE_PLANTS/ias_lists.htm | https://secure.fera.defra.gov.uk/nonnativespecies/home/index.cfm | http://ias.biodiversity.be | http://alienplantsbelgium.be/sites/alienplantsbelgium.be/files/tabel_2.pdf | http://www.nobanis.org | http://www.nederlandsesoorten.nl | https://doi.org/10.1111/j.1523-1739.2009.01249.x | http://www.fao.org/fishery/introsp/search/en
146042203,cbd_2014_pathway:release,pathway,en,http://www.cabi.org/isc | http://www.europe-aliens.org | http://www.eppo.int/INVASIVE_PLANTS/ias_lists.htm | https://secure.fera.defra.gov.uk/nonnativespecies/home/index.cfm | http://ias.biodiversity.be | http://alienplantsbelgium.be/sites/alienplantsbelgium.be/files/tabel_2.pdf | http://www.nobanis.org | http://www.nederlandsesoorten.nl | https://doi.org/10.1111/j.1523-1739.2009.01249.x | http://www.fao.org/fishery/introsp/search/en
146042204,Asia,native range,en,http://www.europe-aliens.org | https://secure.fera.defra.gov.uk/nonnativespecies/home/index.cfm | http://www.unep-aewa.org/sites/default/files/document/tc8_25_review_non_native_species_0.pdf
146042204,Northern America (WGSRPD:7),native range,en,http://www.europe-aliens.org | https://secure.fera.defra.gov.uk/nonnativespecies/home/index.cfm | http://www.unep-aewa.org/sites/default/files/document/tc8_25_review_non_native_species_0.pdf
146042204,cbd_2014_pathway:escape,pathway,en,http://www.europe-aliens.org | https://secure.fera.defra.gov.uk/nonnativespecies/home/index.cfm | http://www.unep-aewa.org/sites/default/files/document/tc8_25_review_non_native_species_0.pdf
146042204,cbd_2014_pathway:release,pathway,en,http://www.europe-aliens.org | https://secure.fera.defra.gov.uk/nonnativespecies/home/index.cfm | http://www.unep-aewa.org/sites/default/files/document/tc8_25_review_non_native_species_0.pdf
146042205,Southern America (WGSRPD:8),native range,en,http://www.cabi.org/isc | http://www.europe-aliens.org | http://www.eppo.int/INVASIVE_PLANTS/ias_lists.htm | http://www.issg.org/database | https://secure.fera.defra.gov.uk/nonnativespecies/home/index.cfm | http://alienplantsbelgium.be/sites/alienplantsbelgium.be/files/tabel_2.pdf
146042205,cbd_2014_pathway:corridor,pathway,en,http://www.cabi.org/isc | http://www.europe-aliens.org | http://www.eppo.int/INVASIVE_PLANTS/ias_lists.htm | http://www.issg.org/database | https://secure.fera.defra.gov.uk/nonnativespecies/home/index.cfm | http://alienplantsbelgium.be/sites/alienplantsbelgium.be/files/tabel_2.pdf
146042205,cbd_2014_pathway:escape,pathway,en,http://www.cabi.org/isc | http://www.europe-aliens.org | http://www.eppo.int/INVASIVE_PLANTS/ias_lists.htm | http://www.issg.org/database | https://secure.fera.defra.gov.uk/nonnativespecies/home/index.cfm | http://alienplantsbelgium.be/sites/alienplantsbelgium.be/files/tabel_2.pdf
146042205,cbd_2014_pathway:natural_dispersal,pathway,en,http://www.cabi.org/isc | http://www.europe-aliens.org | http://www.eppo.int/INVASIVE_PLANTS/ias_lists.htm | http://www.issg.org/database | https://secure.fera.defra.gov.uk/nonnativespecies/home/index.cfm | http://alienplantsbelgium.be/sites/alienplantsbelgium.be/files/tabel_2.pdf
146042205,cbd_2014_pathway:release,pathway,en,http://www.cabi.org/isc | http://www.europe-aliens.org | http://www.eppo.int/INVASIVE_PLANTS/ias_lists.htm | http://www.issg.org/database | https://secure.fera.defra.gov.uk/nonnativespecies/home/index.cfm | http://alienplantsbelgium.be/sites/alienplantsbelgium.be/files/tabel_2.pdf
146042206,Northern America (WGSRPD:7),native range,en,http://www.europe-aliens.org | https://secure.fera.defra.gov.uk/nonnativespecies/home/index.cfm | http://www.nobanis.org | http://www.nederlandsesoorten.nl | https://doi.org/10.1111/j.1523-1739.2009.01249.x | http://www.unep-aewa.org/sites/default/files/document/tc8_25_review_non_native_species_0.pdf
146042206,Southern America (WGSRPD:8),native range,en,http://www.europe-aliens.org | https://secure.fera.defra.gov.uk/nonnativespecies/home/index.cfm | http://www.nobanis.org | http://www.nederlandsesoorten.nl | https://doi.org/10.1111/j.1523-1739.2009.01249.x | http://www.unep-aewa.org/sites/default/files/document/tc8_25_review_non_native_species_0.pdf
146042206,cbd_2014_pathway:escape,pathway,en,http://www.europe-aliens.org | https://secure.fera.defra.gov.uk/nonnativespecies/home/index.cfm | http://www.nobanis.org | http://www.nederlandsesoorten.nl | https://doi.org/10.1111/j.1523-1739.2009.01249.x | http://www.unep-aewa.org/sites/default/files/document/tc8_25_review_non_native_species_0.pdf
146042206,cbd_2014_pathway:release,pathway,en,http://www.europe-aliens.org | https://secure.fera.defra.gov.uk/nonnativespecies/home/index.cfm | http://www.nobanis.org | http://www.nederlandsesoorten.nl | https://doi.org/10.1111/j.1523-1739.2009.01249.x | http://www.unep-aewa.org/sites/default/files/document/tc8_25_review_non_native_species_0.pdf
146042207,Northern America (WGSRPD:7),native range,en,http://www.cabi.org/isc | http://www.europe-aliens.org | http://www.eppo.int/INVASIVE_PLANTS/ias_lists.htm | http://www.issg.org/database | https://secure.fera.defra.gov.uk/nonnativespecies/home/index.cfm | http://alienplantsbelgium.be/sites/alienplantsbelgium.be/files/tabel_2.pdf | http://www.nobanis.org | http://www.nederlandsesoorten.nl
146042207,cbd_2014_pathway:contaminant,pathway,en,http://www.cabi.org/isc | http://www.europe-aliens.org | http://www.eppo.int/INVASIVE_PLANTS/ias_lists.htm | http://www.issg.org/database | https://secure.fera.defra.gov.uk/nonnativespecies/home/index.cfm | http://alienplantsbelgium.be/sites/alienplantsbelgium.be/files/tabel_2.pdf | http://www.nobanis.org | http://www.nederlandsesoorten.nl
146042207,cbd_2014_pathway:corridor,pathway,en,http://www.cabi.org/isc | http://www.europe-aliens.org | http://www.eppo.int/INVASIVE_PLANTS/ias_lists.htm | http://www.issg.org/database | https://secure.fera.defra.gov.uk/nonnativespecies/home/index.cfm | http://alienplantsbelgium.be/sites/alienplantsbelgium.be/files/tabel_2.pdf | http://www.nobanis.org | http://www.nederlandsesoorten.nl
146042207,cbd_2014_pathway:natural_dispersal,pathway,en,http://www.cabi.org/isc | http://www.europe-aliens.org | http://www.eppo.int/INVASIVE_PLANTS/ias_lists.htm | http://www.issg.org/database | https://secure.fera.defra.gov.uk/nonnativespecies/home/index.cfm | http://alienplantsbelgium.be/sites/alienplantsbelgium.be/files/tabel_2.pdf | http://www.nobanis.org | http://www.nederlandsesoorten.nl
146042207,cbd_2014_pathway:release,pathway,en,http://www.cabi.org/isc | http://www.europe-aliens.org | http://www.eppo.int/INVASIVE_PLANTS/ias_lists.htm | http://www.issg.org/database | https://secure.fera.defra.gov.uk/nonnativespecies/home/index.cfm | http://alienplantsbelgium.be/sites/alienplantsbelgium.be/files/tabel_2.pdf | http://www.nobanis.org | http://www.nederlandsesoorten.nl
146042207,cbd_2014_pathway:stowaway,pathway,en,http://www.cabi.org/isc | http://www.europe-aliens.org | http://www.eppo.int/INVASIVE_PLANTS/ias_lists.htm | http://www.issg.org/database | https://secure.fera.defra.gov.uk/nonnativespecies/home/index.cfm | http://alienplantsbelgium.be/sites/alienplantsbelgium.be/files/tabel_2.pdf | http://www.nobanis.org | http://www.nederlandsesoorten.nl
146042208,Africa (WGSRPD:2),native range,en,https://secure.fera.defra.gov.uk/nonnativespecies/home/index.cfm | http://www.nobanis.org | http://www.nederlandsesoorten.nl | http://www.unep-aewa.org/sites/default/files/document/tc8_25_review_non_native_species_0.pdf
146042208,cbd_2014_pathway:escape,pathway,en,https://secure.fera.defra.gov.uk/nonnativespecies/home/index.cfm | http://www.nobanis.org | http://www.nederlandsesoorten.nl | http://www.unep-aewa.org/sites/default/files/document/tc8_25_review_non_native_species_0.pdf
146042208,cbd_2014_pathway:release,pathway,en,https://secure.fera.defra.gov.uk/nonnativespecies/home/index.cfm | http://www.nobanis.org | http://www.nederlandsesoorten.nl | http://www.unep-aewa.org/sites/default/files/document/tc8_25_review_non_native_species_0.pdf
146042209,Northern America (WGSRPD:7),native range,en,http://www.cabi.org/isc | http://www.europe-aliens.org
146042209,Southern America (WGSRPD:8),native range,en,http://www.cabi.org/isc | http://www.europe-aliens.org
146042210,Asia,native range,en,http://www.europe-aliens.org | https://secure.fera.defra.gov.uk/nonnativespecies/home/index.cfm | http://ias.biodiversity.be | http://www.nobanis.org | http://www.nederlandsesoorten.nl | https://doi.org/10.1111/j.1523-1739.2009.01249.x | http://www.unep-aewa.org/sites/default/files/document/tc8_25_review_non_native_species_0.pdf
146042210,cbd_2014_pathway:escape,pathway,en,http://www.europe-aliens.org | https://secure.fera.defra.gov.uk/nonnativespecies/home/index.cfm | http://ias.biodiversity.be | http://www.nobanis.org | http://www.nederlandsesoorten.nl | https://doi.org/10.1111/j.1523-1739.2009.01249.x | http://www.unep-aewa.org/sites/default/files/document/tc8_25_review_non_native_species_0.pdf
146042210,cbd_2014_pathway:release,pathway,en,http://www.europe-aliens.org | https://secure.fera.defra.gov.uk/nonnativespecies/home/index.cfm | http://ias.biodiversity.be | http://www.nobanis.org | http://www.nederlandsesoorten.nl | https://doi.org/10.1111/j.1523-1739.2009.01249.x | http://www.unep-aewa.org/sites/default/files/document/tc8_25_review_non_native_species_0.pdf
146042211,Northern America (WGSRPD:7),native range,en,http://www.cabi.org/isc | http://alienplantsbelgium.be/sites/alienplantsbelgium.be/files/tabel_2.pdf
146042211,Southern America (WGSRPD:8),native range,en,http://www.cabi.org/isc | http://alienplantsbelgium.be/sites/alienplantsbelgium.be/files/tabel_2.pdf
146042211,cbd_2014_pathway:contaminant,pathway,en,http://www.cabi.org/isc | http://alienplantsbelgium.be/sites/alienplantsbelgium.be/files/tabel_2.pdf
146042211,cbd_2014_pathway:stowaway,pathway,en,http://www.cabi.org/isc | http://alienplantsbelgium.be/sites/alienplantsbelgium.be/files/tabel_2.pdf
146042212,Africa (WGSRPD:2),native range,en,https://secure.fera.defra.gov.uk/nonnativespecies/home/index.cfm | http://www.unep-aewa.org/sites/default/files/document/tc8_25_review_non_native_species_0.pdf
146042212,Asia,native range,en,https://secure.fera.defra.gov.uk/nonnativespecies/home/index.cfm | http://www.unep-aewa.org/sites/default/files/document/tc8_25_review_non_native_species_0.pdf
146042212,Southern America (WGSRPD:8),native range,en,https://secure.fera.defra.gov.uk/nonnativespecies/home/index.cfm | http://www.unep-aewa.org/sites/default/files/document/tc8_25_review_non_native_species_0.pdf
146042212,cbd_2014_pathway:escape,pathway,en,https://secure.fera.defra.gov.uk/nonnativespecies/home/index.cfm | http://www.unep-aewa.org/sites/default/files/document/tc8_25_review_non_native_species_0.pdf
146042213,cbd_2014_pathway:corridor,pathway,en,http://www.cabi.org/isc | http://www.europe-aliens.org | http://www.eppo.int/INVASIVE_PLANTS/ias_lists.htm | https://secure.fera.defra.gov.uk/nonnativespecies/home/index.cfm | http://ias.biodiversity.be | http://alienplantsbelgium.be/sites/alienplantsbelgium.be/files/tabel_2.pdf | http://www.nobanis.org | http://www.nederlandsesoorten.nl
146042213,cbd_2014_pathway:natural_dispersal,pathway,en,http://www.cabi.org/isc | http://www.europe-aliens.org | http://www.eppo.int/INVASIVE_PLANTS/ias_lists.htm | https://secure.fera.defra.gov.uk/nonnativespecies/home/index.cfm | http://ias.biodiversity.be | http://alienplantsbelgium.be/sites/alienplantsbelgium.be/files/tabel_2.pdf | http://www.nobanis.org | http://www.nederlandsesoorten.nl
146042213,cbd_2014_pathway:release,pathway,en,http://www.cabi.org/isc | http://www.europe-aliens.org | http://www.eppo.int/INVASIVE_PLANTS/ias_lists.htm | https://secure.fera.defra.gov.uk/nonnativespecies/home/index.cfm | http://ias.biodiversity.be | http://alienplantsbelgium.be/sites/alienplantsbelgium.be/files/tabel_2.pdf | http://www.nobanis.org | http://www.nederlandsesoorten.nl
146042214,Southern America (WGSRPD:8),native range,en,https://secure.fera.defra.gov.uk/nonnativespecies/home/index.cfm | http://www.unep-aewa.org/sites/default/files/document/tc8_25_review_non_native_species_0.pdf
146042214,cbd_2014_pathway:escape,pathway,en,https://secure.fera.defra.gov.uk/nonnativespecies/home/index.cfm | http://www.unep-aewa.org/sites/default/files/document/tc8_25_review_non_native_species_0.pdf
146042215,Northern America (WGSRPD:7),native range,en,http://www.cabi.org/isc | http://www.europe-aliens.org | http://www.eppo.int/INVASIVE_PLANTS/ias_lists.htm | https://secure.fera.defra.gov.uk/nonnativespecies/home/index.cfm | http://alienplantsbelgium.be/sites/alienplantsbelgium.be/files/tabel_2.pdf | http://www.nobanis.org | http://www.nederlandsesoorten.nl | https://doi.org/10.1111/j.1523-1739.2009.01249.x
146042215,Southern America (WGSRPD:8),native range,en,http://www.cabi.org/isc | http://www.europe-aliens.org | http://www.eppo.int/INVASIVE_PLANTS/ias_lists.htm | https://secure.fera.defra.gov.uk/nonnativespecies/home/index.cfm | http://alienplantsbelgium.be/sites/alienplantsbelgium.be/files/tabel_2.pdf | http://www.nobanis.org | http://www.nederlandsesoorten.nl | https://doi.org/10.1111/j.1523-1739.2009.01249.x
146042215,cbd_2014_pathway:escape,pathway,en,http://www.cabi.org/isc | http://www.europe-aliens.org | http://www.eppo.int/INVASIVE_PLANTS/ias_lists.htm | https://secure.fera.defra.gov.uk/nonnativespecies/home/index.cfm | http://alienplantsbelgium.be/sites/alienplantsbelgium.be/files/tabel_2.pdf | http://www.nobanis.org | http://www.nederlandsesoorten.nl | https://doi.org/10.1111/j.1523-1739.2009.01249.x
146042215,cbd_2014_pathway:release,pathway,en,http://www.cabi.org/isc | http://www.europe-aliens.org | http://www.eppo.int/INVASIVE_PLANTS/ias_lists.htm | https://secure.fera.defra.gov.uk/nonnativespecies/home/index.cfm | http://alienplantsbelgium.be/sites/alienplantsbelgium.be/files/tabel_2.pdf | http://www.nobanis.org | http://www.nederlandsesoorten.nl | https://doi.org/10.1111/j.1523-1739.2009.01249.x
146042216,Australia (WGSRPD:50),native range,en,https://secure.fera.defra.gov.uk/nonnativespecies/home/index.cfm | http://www.unep-aewa.org/sites/default/files/document/tc8_25_review_non_native_species_0.pdf
146042216,cbd_2014_pathway:escape,pathway,en,https://secure.fera.defra.gov.uk/nonnativespecies/home/index.cfm | http://www.unep-aewa.org/sites/default/files/document/tc8_25_review_non_native_species_0.pdf
146042217,Africa (WGSRPD:2),native range,en,http://www.cabi.org/isc | http://www.europe-aliens.org | http://www.eppo.int/INVASIVE_PLANTS/ias_lists.htm | http://www.issg.org/database | https://secure.fera.defra.gov.uk/nonnativespecies/home/index.cfm
146042217,cbd_2014_pathway:corridor,pathway,en,http://www.cabi.org/isc | http://www.europe-aliens.org | http://www.eppo.int/INVASIVE_PLANTS/ias_lists.htm | http://www.issg.org/database | https://secure.fera.defra.gov.uk/nonnativespecies/home/index.cfm
146042217,cbd_2014_pathway:natural_dispersal,pathway,en,http://www.cabi.org/isc | http://www.europe-aliens.org | http://www.eppo.int/INVASIVE_PLANTS/ias_lists.htm | http://www.issg.org/database | https://secure.fera.defra.gov.uk/nonnativespecies/home/index.cfm
146042217,cbd_2014_pathway:release,pathway,en,http://www.cabi.org/isc | http://www.europe-aliens.org | http://www.eppo.int/INVASIVE_PLANTS/ias_lists.htm | http://www.issg.org/database | https://secure.fera.defra.gov.uk/nonnativespecies/home/index.cfm
146042218,Asia,native range,en,http://www.europe-aliens.org | https://secure.fera.defra.gov.uk/nonnativespecies/home/index.cfm | http://www.unep-aewa.org/sites/default/files/document/tc8_25_review_non_native_species_0.pdf
146042218,Europe (WGSRPD:1),native range,en,http://www.europe-aliens.org | https://secure.fera.defra.gov.uk/nonnativespecies/home/index.cfm | http://www.unep-aewa.org/sites/default/files/document/tc8_25_review_non_native_species_0.pdf
146042218,Northern America (WGSRPD:7),native range,en,http://www.europe-aliens.org | https://secure.fera.defra.gov.uk/nonnativespecies/home/index.cfm | http://www.unep-aewa.org/sites/default/files/document/tc8_25_review_non_native_species_0.pdf
146042218,cbd_2014_pathway:release,pathway,en,http://www.europe-aliens.org | https://secure.fera.defra.gov.uk/nonnativespecies/home/index.cfm | http://www.unep-aewa.org/sites/default/files/document/tc8_25_review_non_native_species_0.pdf
146042219,Northern America (WGSRPD:7),native range,en,http://www.cabi.org/isc | http://www.europe-aliens.org | http://www.eppo.int/INVASIVE_PLANTS/ias_lists.htm | https://secure.fera.defra.gov.uk/nonnativespecies/home/index.cfm | http://ias.biodiversity.be | http://alienplantsbelgium.be/sites/alienplantsbelgium.be/files/tabel_2.pdf | http://www.nobanis.org | http://www.nederlandsesoorten.nl
146042219,cbd_2014_pathway:corridor,pathway,en,http://www.cabi.org/isc | http://www.europe-aliens.org | http://www.eppo.int/INVASIVE_PLANTS/ias_lists.htm | https://secure.fera.defra.gov.uk/nonnativespecies/home/index.cfm | http://ias.biodiversity.be | http://alienplantsbelgium.be/sites/alienplantsbelgium.be/files/tabel_2.pdf | http://www.nobanis.org | http://www.nederlandsesoorten.nl
146042219,cbd_2014_pathway:natural_dispersal,pathway,en,http://www.cabi.org/isc | http://www.europe-aliens.org | http://www.eppo.int/INVASIVE_PLANTS/ias_lists.htm | https://secure.fera.defra.gov.uk/nonnativespecies/home/index.cfm | http://ias.biodiversity.be | http://alienplantsbelgium.be/sites/alienplantsbelgium.be/files/tabel_2.pdf | http://www.nobanis.org | http://www.nederlandsesoorten.nl
146042219,cbd_2014_pathway:release,pathway,en,http://www.cabi.org/isc | http://www.europe-aliens.org | http://www.eppo.int/INVASIVE_PLANTS/ias_lists.htm | https://secure.fera.defra.gov.uk/nonnativespecies/home/index.cfm | http://ias.biodiversity.be | http://alienplantsbelgium.be/sites/alienplantsbelgium.be/files/tabel_2.pdf | http://www.nobanis.org | http://www.nederlandsesoorten.nl
146042220,Africa (WGSRPD:2),native range,en,https://secure.fera.defra.gov.uk/nonnativespecies/home/index.cfm | http://www.unep-aewa.org/sites/default/files/document/tc8_25_review_non_native_species_0.pdf
146042221,Southern America (WGSRPD:8),native range,en,http://www.cabi.org/isc | http://www.europe-aliens.org | http://www.eppo.int/INVASIVE_PLANTS/ias_lists.htm | http://www.issg.org/database | https://secure.fera.defra.gov.uk/nonnativespecies/home/index.cfm | http://ias.biodiversity.be | http://alienplantsbelgium.be/sites/alienplantsbelgium.be/files/tabel_2.pdf | http://www.nobanis.org | http://www.nederlandsesoorten.nl | https://doi.org/10.1111/j.1523-1739.2009.01249.x | https://www.daf.qld.gov.au/__data/assets/pdf_file/0004/67819/IPA-Dense-Waterweed-Risk-Assessment.pdf
146042221,cbd_2014_pathway:escape,pathway,en,http://www.cabi.org/isc | http://www.europe-aliens.org | http://www.eppo.int/INVASIVE_PLANTS/ias_lists.htm | http://www.issg.org/database | https://secure.fera.defra.gov.uk/nonnativespecies/home/index.cfm | http://ias.biodiversity.be | http://alienplantsbelgium.be/sites/alienplantsbelgium.be/files/tabel_2.pdf | http://www.nobanis.org | http://www.nederlandsesoorten.nl | https://doi.org/10.1111/j.1523-1739.2009.01249.x | https://www.daf.qld.gov.au/__data/assets/pdf_file/0004/67819/IPA-Dense-Waterweed-Risk-Assessment.pdf
146042221,cbd_2014_pathway:release,pathway,en,http://www.cabi.org/isc | http://www.europe-aliens.org | http://www.eppo.int/INVASIVE_PLANTS/ias_lists.htm | http://www.issg.org/database | https://secure.fera.defra.gov.uk/nonnativespecies/home/index.cfm | http://ias.biodiversity.be | http://alienplantsbelgium.be/sites/alienplantsbelgium.be/files/tabel_2.pdf | http://www.nobanis.org | http://www.nederlandsesoorten.nl | https://doi.org/10.1111/j.1523-1739.2009.01249.x | https://www.daf.qld.gov.au/__data/assets/pdf_file/0004/67819/IPA-Dense-Waterweed-Risk-Assessment.pdf
146042222,Southern America (WGSRPD:8),native range,en,http://www.europe-aliens.org | https://secure.fera.defra.gov.uk/nonnativespecies/home/index.cfm | http://www.unep-aewa.org/sites/default/files/document/tc8_25_review_non_native_species_0.pdf
146042222,cbd_2014_pathway:escape,pathway,en,http://www.europe-aliens.org | https://secure.fera.defra.gov.uk/nonnativespecies/home/index.cfm | http://www.unep-aewa.org/sites/default/files/document/tc8_25_review_non_native_species_0.pdf
146042223,Northern America (WGSRPD:7),native range,en,http://www.cabi.org/isc | http://www.europe-aliens.org | https://secure.fera.defra.gov.uk/nonnativespecies/home/index.cfm | http://ias.biodiversity.be | http://www.nederlandsesoorten.nl
146042223,cbd_2014_pathway:escape,pathway,en,http://www.cabi.org/isc | http://www.europe-aliens.org | https://secure.fera.defra.gov.uk/nonnativespecies/home/index.cfm | http://ias.biodiversity.be | http://www.nederlandsesoorten.nl
146042223,cbd_2014_pathway:release,pathway,en,http://www.cabi.org/isc | http://www.europe-aliens.org | https://secure.fera.defra.gov.uk/nonnativespecies/home/index.cfm | http://ias.biodiversity.be | http://www.nederlandsesoorten.nl
146042224,Africa (WGSRPD:2),native range,en,https://secure.fera.defra.gov.uk/nonnativespecies/home/index.cfm | http://www.nederlandsesoorten.nl | http://www.unep-aewa.org/sites/default/files/document/tc8_25_review_non_native_species_0.pdf
146042224,Asia,native range,en,https://secure.fera.defra.gov.uk/nonnativespecies/home/index.cfm | http://www.nederlandsesoorten.nl | http://www.unep-aewa.org/sites/default/files/document/tc8_25_review_non_native_species_0.pdf
146042224,Australia (WGSRPD:50),native range,en,https://secure.fera.defra.gov.uk/nonnativespecies/home/index.cfm | http://www.nederlandsesoorten.nl | http://www.unep-aewa.org/sites/default/files/document/tc8_25_review_non_native_species_0.pdf
146042224,Europe (WGSRPD:1),native range,en,https://secure.fera.defra.gov.uk/nonnativespecies/home/index.cfm | http://www.nederlandsesoorten.nl | http://www.unep-aewa.org/sites/default/files/document/tc8_25_review_non_native_species_0.pdf
146042224,cbd_2014_pathway:escape,pathway,en,https://secure.fera.defra.gov.uk/nonnativespecies/home/index.cfm | http://www.nederlandsesoorten.nl | http://www.unep-aewa.org/sites/default/files/document/tc8_25_review_non_native_species_0.pdf
146042225,Asia,native range,en,http://www.cabi.org/isc | http://www.europe-aliens.org | http://www.eppo.int/INVASIVE_PLANTS/ias_lists.htm | http://www.issg.org/database | https://secure.fera.defra.gov.uk/nonnativespecies/home/index.cfm | http://ias.biodiversity.be | http://alienplantsbelgium.be/sites/alienplantsbelgium.be/files/tabel_2.pdf | http://www.nobanis.org | http://www.nederlandsesoorten.nl
146042225,cbd_2014_pathway:corridor,pathway,en,http://www.cabi.org/isc | http://www.europe-aliens.org | http://www.eppo.int/INVASIVE_PLANTS/ias_lists.htm | http://www.issg.org/database | https://secure.fera.defra.gov.uk/nonnativespecies/home/index.cfm | http://ias.biodiversity.be | http://alienplantsbelgium.be/sites/alienplantsbelgium.be/files/tabel_2.pdf | http://www.nobanis.org | http://www.nederlandsesoorten.nl
146042225,cbd_2014_pathway:escape,pathway,en,http://www.cabi.org/isc | http://www.europe-aliens.org | http://www.eppo.int/INVASIVE_PLANTS/ias_lists.htm | http://www.issg.org/database | https://secure.fera.defra.gov.uk/nonnativespecies/home/index.cfm | http://ias.biodiversity.be | http://alienplantsbelgium.be/sites/alienplantsbelgium.be/files/tabel_2.pdf | http://www.nobanis.org | http://www.nederlandsesoorten.nl
146042225,cbd_2014_pathway:natural_dispersal,pathway,en,http://www.cabi.org/isc | http://www.europe-aliens.org | http://www.eppo.int/INVASIVE_PLANTS/ias_lists.htm | http://www.issg.org/database | https://secure.fera.defra.gov.uk/nonnativespecies/home/index.cfm | http://ias.biodiversity.be | http://alienplantsbelgium.be/sites/alienplantsbelgium.be/files/tabel_2.pdf | http://www.nobanis.org | http://www.nederlandsesoorten.nl
146042225,cbd_2014_pathway:release,pathway,en,http://www.cabi.org/isc | http://www.europe-aliens.org | http://www.eppo.int/INVASIVE_PLANTS/ias_lists.htm | http://www.issg.org/database | https://secure.fera.defra.gov.uk/nonnativespecies/home/index.cfm | http://ias.biodiversity.be | http://alienplantsbelgium.be/sites/alienplantsbelgium.be/files/tabel_2.pdf | http://www.nobanis.org | http://www.nederlandsesoorten.nl
146042226,Australia (WGSRPD:50),native range,en,https://secure.fera.defra.gov.uk/nonnativespecies/home/index.cfm | http://www.unep-aewa.org/sites/default/files/document/tc8_25_review_non_native_species_0.pdf
146042226,cbd_2014_pathway:escape,pathway,en,https://secure.fera.defra.gov.uk/nonnativespecies/home/index.cfm | http://www.unep-aewa.org/sites/default/files/document/tc8_25_review_non_native_species_0.pdf
146042227,Asia,native range,en,http://www.cabi.org/isc | http://www.europe-aliens.org | https://secure.fera.defra.gov.uk/nonnativespecies/home/index.cfm | http://ias.biodiversity.be | http://alienplantsbelgium.be/sites/alienplantsbelgium.be/files/tabel_2.pdf
146042227,Northern America (WGSRPD:7),native range,en,http://www.cabi.org/isc | http://www.europe-aliens.org | https://secure.fera.defra.gov.uk/nonnativespecies/home/index.cfm | http://ias.biodiversity.be | http://alienplantsbelgium.be/sites/alienplantsbelgium.be/files/tabel_2.pdf
146042227,Southern America (WGSRPD:8),native range,en,http://www.cabi.org/isc | http://www.europe-aliens.org | https://secure.fera.defra.gov.uk/nonnativespecies/home/index.cfm | http://ias.biodiversity.be | http://alienplantsbelgium.be/sites/alienplantsbelgium.be/files/tabel_2.pdf
146042227,cbd_2014_pathway:contaminant,pathway,en,http://www.cabi.org/isc | http://www.europe-aliens.org | https://secure.fera.defra.gov.uk/nonnativespecies/home/index.cfm | http://ias.biodiversity.be | http://alienplantsbelgium.be/sites/alienplantsbelgium.be/files/tabel_2.pdf
146042227,cbd_2014_pathway:corridor,pathway,en,http://www.cabi.org/isc | http://www.europe-aliens.org | https://secure.fera.defra.gov.uk/nonnativespecies/home/index.cfm | http://ias.biodiversity.be | http://alienplantsbelgium.be/sites/alienplantsbelgium.be/files/tabel_2.pdf
146042227,cbd_2014_pathway:natural_dispersal,pathway,en,http://www.cabi.org/isc | http://www.europe-aliens.org | https://secure.fera.defra.gov.uk/nonnativespecies/home/index.cfm | http://ias.biodiversity.be | http://alienplantsbelgium.be/sites/alienplantsbelgium.be/files/tabel_2.pdf
146042227,cbd_2014_pathway:stowaway,pathway,en,http://www.cabi.org/isc | http://www.europe-aliens.org | https://secure.fera.defra.gov.uk/nonnativespecies/home/index.cfm | http://ias.biodiversity.be | http://alienplantsbelgium.be/sites/alienplantsbelgium.be/files/tabel_2.pdf
146042228,Northern America (WGSRPD:7),native range,en,https://secure.fera.defra.gov.uk/nonnativespecies/home/index.cfm | http://www.nobanis.org | http://www.nederlandsesoorten.nl
146042228,Southern America (WGSRPD:8),native range,en,https://secure.fera.defra.gov.uk/nonnativespecies/home/index.cfm | http://www.nobanis.org | http://www.nederlandsesoorten.nl
146042229,Northern America (WGSRPD:7),native range,en,http://www.cabi.org/isc | http://www.europe-aliens.org | https://secure.fera.defra.gov.uk/nonnativespecies/home/index.cfm | http://alienplantsbelgium.be/sites/alienplantsbelgium.be/files/tabel_2.pdf
146042229,cbd_2014_pathway:contaminant,pathway,en,http://www.cabi.org/isc | http://www.europe-aliens.org | https://secure.fera.defra.gov.uk/nonnativespecies/home/index.cfm | http://alienplantsbelgium.be/sites/alienplantsbelgium.be/files/tabel_2.pdf
146042229,cbd_2014_pathway:stowaway,pathway,en,http://www.cabi.org/isc | http://www.europe-aliens.org | https://secure.fera.defra.gov.uk/nonnativespecies/home/index.cfm | http://alienplantsbelgium.be/sites/alienplantsbelgium.be/files/tabel_2.pdf
146042230,Northern America (WGSRPD:7),native range,en,https://secure.fera.defra.gov.uk/nonnativespecies/home/index.cfm | http://www.unep-aewa.org/sites/default/files/document/tc8_25_review_non_native_species_0.pdf
146042230,cbd_2014_pathway:escape,pathway,en,https://secure.fera.defra.gov.uk/nonnativespecies/home/index.cfm | http://www.unep-aewa.org/sites/default/files/document/tc8_25_review_non_native_species_0.pdf
146042231,Northern America (WGSRPD:7),native range,en,http://www.cabi.org/isc | http://www.europe-aliens.org | http://alienplantsbelgium.be/sites/alienplantsbelgium.be/files/tabel_2.pdf
146042231,cbd_2014_pathway:contaminant,pathway,en,http://www.cabi.org/isc | http://www.europe-aliens.org | http://alienplantsbelgium.be/sites/alienplantsbelgium.be/files/tabel_2.pdf
146042231,cbd_2014_pathway:stowaway,pathway,en,http://www.cabi.org/isc | http://www.europe-aliens.org | http://alienplantsbelgium.be/sites/alienplantsbelgium.be/files/tabel_2.pdf
146042232,Asia,native range,en,http://www.europe-aliens.org | https://secure.fera.defra.gov.uk/nonnativespecies/home/index.cfm | http://www.unep-aewa.org/sites/default/files/document/tc8_25_review_non_native_species_0.pdf
146042232,Europe (WGSRPD:1),native range,en,http://www.europe-aliens.org | https://secure.fera.defra.gov.uk/nonnativespecies/home/index.cfm | http://www.unep-aewa.org/sites/default/files/document/tc8_25_review_non_native_species_0.pdf
146042232,cbd_2014_pathway:escape,pathway,en,http://www.europe-aliens.org | https://secure.fera.defra.gov.uk/nonnativespecies/home/index.cfm | http://www.unep-aewa.org/sites/default/files/document/tc8_25_review_non_native_species_0.pdf
146042232,cbd_2014_pathway:release,pathway,en,http://www.europe-aliens.org | https://secure.fera.defra.gov.uk/nonnativespecies/home/index.cfm | http://www.unep-aewa.org/sites/default/files/document/tc8_25_review_non_native_species_0.pdf
146042233,Northern America (WGSRPD:7),native range,en,http://www.cabi.org/isc | http://www.europe-aliens.org | http://www.eppo.int/INVASIVE_PLANTS/ias_lists.htm | https://secure.fera.defra.gov.uk/nonnativespecies/home/index.cfm | http://ias.biodiversity.be | http://alienplantsbelgium.be/sites/alienplantsbelgium.be/files/tabel_2.pdf | http://www.nobanis.org | http://www.nederlandsesoorten.nl | https://doi.org/10.1111/j.1523-1739.2009.01249.x
146042233,cbd_2014_pathway:release,pathway,en,http://www.cabi.org/isc | http://www.europe-aliens.org | http://www.eppo.int/INVASIVE_PLANTS/ias_lists.htm | https://secure.fera.defra.gov.uk/nonnativespecies/home/index.cfm | http://ias.biodiversity.be | http://alienplantsbelgium.be/sites/alienplantsbelgium.be/files/tabel_2.pdf | http://www.nobanis.org | http://www.nederlandsesoorten.nl | https://doi.org/10.1111/j.1523-1739.2009.01249.x
146042234,Northern America (WGSRPD:7),native range,en,http://www.europe-aliens.org | http://www.unep-aewa.org/sites/default/files/document/tc8_25_review_non_native_species_0.pdf | http://en.wikipedia.org/wiki/Main_Page
146042234,Southern America (WGSRPD:8),native range,en,http://www.europe-aliens.org | http://www.unep-aewa.org/sites/default/files/document/tc8_25_review_non_native_species_0.pdf | http://en.wikipedia.org/wiki/Main_Page
146042234,cbd_2014_pathway:escape,pathway,en,http://www.europe-aliens.org | http://www.unep-aewa.org/sites/default/files/document/tc8_25_review_non_native_species_0.pdf | http://en.wikipedia.org/wiki/Main_Page
146042235,Northern America (WGSRPD:7),native range,en,http://www.cabi.org/isc | http://www.europe-aliens.org | https://secure.fera.defra.gov.uk/nonnativespecies/home/index.cfm | http://ias.biodiversity.be | http://alienplantsbelgium.be/sites/alienplantsbelgium.be/files/tabel_2.pdf | http://www.nobanis.org | https://doi.org/10.1111/j.1523-1739.2009.01249.x | http://www.fao.org/fishery/introsp/search/en
146042235,cbd_2014_pathway:corridor,pathway,en,http://www.cabi.org/isc | http://www.europe-aliens.org | https://secure.fera.defra.gov.uk/nonnativespecies/home/index.cfm | http://ias.biodiversity.be | http://alienplantsbelgium.be/sites/alienplantsbelgium.be/files/tabel_2.pdf | http://www.nobanis.org | https://doi.org/10.1111/j.1523-1739.2009.01249.x | http://www.fao.org/fishery/introsp/search/en
146042235,cbd_2014_pathway:natural_dispersal,pathway,en,http://www.cabi.org/isc | http://www.europe-aliens.org | https://secure.fera.defra.gov.uk/nonnativespecies/home/index.cfm | http://ias.biodiversity.be | http://alienplantsbelgium.be/sites/alienplantsbelgium.be/files/tabel_2.pdf | http://www.nobanis.org | https://doi.org/10.1111/j.1523-1739.2009.01249.x | http://www.fao.org/fishery/introsp/search/en
146042235,cbd_2014_pathway:release,pathway,en,http://www.cabi.org/isc | http://www.europe-aliens.org | https://secure.fera.defra.gov.uk/nonnativespecies/home/index.cfm | http://ias.biodiversity.be | http://alienplantsbelgium.be/sites/alienplantsbelgium.be/files/tabel_2.pdf | http://www.nobanis.org | https://doi.org/10.1111/j.1523-1739.2009.01249.x | http://www.fao.org/fishery/introsp/search/en
146042236,Southern America (WGSRPD:8),native range,en,https://secure.fera.defra.gov.uk/nonnativespecies/home/index.cfm | http://www.unep-aewa.org/sites/default/files/document/tc8_25_review_non_native_species_0.pdf
146042236,cbd_2014_pathway:escape,pathway,en,https://secure.fera.defra.gov.uk/nonnativespecies/home/index.cfm | http://www.unep-aewa.org/sites/default/files/document/tc8_25_review_non_native_species_0.pdf
146042237,Europe (WGSRPD:1),native range,en,http://www.cabi.org/isc | http://www.europe-aliens.org | http://www.eppo.int/INVASIVE_PLANTS/ias_lists.htm | http://www.issg.org/database | https://secure.fera.defra.gov.uk/nonnativespecies/home/index.cfm | http://www.nobanis.org | http://www.nederlandsesoorten.nl | http://www.fao.org/fishery/introsp/search/en | https://doi.org/10.1007/978-3-540-79236-9_29
146042237,cbd_2014_pathway:corridor,pathway,en,http://www.cabi.org/isc | http://www.europe-aliens.org | http://www.eppo.int/INVASIVE_PLANTS/ias_lists.htm | http://www.issg.org/database | https://secure.fera.defra.gov.uk/nonnativespecies/home/index.cfm | http://www.nobanis.org | http://www.nederlandsesoorten.nl | http://www.fao.org/fishery/introsp/search/en | https://doi.org/10.1007/978-3-540-79236-9_29
146042237,cbd_2014_pathway:natural_dispersal,pathway,en,http://www.cabi.org/isc | http://www.europe-aliens.org | http://www.eppo.int/INVASIVE_PLANTS/ias_lists.htm | http://www.issg.org/database | https://secure.fera.defra.gov.uk/nonnativespecies/home/index.cfm | http://www.nobanis.org | http://www.nederlandsesoorten.nl | http://www.fao.org/fishery/introsp/search/en | https://doi.org/10.1007/978-3-540-79236-9_29
146042237,cbd_2014_pathway:release,pathway,en,http://www.cabi.org/isc | http://www.europe-aliens.org | http://www.eppo.int/INVASIVE_PLANTS/ias_lists.htm | http://www.issg.org/database | https://secure.fera.defra.gov.uk/nonnativespecies/home/index.cfm | http://www.nobanis.org | http://www.nederlandsesoorten.nl | http://www.fao.org/fishery/introsp/search/en | https://doi.org/10.1007/978-3-540-79236-9_29
146042238,Africa (WGSRPD:2),native range,en,https://secure.fera.defra.gov.uk/nonnativespecies/home/index.cfm | http://www.unep-aewa.org/sites/default/files/document/tc8_25_review_non_native_species_0.pdf
146042238,cbd_2014_pathway:escape,pathway,en,https://secure.fera.defra.gov.uk/nonnativespecies/home/index.cfm | http://www.unep-aewa.org/sites/default/files/document/tc8_25_review_non_native_species_0.pdf
146042239,Asia,native range,en,http://www.cabi.org/isc | http://www.europe-aliens.org | http://www.issg.org/database | https://secure.fera.defra.gov.uk/nonnativespecies/home/index.cfm | http://alienplantsbelgium.be/sites/alienplantsbelgium.be/files/tabel_2.pdf
146042239,cbd_2014_pathway:corridor,pathway,en,http://www.cabi.org/isc | http://www.europe-aliens.org | http://www.issg.org/database | https://secure.fera.defra.gov.uk/nonnativespecies/home/index.cfm | http://alienplantsbelgium.be/sites/alienplantsbelgium.be/files/tabel_2.pdf
146042239,cbd_2014_pathway:escape,pathway,en,http://www.cabi.org/isc | http://www.europe-aliens.org | http://www.issg.org/database | https://secure.fera.defra.gov.uk/nonnativespecies/home/index.cfm | http://alienplantsbelgium.be/sites/alienplantsbelgium.be/files/tabel_2.pdf
146042239,cbd_2014_pathway:natural_dispersal,pathway,en,http://www.cabi.org/isc | http://www.europe-aliens.org | http://www.issg.org/database | https://secure.fera.defra.gov.uk/nonnativespecies/home/index.cfm | http://alienplantsbelgium.be/sites/alienplantsbelgium.be/files/tabel_2.pdf
146042239,cbd_2014_pathway:release,pathway,en,http://www.cabi.org/isc | http://www.europe-aliens.org | http://www.issg.org/database | https://secure.fera.defra.gov.uk/nonnativespecies/home/index.cfm | http://alienplantsbelgium.be/sites/alienplantsbelgium.be/files/tabel_2.pdf
146042240,Asia,native range,en,http://www.europe-aliens.org | http://www.nederlandsesoorten.nl | http://www.unep-aewa.org/sites/default/files/document/tc8_25_review_non_native_species_0.pdf
146042240,Europe (WGSRPD:1),native range,en,http://www.europe-aliens.org | http://www.nederlandsesoorten.nl | http://www.unep-aewa.org/sites/default/files/document/tc8_25_review_non_native_species_0.pdf
146042240,cbd_2014_pathway:release,pathway,en,http://www.europe-aliens.org | http://www.nederlandsesoorten.nl | http://www.unep-aewa.org/sites/default/files/document/tc8_25_review_non_native_species_0.pdf
146042241,Southern America (WGSRPD:8),native range,en,http://www.cabi.org/isc | http://www.europe-aliens.org | https://secure.fera.defra.gov.uk/nonnativespecies/home/index.cfm | https://doi.org/10.1111/j.1523-1739.2009.01249.x
146042241,cbd_2014_pathway:escape,pathway,en,http://www.cabi.org/isc | http://www.europe-aliens.org | https://secure.fera.defra.gov.uk/nonnativespecies/home/index.cfm | https://doi.org/10.1111/j.1523-1739.2009.01249.x
146042241,cbd_2014_pathway:release,pathway,en,http://www.cabi.org/isc | http://www.europe-aliens.org | https://secure.fera.defra.gov.uk/nonnativespecies/home/index.cfm | https://doi.org/10.1111/j.1523-1739.2009.01249.x
146042242,Asia,native range,en,http://www.europe-aliens.org | https://secure.fera.defra.gov.uk/nonnativespecies/home/index.cfm | http://www.unep-aewa.org/sites/default/files/document/tc8_25_review_non_native_species_0.pdf
146042242,Europe (WGSRPD:1),native range,en,http://www.europe-aliens.org | https://secure.fera.defra.gov.uk/nonnativespecies/home/index.cfm | http://www.unep-aewa.org/sites/default/files/document/tc8_25_review_non_native_species_0.pdf
146042242,Northern America (WGSRPD:7),native range,en,http://www.europe-aliens.org | https://secure.fera.defra.gov.uk/nonnativespecies/home/index.cfm | http://www.unep-aewa.org/sites/default/files/document/tc8_25_review_non_native_species_0.pdf
146042242,cbd_2014_pathway:escape,pathway,en,http://www.europe-aliens.org | https://secure.fera.defra.gov.uk/nonnativespecies/home/index.cfm | http://www.unep-aewa.org/sites/default/files/document/tc8_25_review_non_native_species_0.pdf
146042243,Northern America (WGSRPD:7),native range,en,http://www.europe-aliens.org | http://www.eppo.int/INVASIVE_PLANTS/ias_lists.htm | http://alienplantsbelgium.be/sites/alienplantsbelgium.be/files/tabel_2.pdf | http://www.nobanis.org | http://www.nederlandsesoorten.nl
146042243,cbd_2014_pathway:release,pathway,en,http://www.europe-aliens.org | http://www.eppo.int/INVASIVE_PLANTS/ias_lists.htm | http://alienplantsbelgium.be/sites/alienplantsbelgium.be/files/tabel_2.pdf | http://www.nobanis.org | http://www.nederlandsesoorten.nl
146042244,Africa (WGSRPD:2),native range,en,http://www.europe-aliens.org | https://secure.fera.defra.gov.uk/nonnativespecies/home/index.cfm | http://www.nobanis.org | http://www.unep-aewa.org/sites/default/files/document/tc8_25_review_non_native_species_0.pdf
146042244,Asia,native range,en,http://www.europe-aliens.org | https://secure.fera.defra.gov.uk/nonnativespecies/home/index.cfm | http://www.nobanis.org | http://www.unep-aewa.org/sites/default/files/document/tc8_25_review_non_native_species_0.pdf
146042244,Europe (WGSRPD:1),native range,en,http://www.europe-aliens.org | https://secure.fera.defra.gov.uk/nonnativespecies/home/index.cfm | http://www.nobanis.org | http://www.unep-aewa.org/sites/default/files/document/tc8_25_review_non_native_species_0.pdf
146042244,cbd_2014_pathway:corridor,pathway,en,http://www.europe-aliens.org | https://secure.fera.defra.gov.uk/nonnativespecies/home/index.cfm | http://www.nobanis.org | http://www.unep-aewa.org/sites/default/files/document/tc8_25_review_non_native_species_0.pdf
146042244,cbd_2014_pathway:escape,pathway,en,http://www.europe-aliens.org | https://secure.fera.defra.gov.uk/nonnativespecies/home/index.cfm | http://www.nobanis.org | http://www.unep-aewa.org/sites/default/files/document/tc8_25_review_non_native_species_0.pdf
146042244,cbd_2014_pathway:natural_dispersal,pathway,en,http://www.europe-aliens.org | https://secure.fera.defra.gov.uk/nonnativespecies/home/index.cfm | http://www.nobanis.org | http://www.unep-aewa.org/sites/default/files/document/tc8_25_review_non_native_species_0.pdf
146042244,cbd_2014_pathway:release,pathway,en,http://www.europe-aliens.org | https://secure.fera.defra.gov.uk/nonnativespecies/home/index.cfm | http://www.nobanis.org | http://www.unep-aewa.org/sites/default/files/document/tc8_25_review_non_native_species_0.pdf
146042245,Australia (WGSRPD:50),native range,en,https://secure.fera.defra.gov.uk/nonnativespecies/home/index.cfm | http://www.unep-aewa.org/sites/default/files/document/tc8_25_review_non_native_species_0.pdf | http://en.wikipedia.org/wiki/Main_Page
146042245,cbd_2014_pathway:escape,pathway,en,https://secure.fera.defra.gov.uk/nonnativespecies/home/index.cfm | http://www.unep-aewa.org/sites/default/files/document/tc8_25_review_non_native_species_0.pdf | http://en.wikipedia.org/wiki/Main_Page
146042246,Australia (WGSRPD:50),native range,en,http://www.cabi.org/isc | http://www.europe-aliens.org | http://www.eppo.int/INVASIVE_PLANTS/ias_lists.htm | http://www.issg.org/database | https://secure.fera.defra.gov.uk/nonnativespecies/home/index.cfm | http://ias.biodiversity.be | http://alienplantsbelgium.be/sites/alienplantsbelgium.be/files/tabel_2.pdf | http://www.nobanis.org | http://www.q-bank.eu/Plants | http://www.nederlandsesoorten.nl | https://doi.org/10.1111/j.1523-1739.2009.01249.x | http://www.fao.org/fishery/introsp/search/en
146042246,cbd_2014_pathway:corridor,pathway,en,http://www.cabi.org/isc | http://www.europe-aliens.org | http://www.eppo.int/INVASIVE_PLANTS/ias_lists.htm | http://www.issg.org/database | https://secure.fera.defra.gov.uk/nonnativespecies/home/index.cfm | http://ias.biodiversity.be | http://alienplantsbelgium.be/sites/alienplantsbelgium.be/files/tabel_2.pdf | http://www.nobanis.org | http://www.q-bank.eu/Plants | http://www.nederlandsesoorten.nl | https://doi.org/10.1111/j.1523-1739.2009.01249.x | http://www.fao.org/fishery/introsp/search/en
146042246,cbd_2014_pathway:natural_dispersal,pathway,en,http://www.cabi.org/isc | http://www.europe-aliens.org | http://www.eppo.int/INVASIVE_PLANTS/ias_lists.htm | http://www.issg.org/database | https://secure.fera.defra.gov.uk/nonnativespecies/home/index.cfm | http://ias.biodiversity.be | http://alienplantsbelgium.be/sites/alienplantsbelgium.be/files/tabel_2.pdf | http://www.nobanis.org | http://www.q-bank.eu/Plants | http://www.nederlandsesoorten.nl | https://doi.org/10.1111/j.1523-1739.2009.01249.x | http://www.fao.org/fishery/introsp/search/en
146042246,cbd_2014_pathway:release,pathway,en,http://www.cabi.org/isc | http://www.europe-aliens.org | http://www.eppo.int/INVASIVE_PLANTS/ias_lists.htm | http://www.issg.org/database | https://secure.fera.defra.gov.uk/nonnativespecies/home/index.cfm | http://ias.biodiversity.be | http://alienplantsbelgium.be/sites/alienplantsbelgium.be/files/tabel_2.pdf | http://www.nobanis.org | http://www.q-bank.eu/Plants | http://www.nederlandsesoorten.nl | https://doi.org/10.1111/j.1523-1739.2009.01249.x | http://www.fao.org/fishery/introsp/search/en
146042247,Africa (WGSRPD:2),native range,en,https://secure.fera.defra.gov.uk/nonnativespecies/home/index.cfm | http://www.unep-aewa.org/sites/default/files/document/tc8_25_review_non_native_species_0.pdf
146042247,cbd_2014_pathway:escape,pathway,en,https://secure.fera.defra.gov.uk/nonnativespecies/home/index.cfm | http://www.unep-aewa.org/sites/default/files/document/tc8_25_review_non_native_species_0.pdf
146042248,Asia,native range,en,http://www.cabi.org/isc | http://www.eppo.int/INVASIVE_PLANTS/ias_lists.htm
146042248,Australia (WGSRPD:50),native range,en,http://www.cabi.org/isc | http://www.eppo.int/INVASIVE_PLANTS/ias_lists.htm
146042249,Northern America (WGSRPD:7),native range,en,https://secure.fera.defra.gov.uk/nonnativespecies/home/index.cfm | http://www.unep-aewa.org/sites/default/files/document/tc8_25_review_non_native_species_0.pdf
146042249,Southern America (WGSRPD:8),native range,en,https://secure.fera.defra.gov.uk/nonnativespecies/home/index.cfm | http://www.unep-aewa.org/sites/default/files/document/tc8_25_review_non_native_species_0.pdf
146042249,cbd_2014_pathway:escape,pathway,en,https://secure.fera.defra.gov.uk/nonnativespecies/home/index.cfm | http://www.unep-aewa.org/sites/default/files/document/tc8_25_review_non_native_species_0.pdf
146042250,Africa (WGSRPD:2),native range,en,http://www.cabi.org/isc | http://www.europe-aliens.org | http://www.issg.org/database | https://secure.fera.defra.gov.uk/nonnativespecies/home/index.cfm
146042250,Asia,native range,en,http://www.cabi.org/isc | http://www.europe-aliens.org | http://www.issg.org/database | https://secure.fera.defra.gov.uk/nonnativespecies/home/index.cfm
146042250,Europe (WGSRPD:1),native range,en,http://www.cabi.org/isc | http://www.europe-aliens.org | http://www.issg.org/database | https://secure.fera.defra.gov.uk/nonnativespecies/home/index.cfm
146042250,cbd_2014_pathway:corridor,pathway,en,http://www.cabi.org/isc | http://www.europe-aliens.org | http://www.issg.org/database | https://secure.fera.defra.gov.uk/nonnativespecies/home/index.cfm
146042250,cbd_2014_pathway:escape,pathway,en,http://www.cabi.org/isc | http://www.europe-aliens.org | http://www.issg.org/database | https://secure.fera.defra.gov.uk/nonnativespecies/home/index.cfm
146042250,cbd_2014_pathway:natural_dispersal,pathway,en,http://www.cabi.org/isc | http://www.europe-aliens.org | http://www.issg.org/database | https://secure.fera.defra.gov.uk/nonnativespecies/home/index.cfm
146042250,cbd_2014_pathway:release,pathway,en,http://www.cabi.org/isc | http://www.europe-aliens.org | http://www.issg.org/database | https://secure.fera.defra.gov.uk/nonnativespecies/home/index.cfm
146042251,Northern America (WGSRPD:7),native range,en,https://secure.fera.defra.gov.uk/nonnativespecies/home/index.cfm | http://www.unep-aewa.org/sites/default/files/document/tc8_25_review_non_native_species_0.pdf
146042251,Southern America (WGSRPD:8),native range,en,https://secure.fera.defra.gov.uk/nonnativespecies/home/index.cfm | http://www.unep-aewa.org/sites/default/files/document/tc8_25_review_non_native_species_0.pdf
146042251,cbd_2014_pathway:escape,pathway,en,https://secure.fera.defra.gov.uk/nonnativespecies/home/index.cfm | http://www.unep-aewa.org/sites/default/files/document/tc8_25_review_non_native_species_0.pdf
146042252,Northern America (WGSRPD:7),native range,en,http://www.cabi.org/isc | http://www.europe-aliens.org | https://secure.fera.defra.gov.uk/nonnativespecies/home/index.cfm | http://ias.biodiversity.be | http://alienplantsbelgium.be/sites/alienplantsbelgium.be/files/tabel_2.pdf | http://www.nobanis.org | http://www.nederlandsesoorten.nl
146042252,cbd_2014_pathway:corridor,pathway,en,http://www.cabi.org/isc | http://www.europe-aliens.org | https://secure.fera.defra.gov.uk/nonnativespecies/home/index.cfm | http://ias.biodiversity.be | http://alienplantsbelgium.be/sites/alienplantsbelgium.be/files/tabel_2.pdf | http://www.nobanis.org | http://www.nederlandsesoorten.nl
146042252,cbd_2014_pathway:natural_dispersal,pathway,en,http://www.cabi.org/isc | http://www.europe-aliens.org | https://secure.fera.defra.gov.uk/nonnativespecies/home/index.cfm | http://ias.biodiversity.be | http://alienplantsbelgium.be/sites/alienplantsbelgium.be/files/tabel_2.pdf | http://www.nobanis.org | http://www.nederlandsesoorten.nl
146042252,cbd_2014_pathway:release,pathway,en,http://www.cabi.org/isc | http://www.europe-aliens.org | https://secure.fera.defra.gov.uk/nonnativespecies/home/index.cfm | http://ias.biodiversity.be | http://alienplantsbelgium.be/sites/alienplantsbelgium.be/files/tabel_2.pdf | http://www.nobanis.org | http://www.nederlandsesoorten.nl
146042253,Africa (WGSRPD:2),native range,en,https://secure.fera.defra.gov.uk/nonnativespecies/home/index.cfm | http://www.unep-aewa.org/sites/default/files/document/tc8_25_review_non_native_species_0.pdf
146042253,Asia,native range,en,https://secure.fera.defra.gov.uk/nonnativespecies/home/index.cfm | http://www.unep-aewa.org/sites/default/files/document/tc8_25_review_non_native_species_0.pdf
146042253,Northern America (WGSRPD:7),native range,en,https://secure.fera.defra.gov.uk/nonnativespecies/home/index.cfm | http://www.unep-aewa.org/sites/default/files/document/tc8_25_review_non_native_species_0.pdf
146042253,Southern America (WGSRPD:8),native range,en,https://secure.fera.defra.gov.uk/nonnativespecies/home/index.cfm | http://www.unep-aewa.org/sites/default/files/document/tc8_25_review_non_native_species_0.pdf
146042253,cbd_2014_pathway:escape,pathway,en,https://secure.fera.defra.gov.uk/nonnativespecies/home/index.cfm | http://www.unep-aewa.org/sites/default/files/document/tc8_25_review_non_native_species_0.pdf
146042254,Asia,native range,en,http://www.cabi.org/isc | http://www.europe-aliens.org | http://www.eppo.int/INVASIVE_PLANTS/ias_lists.htm | https://secure.fera.defra.gov.uk/nonnativespecies/home/index.cfm | http://ias.biodiversity.be | http://alienplantsbelgium.be/sites/alienplantsbelgium.be/files/tabel_2.pdf | http://www.nobanis.org | http://www.nederlandsesoorten.nl
146042254,cbd_2014_pathway:corridor,pathway,en,http://www.cabi.org/isc | http://www.europe-aliens.org | http://www.eppo.int/INVASIVE_PLANTS/ias_lists.htm | https://secure.fera.defra.gov.uk/nonnativespecies/home/index.cfm | http://ias.biodiversity.be | http://alienplantsbelgium.be/sites/alienplantsbelgium.be/files/tabel_2.pdf | http://www.nobanis.org | http://www.nederlandsesoorten.nl
146042254,cbd_2014_pathway:escape,pathway,en,http://www.cabi.org/isc | http://www.europe-aliens.org | http://www.eppo.int/INVASIVE_PLANTS/ias_lists.htm | https://secure.fera.defra.gov.uk/nonnativespecies/home/index.cfm | http://ias.biodiversity.be | http://alienplantsbelgium.be/sites/alienplantsbelgium.be/files/tabel_2.pdf | http://www.nobanis.org | http://www.nederlandsesoorten.nl
146042254,cbd_2014_pathway:natural_dispersal,pathway,en,http://www.cabi.org/isc | http://www.europe-aliens.org | http://www.eppo.int/INVASIVE_PLANTS/ias_lists.htm | https://secure.fera.defra.gov.uk/nonnativespecies/home/index.cfm | http://ias.biodiversity.be | http://alienplantsbelgium.be/sites/alienplantsbelgium.be/files/tabel_2.pdf | http://www.nobanis.org | http://www.nederlandsesoorten.nl
146042254,cbd_2014_pathway:release,pathway,en,http://www.cabi.org/isc | http://www.europe-aliens.org | http://www.eppo.int/INVASIVE_PLANTS/ias_lists.htm | https://secure.fera.defra.gov.uk/nonnativespecies/home/index.cfm | http://ias.biodiversity.be | http://alienplantsbelgium.be/sites/alienplantsbelgium.be/files/tabel_2.pdf | http://www.nobanis.org | http://www.nederlandsesoorten.nl
146042255,Asia,native range,en,https://secure.fera.defra.gov.uk/nonnativespecies/home/index.cfm | http://www.unep-aewa.org/sites/default/files/document/tc8_25_review_non_native_species_0.pdf
146042255,cbd_2014_pathway:escape,pathway,en,https://secure.fera.defra.gov.uk/nonnativespecies/home/index.cfm | http://www.unep-aewa.org/sites/default/files/document/tc8_25_review_non_native_species_0.pdf
146042256,Europe (WGSRPD:1),native range,en,http://www.europe-aliens.org | https://secure.fera.defra.gov.uk/nonnativespecies/home/index.cfm
146042256,cbd_2014_pathway:escape,pathway,en,http://www.europe-aliens.org | https://secure.fera.defra.gov.uk/nonnativespecies/home/index.cfm
146042256,cbd_2014_pathway:release,pathway,en,http://www.europe-aliens.org | https://secure.fera.defra.gov.uk/nonnativespecies/home/index.cfm
146042257,Europe (WGSRPD:1),native range,en,http://www.europe-aliens.org | https://secure.fera.defra.gov.uk/nonnativespecies/home/index.cfm | http://www.unep-aewa.org/sites/default/files/document/tc8_25_review_non_native_species_0.pdf
146042257,cbd_2014_pathway:escape,pathway,en,http://www.europe-aliens.org | https://secure.fera.defra.gov.uk/nonnativespecies/home/index.cfm | http://www.unep-aewa.org/sites/default/files/document/tc8_25_review_non_native_species_0.pdf
146042257,cbd_2014_pathway:release,pathway,en,http://www.europe-aliens.org | https://secure.fera.defra.gov.uk/nonnativespecies/home/index.cfm | http://www.unep-aewa.org/sites/default/files/document/tc8_25_review_non_native_species_0.pdf
146042258,Australia (WGSRPD:50),native range,en,http://www.cabi.org/isc | http://www.europe-aliens.org | http://www.issg.org/database
146042258,cbd_2014_pathway:corridor,pathway,en,http://www.cabi.org/isc | http://www.europe-aliens.org | http://www.issg.org/database
146042258,cbd_2014_pathway:natural_dispersal,pathway,en,http://www.cabi.org/isc | http://www.europe-aliens.org | http://www.issg.org/database
146042258,cbd_2014_pathway:release,pathway,en,http://www.cabi.org/isc | http://www.europe-aliens.org | http://www.issg.org/database
146042259,Southern America (WGSRPD:8),native range,en,https://secure.fera.defra.gov.uk/nonnativespecies/home/index.cfm | http://www.unep-aewa.org/sites/default/files/document/tc8_25_review_non_native_species_0.pdf
146042259,cbd_2014_pathway:escape,pathway,en,https://secure.fera.defra.gov.uk/nonnativespecies/home/index.cfm | http://www.unep-aewa.org/sites/default/files/document/tc8_25_review_non_native_species_0.pdf
146042260,Southern America (WGSRPD:8),native range,en,http://www.europe-aliens.org
146042260,cbd_2014_pathway:corridor,pathway,en,http://www.europe-aliens.org
146042260,cbd_2014_pathway:natural_dispersal,pathway,en,http://www.europe-aliens.org
146042260,cbd_2014_pathway:release,pathway,en,http://www.europe-aliens.org
146042261,Asia,native range,en,https://secure.fera.defra.gov.uk/nonnativespecies/home/index.cfm | http://www.unep-aewa.org/sites/default/files/document/tc8_25_review_non_native_species_0.pdf
146042261,Europe (WGSRPD:1),native range,en,https://secure.fera.defra.gov.uk/nonnativespecies/home/index.cfm | http://www.unep-aewa.org/sites/default/files/document/tc8_25_review_non_native_species_0.pdf
146042261,cbd_2014_pathway:escape,pathway,en,https://secure.fera.defra.gov.uk/nonnativespecies/home/index.cfm | http://www.unep-aewa.org/sites/default/files/document/tc8_25_review_non_native_species_0.pdf
146042262,Australia (WGSRPD:50),native range,en,http://www.cabi.org/isc | http://www.europe-aliens.org | http://www.eppo.int/INVASIVE_PLANTS/ias_lists.htm
146042262,cbd_2014_pathway:release,pathway,en,http://www.cabi.org/isc | http://www.europe-aliens.org | http://www.eppo.int/INVASIVE_PLANTS/ias_lists.htm
146042263,Africa (WGSRPD:2),native range,en,https://secure.fera.defra.gov.uk/nonnativespecies/home/index.cfm | http://www.unep-aewa.org/sites/default/files/document/tc8_25_review_non_native_species_0.pdf
146042263,Asia,native range,en,https://secure.fera.defra.gov.uk/nonnativespecies/home/index.cfm | http://www.unep-aewa.org/sites/default/files/document/tc8_25_review_non_native_species_0.pdf
146042263,Europe (WGSRPD:1),native range,en,https://secure.fera.defra.gov.uk/nonnativespecies/home/index.cfm | http://www.unep-aewa.org/sites/default/files/document/tc8_25_review_non_native_species_0.pdf
146042263,cbd_2014_pathway:escape,pathway,en,https://secure.fera.defra.gov.uk/nonnativespecies/home/index.cfm | http://www.unep-aewa.org/sites/default/files/document/tc8_25_review_non_native_species_0.pdf
146042264,Australia (WGSRPD:50),native range,en,http://www.europe-aliens.org | https://secure.fera.defra.gov.uk/nonnativespecies/home/index.cfm | http://ias.biodiversity.be | http://www.nobanis.org | https://doi.org/10.1111/j.1523-1739.2009.01249.x | http://www.unep-aewa.org/sites/default/files/document/tc8_25_review_non_native_species_0.pdf
146042264,cbd_2014_pathway:escape,pathway,en,http://www.europe-aliens.org | https://secure.fera.defra.gov.uk/nonnativespecies/home/index.cfm | http://ias.biodiversity.be | http://www.nobanis.org | https://doi.org/10.1111/j.1523-1739.2009.01249.x | http://www.unep-aewa.org/sites/default/files/document/tc8_25_review_non_native_species_0.pdf
146042264,cbd_2014_pathway:release,pathway,en,http://www.europe-aliens.org | https://secure.fera.defra.gov.uk/nonnativespecies/home/index.cfm | http://ias.biodiversity.be | http://www.nobanis.org | https://doi.org/10.1111/j.1523-1739.2009.01249.x | http://www.unep-aewa.org/sites/default/files/document/tc8_25_review_non_native_species_0.pdf
146042265,Africa (WGSRPD:2),native range,en,https://secure.fera.defra.gov.uk/nonnativespecies/home/index.cfm | http://www.unep-aewa.org/sites/default/files/document/tc8_25_review_non_native_species_0.pdf
146042265,Asia,native range,en,https://secure.fera.defra.gov.uk/nonnativespecies/home/index.cfm | http://www.unep-aewa.org/sites/default/files/document/tc8_25_review_non_native_species_0.pdf
146042265,Europe (WGSRPD:1),native range,en,https://secure.fera.defra.gov.uk/nonnativespecies/home/index.cfm | http://www.unep-aewa.org/sites/default/files/document/tc8_25_review_non_native_species_0.pdf
146042265,cbd_2014_pathway:escape,pathway,en,https://secure.fera.defra.gov.uk/nonnativespecies/home/index.cfm | http://www.unep-aewa.org/sites/default/files/document/tc8_25_review_non_native_species_0.pdf
146042266,Europe (WGSRPD:1),native range,en,https://secure.fera.defra.gov.uk/nonnativespecies/home/index.cfm | http://www.unep-aewa.org/sites/default/files/document/tc8_25_review_non_native_species_0.pdf
146042266,Northern America (WGSRPD:7),native range,en,https://secure.fera.defra.gov.uk/nonnativespecies/home/index.cfm | http://www.unep-aewa.org/sites/default/files/document/tc8_25_review_non_native_species_0.pdf
146042266,cbd_2014_pathway:escape,pathway,en,https://secure.fera.defra.gov.uk/nonnativespecies/home/index.cfm | http://www.unep-aewa.org/sites/default/files/document/tc8_25_review_non_native_species_0.pdf
146042267,Asia,native range,en,http://www.europe-aliens.org | https://secure.fera.defra.gov.uk/nonnativespecies/home/index.cfm | http://www.unep-aewa.org/sites/default/files/document/tc8_25_review_non_native_species_0.pdf
146042267,Europe (WGSRPD:1),native range,en,http://www.europe-aliens.org | https://secure.fera.defra.gov.uk/nonnativespecies/home/index.cfm | http://www.unep-aewa.org/sites/default/files/document/tc8_25_review_non_native_species_0.pdf
146042267,Northern America (WGSRPD:7),native range,en,http://www.europe-aliens.org | https://secure.fera.defra.gov.uk/nonnativespecies/home/index.cfm | http://www.unep-aewa.org/sites/default/files/document/tc8_25_review_non_native_species_0.pdf
146042267,cbd_2014_pathway:escape,pathway,en,http://www.europe-aliens.org | https://secure.fera.defra.gov.uk/nonnativespecies/home/index.cfm | http://www.unep-aewa.org/sites/default/files/document/tc8_25_review_non_native_species_0.pdf
146042267,cbd_2014_pathway:release,pathway,en,http://www.europe-aliens.org | https://secure.fera.defra.gov.uk/nonnativespecies/home/index.cfm | http://www.unep-aewa.org/sites/default/files/document/tc8_25_review_non_native_species_0.pdf
146042268,Australia (WGSRPD:50),native range,en,https://secure.fera.defra.gov.uk/nonnativespecies/home/index.cfm | http://www.unep-aewa.org/sites/default/files/document/tc8_25_review_non_native_species_0.pdf
146042268,cbd_2014_pathway:escape,pathway,en,https://secure.fera.defra.gov.uk/nonnativespecies/home/index.cfm | http://www.unep-aewa.org/sites/default/files/document/tc8_25_review_non_native_species_0.pdf
146042269,Southern America (WGSRPD:8),native range,en,http://www.europe-aliens.org | https://secure.fera.defra.gov.uk/nonnativespecies/home/index.cfm | http://www.nobanis.org | http://www.nederlandsesoorten.nl | http://www.unep-aewa.org/sites/default/files/document/tc8_25_review_non_native_species_0.pdf
146042269,cbd_2014_pathway:escape,pathway,en,http://www.europe-aliens.org | https://secure.fera.defra.gov.uk/nonnativespecies/home/index.cfm | http://www.nobanis.org | http://www.nederlandsesoorten.nl | http://www.unep-aewa.org/sites/default/files/document/tc8_25_review_non_native_species_0.pdf
146042269,cbd_2014_pathway:release,pathway,en,http://www.europe-aliens.org | https://secure.fera.defra.gov.uk/nonnativespecies/home/index.cfm | http://www.nobanis.org | http://www.nederlandsesoorten.nl | http://www.unep-aewa.org/sites/default/files/document/tc8_25_review_non_native_species_0.pdf
146042270,Southern America (WGSRPD:8),native range,en,https://secure.fera.defra.gov.uk/nonnativespecies/home/index.cfm
146042271,Africa (WGSRPD:2),native range,en,http://www.europe-aliens.org | https://secure.fera.defra.gov.uk/nonnativespecies/home/index.cfm | http://www.unep-aewa.org/sites/default/files/document/tc8_25_review_non_native_species_0.pdf
146042271,Asia,native range,en,http://www.europe-aliens.org | https://secure.fera.defra.gov.uk/nonnativespecies/home/index.cfm | http://www.unep-aewa.org/sites/default/files/document/tc8_25_review_non_native_species_0.pdf
146042271,Europe (WGSRPD:1),native range,en,http://www.europe-aliens.org | https://secure.fera.defra.gov.uk/nonnativespecies/home/index.cfm | http://www.unep-aewa.org/sites/default/files/document/tc8_25_review_non_native_species_0.pdf
146042271,cbd_2014_pathway:escape,pathway,en,http://www.europe-aliens.org | https://secure.fera.defra.gov.uk/nonnativespecies/home/index.cfm | http://www.unep-aewa.org/sites/default/files/document/tc8_25_review_non_native_species_0.pdf
146042272,Southern America (WGSRPD:8),native range,en,https://secure.fera.defra.gov.uk/nonnativespecies/home/index.cfm
146042273,Asia,native range,en,https://secure.fera.defra.gov.uk/nonnativespecies/home/index.cfm | http://www.unep-aewa.org/sites/default/files/document/tc8_25_review_non_native_species_0.pdf
146042273,cbd_2014_pathway:escape,pathway,en,https://secure.fera.defra.gov.uk/nonnativespecies/home/index.cfm | http://www.unep-aewa.org/sites/default/files/document/tc8_25_review_non_native_species_0.pdf
146042273,cbd_2014_pathway:release,pathway,en,https://secure.fera.defra.gov.uk/nonnativespecies/home/index.cfm | http://www.unep-aewa.org/sites/default/files/document/tc8_25_review_non_native_species_0.pdf
146042274,Southern America (WGSRPD:8),native range,en,http://www.europe-aliens.org | https://secure.fera.defra.gov.uk/nonnativespecies/home/index.cfm | http://www.nederlandsesoorten.nl | http://www.unep-aewa.org/sites/default/files/document/tc8_25_review_non_native_species_0.pdf
146042274,cbd_2014_pathway:escape,pathway,en,http://www.europe-aliens.org | https://secure.fera.defra.gov.uk/nonnativespecies/home/index.cfm | http://www.nederlandsesoorten.nl | http://www.unep-aewa.org/sites/default/files/document/tc8_25_review_non_native_species_0.pdf
146042275,Asia,native range,en,https://secure.fera.defra.gov.uk/nonnativespecies/home/index.cfm | http://www.unep-aewa.org/sites/default/files/document/tc8_25_review_non_native_species_0.pdf
146042275,Europe (WGSRPD:1),native range,en,https://secure.fera.defra.gov.uk/nonnativespecies/home/index.cfm | http://www.unep-aewa.org/sites/default/files/document/tc8_25_review_non_native_species_0.pdf
146042275,cbd_2014_pathway:escape,pathway,en,https://secure.fera.defra.gov.uk/nonnativespecies/home/index.cfm | http://www.unep-aewa.org/sites/default/files/document/tc8_25_review_non_native_species_0.pdf
146042276,Asia,native range,en,http://www.europe-aliens.org | https://secure.fera.defra.gov.uk/nonnativespecies/home/index.cfm | http://www.unep-aewa.org/sites/default/files/document/tc8_25_review_non_native_species_0.pdf
146042276,cbd_2014_pathway:escape,pathway,en,http://www.europe-aliens.org | https://secure.fera.defra.gov.uk/nonnativespecies/home/index.cfm | http://www.unep-aewa.org/sites/default/files/document/tc8_25_review_non_native_species_0.pdf
146042277,Asia,native range,en,https://secure.fera.defra.gov.uk/nonnativespecies/home/index.cfm | http://www.unep-aewa.org/sites/default/files/document/tc8_25_review_non_native_species_0.pdf
146042277,Europe (WGSRPD:1),native range,en,https://secure.fera.defra.gov.uk/nonnativespecies/home/index.cfm | http://www.unep-aewa.org/sites/default/files/document/tc8_25_review_non_native_species_0.pdf
146042277,cbd_2014_pathway:escape,pathway,en,https://secure.fera.defra.gov.uk/nonnativespecies/home/index.cfm | http://www.unep-aewa.org/sites/default/files/document/tc8_25_review_non_native_species_0.pdf
146042278,Africa (WGSRPD:2),native range,en,https://secure.fera.defra.gov.uk/nonnativespecies/home/index.cfm | http://www.unep-aewa.org/sites/default/files/document/tc8_25_review_non_native_species_0.pdf
146042278,cbd_2014_pathway:escape,pathway,en,https://secure.fera.defra.gov.uk/nonnativespecies/home/index.cfm | http://www.unep-aewa.org/sites/default/files/document/tc8_25_review_non_native_species_0.pdf
146042279,Europe (WGSRPD:1),native range,en,http://www.europe-aliens.org | https://secure.fera.defra.gov.uk/nonnativespecies/home/index.cfm | http://www.unep-aewa.org/sites/default/files/document/tc8_25_review_non_native_species_0.pdf
146042279,Northern America (WGSRPD:7),native range,en,http://www.europe-aliens.org | https://secure.fera.defra.gov.uk/nonnativespecies/home/index.cfm | http://www.unep-aewa.org/sites/default/files/document/tc8_25_review_non_native_species_0.pdf
146042279,cbd_2014_pathway:escape,pathway,en,http://www.europe-aliens.org | https://secure.fera.defra.gov.uk/nonnativespecies/home/index.cfm | http://www.unep-aewa.org/sites/default/files/document/tc8_25_review_non_native_species_0.pdf
146042280,Africa (WGSRPD:2),native range,en,http://www.europe-aliens.org | https://secure.fera.defra.gov.uk/nonnativespecies/home/index.cfm | http://ias.biodiversity.be | http://www.nobanis.org | http://www.nederlandsesoorten.nl | https://doi.org/10.1111/j.1523-1739.2009.01249.x | http://www.unep-aewa.org/sites/default/files/document/tc8_25_review_non_native_species_0.pdf
146042280,cbd_2014_pathway:escape,pathway,en,http://www.europe-aliens.org | https://secure.fera.defra.gov.uk/nonnativespecies/home/index.cfm | http://ias.biodiversity.be | http://www.nobanis.org | http://www.nederlandsesoorten.nl | https://doi.org/10.1111/j.1523-1739.2009.01249.x | http://www.unep-aewa.org/sites/default/files/document/tc8_25_review_non_native_species_0.pdf
146042280,cbd_2014_pathway:release,pathway,en,http://www.europe-aliens.org | https://secure.fera.defra.gov.uk/nonnativespecies/home/index.cfm | http://ias.biodiversity.be | http://www.nobanis.org | http://www.nederlandsesoorten.nl | https://doi.org/10.1111/j.1523-1739.2009.01249.x | http://www.unep-aewa.org/sites/default/files/document/tc8_25_review_non_native_species_0.pdf
146042281,Northern America (WGSRPD:7),native range,en,http://www.europe-aliens.org | https://secure.fera.defra.gov.uk/nonnativespecies/home/index.cfm | https://doi.org/10.1111/j.1523-1739.2009.01249.x | http://www.unep-aewa.org/sites/default/files/document/tc8_25_review_non_native_species_0.pdf
146042281,cbd_2014_pathway:escape,pathway,en,http://www.europe-aliens.org | https://secure.fera.defra.gov.uk/nonnativespecies/home/index.cfm | https://doi.org/10.1111/j.1523-1739.2009.01249.x | http://www.unep-aewa.org/sites/default/files/document/tc8_25_review_non_native_species_0.pdf
146042281,cbd_2014_pathway:release,pathway,en,http://www.europe-aliens.org | https://secure.fera.defra.gov.uk/nonnativespecies/home/index.cfm | https://doi.org/10.1111/j.1523-1739.2009.01249.x | http://www.unep-aewa.org/sites/default/files/document/tc8_25_review_non_native_species_0.pdf
146042282,Southern America (WGSRPD:8),native range,en,https://secure.fera.defra.gov.uk/nonnativespecies/home/index.cfm | http://www.unep-aewa.org/sites/default/files/document/tc8_25_review_non_native_species_0.pdf
146042282,cbd_2014_pathway:escape,pathway,en,https://secure.fera.defra.gov.uk/nonnativespecies/home/index.cfm | http://www.unep-aewa.org/sites/default/files/document/tc8_25_review_non_native_species_0.pdf
146042283,Northern America (WGSRPD:7),native range,en,https://secure.fera.defra.gov.uk/nonnativespecies/home/index.cfm | http://www.nederlandsesoorten.nl | http://www.unep-aewa.org/sites/default/files/document/tc8_25_review_non_native_species_0.pdf
146042283,cbd_2014_pathway:corridor,pathway,en,https://secure.fera.defra.gov.uk/nonnativespecies/home/index.cfm | http://www.nederlandsesoorten.nl | http://www.unep-aewa.org/sites/default/files/document/tc8_25_review_non_native_species_0.pdf
146042283,cbd_2014_pathway:natural_dispersal,pathway,en,https://secure.fera.defra.gov.uk/nonnativespecies/home/index.cfm | http://www.nederlandsesoorten.nl | http://www.unep-aewa.org/sites/default/files/document/tc8_25_review_non_native_species_0.pdf
146042283,cbd_2014_pathway:release,pathway,en,https://secure.fera.defra.gov.uk/nonnativespecies/home/index.cfm | http://www.nederlandsesoorten.nl | http://www.unep-aewa.org/sites/default/files/document/tc8_25_review_non_native_species_0.pdf
146042284,Asia,native range,en,http://www.europe-aliens.org | https://secure.fera.defra.gov.uk/nonnativespecies/home/index.cfm | http://www.nobanis.org | http://www.nederlandsesoorten.nl | http://www.unep-aewa.org/sites/default/files/document/tc8_25_review_non_native_species_0.pdf
146042284,Northern America (WGSRPD:7),native range,en,http://www.europe-aliens.org | https://secure.fera.defra.gov.uk/nonnativespecies/home/index.cfm | http://www.nobanis.org | http://www.nederlandsesoorten.nl | http://www.unep-aewa.org/sites/default/files/document/tc8_25_review_non_native_species_0.pdf
146042284,cbd_2014_pathway:escape,pathway,en,http://www.europe-aliens.org | https://secure.fera.defra.gov.uk/nonnativespecies/home/index.cfm | http://www.nobanis.org | http://www.nederlandsesoorten.nl | http://www.unep-aewa.org/sites/default/files/document/tc8_25_review_non_native_species_0.pdf
146042284,cbd_2014_pathway:release,pathway,en,http://www.europe-aliens.org | https://secure.fera.defra.gov.uk/nonnativespecies/home/index.cfm | http://www.nobanis.org | http://www.nederlandsesoorten.nl | http://www.unep-aewa.org/sites/default/files/document/tc8_25_review_non_native_species_0.pdf
146042285,Australia (WGSRPD:50),native range,en,https://secure.fera.defra.gov.uk/nonnativespecies/home/index.cfm | http://www.unep-aewa.org/sites/default/files/document/tc8_25_review_non_native_species_0.pdf
146042285,cbd_2014_pathway:escape,pathway,en,https://secure.fera.defra.gov.uk/nonnativespecies/home/index.cfm | http://www.unep-aewa.org/sites/default/files/document/tc8_25_review_non_native_species_0.pdf
146042286,Africa (WGSRPD:2),native range,en,http://www.europe-aliens.org | https://secure.fera.defra.gov.uk/nonnativespecies/home/index.cfm | http://www.unep-aewa.org/sites/default/files/document/tc8_25_review_non_native_species_0.pdf
146042286,Southern America (WGSRPD:8),native range,en,http://www.europe-aliens.org | https://secure.fera.defra.gov.uk/nonnativespecies/home/index.cfm | http://www.unep-aewa.org/sites/default/files/document/tc8_25_review_non_native_species_0.pdf
146042286,cbd_2014_pathway:escape,pathway,en,http://www.europe-aliens.org | https://secure.fera.defra.gov.uk/nonnativespecies/home/index.cfm | http://www.unep-aewa.org/sites/default/files/document/tc8_25_review_non_native_species_0.pdf
146042287,Asia,native range,en,https://secure.fera.defra.gov.uk/nonnativespecies/home/index.cfm | http://www.unep-aewa.org/sites/default/files/document/tc8_25_review_non_native_species_0.pdf
146042287,Europe (WGSRPD:1),native range,en,https://secure.fera.defra.gov.uk/nonnativespecies/home/index.cfm | http://www.unep-aewa.org/sites/default/files/document/tc8_25_review_non_native_species_0.pdf
146042287,Northern America (WGSRPD:7),native range,en,https://secure.fera.defra.gov.uk/nonnativespecies/home/index.cfm | http://www.unep-aewa.org/sites/default/files/document/tc8_25_review_non_native_species_0.pdf
146042287,cbd_2014_pathway:escape,pathway,en,https://secure.fera.defra.gov.uk/nonnativespecies/home/index.cfm | http://www.unep-aewa.org/sites/default/files/document/tc8_25_review_non_native_species_0.pdf
146042288,Southern America (WGSRPD:8),native range,en,https://secure.fera.defra.gov.uk/nonnativespecies/home/index.cfm | http://www.unep-aewa.org/sites/default/files/document/tc8_25_review_non_native_species_0.pdf
146042289,Europe (WGSRPD:1),native range,en,https://secure.fera.defra.gov.uk/nonnativespecies/home/index.cfm | http://www.unep-aewa.org/sites/default/files/document/tc8_25_review_non_native_species_0.pdf
146042289,Northern America (WGSRPD:7),native range,en,https://secure.fera.defra.gov.uk/nonnativespecies/home/index.cfm | http://www.unep-aewa.org/sites/default/files/document/tc8_25_review_non_native_species_0.pdf
146042289,cbd_2014_pathway:escape,pathway,en,https://secure.fera.defra.gov.uk/nonnativespecies/home/index.cfm | http://www.unep-aewa.org/sites/default/files/document/tc8_25_review_non_native_species_0.pdf
146042290,Australia (WGSRPD:50),native range,en,https://secure.fera.defra.gov.uk/nonnativespecies/home/index.cfm | http://www.unep-aewa.org/sites/default/files/document/tc8_25_review_non_native_species_0.pdf | http://en.wikipedia.org/wiki/Main_Page
146042290,cbd_2014_pathway:escape,pathway,en,https://secure.fera.defra.gov.uk/nonnativespecies/home/index.cfm | http://www.unep-aewa.org/sites/default/files/document/tc8_25_review_non_native_species_0.pdf | http://en.wikipedia.org/wiki/Main_Page
146042291,Asia,native range,en,https://secure.fera.defra.gov.uk/nonnativespecies/home/index.cfm | http://www.unep-aewa.org/sites/default/files/document/tc8_25_review_non_native_species_0.pdf
146042291,Europe (WGSRPD:1),native range,en,https://secure.fera.defra.gov.uk/nonnativespecies/home/index.cfm | http://www.unep-aewa.org/sites/default/files/document/tc8_25_review_non_native_species_0.pdf
146042291,cbd_2014_pathway:escape,pathway,en,https://secure.fera.defra.gov.uk/nonnativespecies/home/index.cfm | http://www.unep-aewa.org/sites/default/files/document/tc8_25_review_non_native_species_0.pdf
146042292,Northern America (WGSRPD:7),native range,en,https://secure.fera.defra.gov.uk/nonnativespecies/home/index.cfm | http://www.unep-aewa.org/sites/default/files/document/tc8_25_review_non_native_species_0.pdf
146042292,cbd_2014_pathway:escape,pathway,en,https://secure.fera.defra.gov.uk/nonnativespecies/home/index.cfm | http://www.unep-aewa.org/sites/default/files/document/tc8_25_review_non_native_species_0.pdf
146042293,Northern America (WGSRPD:7),native range,en,http://www.europe-aliens.org | http://www.issg.org/database | https://secure.fera.defra.gov.uk/nonnativespecies/home/index.cfm | http://ias.biodiversity.be | http://www.nobanis.org | http://www.nederlandsesoorten.nl | https://doi.org/10.1111/j.1523-1739.2009.01249.x | http://www.unep-aewa.org/sites/default/files/document/tc8_25_review_non_native_species_0.pdf
146042293,cbd_2014_pathway:corridor,pathway,en,http://www.europe-aliens.org | http://www.issg.org/database | https://secure.fera.defra.gov.uk/nonnativespecies/home/index.cfm | http://ias.biodiversity.be | http://www.nobanis.org | http://www.nederlandsesoorten.nl | https://doi.org/10.1111/j.1523-1739.2009.01249.x | http://www.unep-aewa.org/sites/default/files/document/tc8_25_review_non_native_species_0.pdf
146042293,cbd_2014_pathway:escape,pathway,en,http://www.europe-aliens.org | http://www.issg.org/database | https://secure.fera.defra.gov.uk/nonnativespecies/home/index.cfm | http://ias.biodiversity.be | http://www.nobanis.org | http://www.nederlandsesoorten.nl | https://doi.org/10.1111/j.1523-1739.2009.01249.x | http://www.unep-aewa.org/sites/default/files/document/tc8_25_review_non_native_species_0.pdf
146042293,cbd_2014_pathway:natural_dispersal,pathway,en,http://www.europe-aliens.org | http://www.issg.org/database | https://secure.fera.defra.gov.uk/nonnativespecies/home/index.cfm | http://ias.biodiversity.be | http://www.nobanis.org | http://www.nederlandsesoorten.nl | https://doi.org/10.1111/j.1523-1739.2009.01249.x | http://www.unep-aewa.org/sites/default/files/document/tc8_25_review_non_native_species_0.pdf
146042293,cbd_2014_pathway:release,pathway,en,http://www.europe-aliens.org | http://www.issg.org/database | https://secure.fera.defra.gov.uk/nonnativespecies/home/index.cfm | http://ias.biodiversity.be | http://www.nobanis.org | http://www.nederlandsesoorten.nl | https://doi.org/10.1111/j.1523-1739.2009.01249.x | http://www.unep-aewa.org/sites/default/files/document/tc8_25_review_non_native_species_0.pdf
146042294,Northern America (WGSRPD:7),native range,en,http://www.europe-aliens.org | https://secure.fera.defra.gov.uk/nonnativespecies/home/index.cfm | http://www.unep-aewa.org/sites/default/files/document/tc8_25_review_non_native_species_0.pdf
146042294,Southern America (WGSRPD:8),native range,en,http://www.europe-aliens.org | https://secure.fera.defra.gov.uk/nonnativespecies/home/index.cfm | http://www.unep-aewa.org/sites/default/files/document/tc8_25_review_non_native_species_0.pdf
146042294,cbd_2014_pathway:escape,pathway,en,http://www.europe-aliens.org | https://secure.fera.defra.gov.uk/nonnativespecies/home/index.cfm | http://www.unep-aewa.org/sites/default/files/document/tc8_25_review_non_native_species_0.pdf
146042295,Africa (WGSRPD:2),native range,en,http://www.europe-aliens.org | https://secure.fera.defra.gov.uk/nonnativespecies/home/index.cfm | http://www.unep-aewa.org/sites/default/files/document/tc8_25_review_non_native_species_0.pdf
146042295,Asia,native range,en,http://www.europe-aliens.org | https://secure.fera.defra.gov.uk/nonnativespecies/home/index.cfm | http://www.unep-aewa.org/sites/default/files/document/tc8_25_review_non_native_species_0.pdf
146042295,Europe (WGSRPD:1),native range,en,http://www.europe-aliens.org | https://secure.fera.defra.gov.uk/nonnativespecies/home/index.cfm | http://www.unep-aewa.org/sites/default/files/document/tc8_25_review_non_native_species_0.pdf
146042295,cbd_2014_pathway:escape,pathway,en,http://www.europe-aliens.org | https://secure.fera.defra.gov.uk/nonnativespecies/home/index.cfm | http://www.unep-aewa.org/sites/default/files/document/tc8_25_review_non_native_species_0.pdf
146042295,cbd_2014_pathway:release,pathway,en,http://www.europe-aliens.org | https://secure.fera.defra.gov.uk/nonnativespecies/home/index.cfm | http://www.unep-aewa.org/sites/default/files/document/tc8_25_review_non_native_species_0.pdf
146042296,Africa (WGSRPD:2),native range,en,https://secure.fera.defra.gov.uk/nonnativespecies/home/index.cfm | http://www.unep-aewa.org/sites/default/files/document/tc8_25_review_non_native_species_0.pdf
146042296,cbd_2014_pathway:escape,pathway,en,https://secure.fera.defra.gov.uk/nonnativespecies/home/index.cfm | http://www.unep-aewa.org/sites/default/files/document/tc8_25_review_non_native_species_0.pdf
146042297,Southern America (WGSRPD:8),native range,en,https://secure.fera.defra.gov.uk/nonnativespecies/home/index.cfm | http://www.unep-aewa.org/sites/default/files/document/tc8_25_review_non_native_species_0.pdf
146042297,cbd_2014_pathway:escape,pathway,en,https://secure.fera.defra.gov.uk/nonnativespecies/home/index.cfm | http://www.unep-aewa.org/sites/default/files/document/tc8_25_review_non_native_species_0.pdf
146042298,Europe (WGSRPD:1),native range,en,http://www.europe-aliens.org | https://secure.fera.defra.gov.uk/nonnativespecies/home/index.cfm | http://www.unep-aewa.org/sites/default/files/document/tc8_25_review_non_native_species_0.pdf
146042298,Northern America (WGSRPD:7),native range,en,http://www.europe-aliens.org | https://secure.fera.defra.gov.uk/nonnativespecies/home/index.cfm | http://www.unep-aewa.org/sites/default/files/document/tc8_25_review_non_native_species_0.pdf
146042298,cbd_2014_pathway:escape,pathway,en,http://www.europe-aliens.org | https://secure.fera.defra.gov.uk/nonnativespecies/home/index.cfm | http://www.unep-aewa.org/sites/default/files/document/tc8_25_review_non_native_species_0.pdf
146042299,Southern America (WGSRPD:8),native range,en,https://secure.fera.defra.gov.uk/nonnativespecies/home/index.cfm | http://www.unep-aewa.org/sites/default/files/document/tc8_25_review_non_native_species_0.pdf
146042299,cbd_2014_pathway:escape,pathway,en,https://secure.fera.defra.gov.uk/nonnativespecies/home/index.cfm | http://www.unep-aewa.org/sites/default/files/document/tc8_25_review_non_native_species_0.pdf
146042300,Australia (WGSRPD:50),native range,en,https://secure.fera.defra.gov.uk/nonnativespecies/home/index.cfm
146042301,Asia,native range,en,http://www.europe-aliens.org | https://secure.fera.defra.gov.uk/nonnativespecies/home/index.cfm | http://www.nobanis.org | http://www.nederlandsesoorten.nl | http://www.unep-aewa.org/sites/default/files/document/tc8_25_review_non_native_species_0.pdf
146042301,cbd_2014_pathway:escape,pathway,en,http://www.europe-aliens.org | https://secure.fera.defra.gov.uk/nonnativespecies/home/index.cfm | http://www.nobanis.org | http://www.nederlandsesoorten.nl | http://www.unep-aewa.org/sites/default/files/document/tc8_25_review_non_native_species_0.pdf
146042302,Australia (WGSRPD:50),native range,en,https://secure.fera.defra.gov.uk/nonnativespecies/home/index.cfm | http://www.unep-aewa.org/sites/default/files/document/tc8_25_review_non_native_species_0.pdf
146042302,cbd_2014_pathway:escape,pathway,en,https://secure.fera.defra.gov.uk/nonnativespecies/home/index.cfm | http://www.unep-aewa.org/sites/default/files/document/tc8_25_review_non_native_species_0.pdf
146042303,Africa (WGSRPD:2),native range,en,https://secure.fera.defra.gov.uk/nonnativespecies/home/index.cfm | http://www.unep-aewa.org/sites/default/files/document/tc8_25_review_non_native_species_0.pdf
146042303,Asia,native range,en,https://secure.fera.defra.gov.uk/nonnativespecies/home/index.cfm | http://www.unep-aewa.org/sites/default/files/document/tc8_25_review_non_native_species_0.pdf
146042303,Europe (WGSRPD:1),native range,en,https://secure.fera.defra.gov.uk/nonnativespecies/home/index.cfm | http://www.unep-aewa.org/sites/default/files/document/tc8_25_review_non_native_species_0.pdf
146042303,cbd_2014_pathway:escape,pathway,en,https://secure.fera.defra.gov.uk/nonnativespecies/home/index.cfm | http://www.unep-aewa.org/sites/default/files/document/tc8_25_review_non_native_species_0.pdf
146042305,Africa (WGSRPD:2),native range,en,http://www.issg.org/database | https://secure.fera.defra.gov.uk/nonnativespecies/home/index.cfm | https://doi.org/10.1111/j.1523-1739.2009.01249.x | http://www.fao.org/fishery/introsp/search/en | https://doi.org/10.1111/j.1365-2427.2010.02396.x
146042305,cbd_2014_pathway:release,pathway,en,http://www.issg.org/database | https://secure.fera.defra.gov.uk/nonnativespecies/home/index.cfm | https://doi.org/10.1111/j.1523-1739.2009.01249.x | http://www.fao.org/fishery/introsp/search/en | https://doi.org/10.1111/j.1365-2427.2010.02396.x
146042306,Asia,native range,en,https://doi.org/10.1007/978-3-540-79236-9_29 | https://doi.org/10.3391/ai.2013.8.1.02 | http://en.wikipedia.org/wiki/Main_Page
146042306,Northern America (WGSRPD:7),native range,en,https://doi.org/10.1007/978-3-540-79236-9_29 | https://doi.org/10.3391/ai.2013.8.1.02 | http://en.wikipedia.org/wiki/Main_Page
146042306,cbd_2014_pathway:release,pathway,en,https://doi.org/10.1007/978-3-540-79236-9_29 | https://doi.org/10.3391/ai.2013.8.1.02 | http://en.wikipedia.org/wiki/Main_Page
146042307,Africa (WGSRPD:2),native range,en,http://www.europe-aliens.org | http://www.fao.org/fishery/introsp/search/en
146042308,Northern America (WGSRPD:7),native range,en,http://www.europe-aliens.org | https://secure.fera.defra.gov.uk/nonnativespecies/home/index.cfm | http://en.wikipedia.org/wiki/Main_Page
146042308,cbd_2014_pathway:release,pathway,en,http://www.europe-aliens.org | https://secure.fera.defra.gov.uk/nonnativespecies/home/index.cfm | http://en.wikipedia.org/wiki/Main_Page
146042309,Asia,native range,en,http://www.europe-aliens.org | http://en.wikipedia.org/wiki/Main_Page
146042309,cbd_2014_pathway:release,pathway,en,http://www.europe-aliens.org | http://en.wikipedia.org/wiki/Main_Page
146042310,Europe (WGSRPD:1),native range,en,http://www.europe-aliens.org | https://secure.fera.defra.gov.uk/nonnativespecies/home/index.cfm | http://www.nobanis.org | http://www.nederlandsesoorten.nl | http://www.fao.org/fishery/introsp/search/en | https://doi.org/10.1111/j.1365-2427.2010.02396.x | https://doi.org/10.3391/ai.2006.1.2.3 | https://doi.org/10.3391/ai.2010.5.2.04
146042310,cbd_2014_pathway:corridor,pathway,en,http://www.europe-aliens.org | https://secure.fera.defra.gov.uk/nonnativespecies/home/index.cfm | http://www.nobanis.org | http://www.nederlandsesoorten.nl | http://www.fao.org/fishery/introsp/search/en | https://doi.org/10.1111/j.1365-2427.2010.02396.x | https://doi.org/10.3391/ai.2006.1.2.3 | https://doi.org/10.3391/ai.2010.5.2.04
146042310,cbd_2014_pathway:natural_dispersal,pathway,en,http://www.europe-aliens.org | https://secure.fera.defra.gov.uk/nonnativespecies/home/index.cfm | http://www.nobanis.org | http://www.nederlandsesoorten.nl | http://www.fao.org/fishery/introsp/search/en | https://doi.org/10.1111/j.1365-2427.2010.02396.x | https://doi.org/10.3391/ai.2006.1.2.3 | https://doi.org/10.3391/ai.2010.5.2.04
146042310,cbd_2014_pathway:release,pathway,en,http://www.europe-aliens.org | https://secure.fera.defra.gov.uk/nonnativespecies/home/index.cfm | http://www.nobanis.org | http://www.nederlandsesoorten.nl | http://www.fao.org/fishery/introsp/search/en | https://doi.org/10.1111/j.1365-2427.2010.02396.x | https://doi.org/10.3391/ai.2006.1.2.3 | https://doi.org/10.3391/ai.2010.5.2.04
146042311,Africa (WGSRPD:2),native range,en,http://www.europe-aliens.org | https://secure.fera.defra.gov.uk/nonnativespecies/home/index.cfm | https://doi.org/10.1111/j.1523-1739.2009.01249.x | https://doi.org/10.1111/j.1365-2427.2010.02396.x
146042311,cbd_2014_pathway:release,pathway,en,http://www.europe-aliens.org | https://secure.fera.defra.gov.uk/nonnativespecies/home/index.cfm | https://doi.org/10.1111/j.1523-1739.2009.01249.x | https://doi.org/10.1111/j.1365-2427.2010.02396.x
146042312,Northern America (WGSRPD:7),native range,en,http://www.europe-aliens.org | http://www.issg.org/database | https://secure.fera.defra.gov.uk/nonnativespecies/home/index.cfm | http://www.nederlandsesoorten.nl | https://doi.org/10.1111/j.1523-1739.2009.01249.x | http://www.fao.org/fishery/introsp/search/en | https://doi.org/10.1111/j.1365-2427.2010.02396.x | http://en.wikipedia.org/wiki/Main_Page
146042312,cbd_2014_pathway:corridor,pathway,en,http://www.europe-aliens.org | http://www.issg.org/database | https://secure.fera.defra.gov.uk/nonnativespecies/home/index.cfm | http://www.nederlandsesoorten.nl | https://doi.org/10.1111/j.1523-1739.2009.01249.x | http://www.fao.org/fishery/introsp/search/en | https://doi.org/10.1111/j.1365-2427.2010.02396.x | http://en.wikipedia.org/wiki/Main_Page
146042312,cbd_2014_pathway:escape,pathway,en,http://www.europe-aliens.org | http://www.issg.org/database | https://secure.fera.defra.gov.uk/nonnativespecies/home/index.cfm | http://www.nederlandsesoorten.nl | https://doi.org/10.1111/j.1523-1739.2009.01249.x | http://www.fao.org/fishery/introsp/search/en | https://doi.org/10.1111/j.1365-2427.2010.02396.x | http://en.wikipedia.org/wiki/Main_Page
146042312,cbd_2014_pathway:natural_dispersal,pathway,en,http://www.europe-aliens.org | http://www.issg.org/database | https://secure.fera.defra.gov.uk/nonnativespecies/home/index.cfm | http://www.nederlandsesoorten.nl | https://doi.org/10.1111/j.1523-1739.2009.01249.x | http://www.fao.org/fishery/introsp/search/en | https://doi.org/10.1111/j.1365-2427.2010.02396.x | http://en.wikipedia.org/wiki/Main_Page
146042312,cbd_2014_pathway:release,pathway,en,http://www.europe-aliens.org | http://www.issg.org/database | https://secure.fera.defra.gov.uk/nonnativespecies/home/index.cfm | http://www.nederlandsesoorten.nl | https://doi.org/10.1111/j.1523-1739.2009.01249.x | http://www.fao.org/fishery/introsp/search/en | https://doi.org/10.1111/j.1365-2427.2010.02396.x | http://en.wikipedia.org/wiki/Main_Page
146042313,Asia,native range,en,http://www.europe-aliens.org | https://secure.fera.defra.gov.uk/nonnativespecies/home/index.cfm | http://www.nobanis.org | http://www.fao.org/fishery/introsp/search/en | https://doi.org/10.1111/j.1365-2427.2010.02396.x
146042313,cbd_2014_pathway:corridor,pathway,en,http://www.europe-aliens.org | https://secure.fera.defra.gov.uk/nonnativespecies/home/index.cfm | http://www.nobanis.org | http://www.fao.org/fishery/introsp/search/en | https://doi.org/10.1111/j.1365-2427.2010.02396.x
146042313,cbd_2014_pathway:escape,pathway,en,http://www.europe-aliens.org | https://secure.fera.defra.gov.uk/nonnativespecies/home/index.cfm | http://www.nobanis.org | http://www.fao.org/fishery/introsp/search/en | https://doi.org/10.1111/j.1365-2427.2010.02396.x
146042313,cbd_2014_pathway:natural_dispersal,pathway,en,http://www.europe-aliens.org | https://secure.fera.defra.gov.uk/nonnativespecies/home/index.cfm | http://www.nobanis.org | http://www.fao.org/fishery/introsp/search/en | https://doi.org/10.1111/j.1365-2427.2010.02396.x
146042313,cbd_2014_pathway:release,pathway,en,http://www.europe-aliens.org | https://secure.fera.defra.gov.uk/nonnativespecies/home/index.cfm | http://www.nobanis.org | http://www.fao.org/fishery/introsp/search/en | https://doi.org/10.1111/j.1365-2427.2010.02396.x
146042314,Asia,native range,en,http://www.issg.org/database | https://secure.fera.defra.gov.uk/nonnativespecies/home/index.cfm | http://www.nobanis.org | http://www.nederlandsesoorten.nl | https://doi.org/10.1111/j.1523-1739.2009.01249.x | http://www.fao.org/fishery/introsp/search/en | https://doi.org/10.1111/j.1365-2427.2010.02396.x | https://doi.org/10.3391/ai.2006.1.2.3
146042314,cbd_2014_pathway:escape,pathway,en,http://www.issg.org/database | https://secure.fera.defra.gov.uk/nonnativespecies/home/index.cfm | http://www.nobanis.org | http://www.nederlandsesoorten.nl | https://doi.org/10.1111/j.1523-1739.2009.01249.x | http://www.fao.org/fishery/introsp/search/en | https://doi.org/10.1111/j.1365-2427.2010.02396.x | https://doi.org/10.3391/ai.2006.1.2.3
146042314,cbd_2014_pathway:release,pathway,en,http://www.issg.org/database | https://secure.fera.defra.gov.uk/nonnativespecies/home/index.cfm | http://www.nobanis.org | http://www.nederlandsesoorten.nl | https://doi.org/10.1111/j.1523-1739.2009.01249.x | http://www.fao.org/fishery/introsp/search/en | https://doi.org/10.1111/j.1365-2427.2010.02396.x | https://doi.org/10.3391/ai.2006.1.2.3
146042315,Africa (WGSRPD:2),native range,en,http://www.europe-aliens.org | http://www.issg.org/database | http://www.fao.org/fishery/introsp/search/en | http://en.wikipedia.org/wiki/Main_Page
146042315,Asia,native range,en,http://www.europe-aliens.org | http://www.issg.org/database | http://www.fao.org/fishery/introsp/search/en | http://en.wikipedia.org/wiki/Main_Page
146042315,cbd_2014_pathway:escape,pathway,en,http://www.europe-aliens.org | http://www.issg.org/database | http://www.fao.org/fishery/introsp/search/en | http://en.wikipedia.org/wiki/Main_Page
146042315,cbd_2014_pathway:release,pathway,en,http://www.europe-aliens.org | http://www.issg.org/database | http://www.fao.org/fishery/introsp/search/en | http://en.wikipedia.org/wiki/Main_Page
146042316,Asia,native range,en,http://www.europe-aliens.org | https://secure.fera.defra.gov.uk/nonnativespecies/home/index.cfm | http://ias.biodiversity.be | http://www.nobanis.org | https://doi.org/10.1111/j.1523-1739.2009.01249.x | http://www.fao.org/fishery/introsp/search/en | https://doi.org/10.1111/j.1365-2427.2010.02396.x | https://doi.org/10.3391/ai.2010.5.2.04
146042316,cbd_2014_pathway:contaminant,pathway,en,http://www.europe-aliens.org | https://secure.fera.defra.gov.uk/nonnativespecies/home/index.cfm | http://ias.biodiversity.be | http://www.nobanis.org | https://doi.org/10.1111/j.1523-1739.2009.01249.x | http://www.fao.org/fishery/introsp/search/en | https://doi.org/10.1111/j.1365-2427.2010.02396.x | https://doi.org/10.3391/ai.2010.5.2.04
146042316,cbd_2014_pathway:corridor,pathway,en,http://www.europe-aliens.org | https://secure.fera.defra.gov.uk/nonnativespecies/home/index.cfm | http://ias.biodiversity.be | http://www.nobanis.org | https://doi.org/10.1111/j.1523-1739.2009.01249.x | http://www.fao.org/fishery/introsp/search/en | https://doi.org/10.1111/j.1365-2427.2010.02396.x | https://doi.org/10.3391/ai.2010.5.2.04
146042316,cbd_2014_pathway:escape,pathway,en,http://www.europe-aliens.org | https://secure.fera.defra.gov.uk/nonnativespecies/home/index.cfm | http://ias.biodiversity.be | http://www.nobanis.org | https://doi.org/10.1111/j.1523-1739.2009.01249.x | http://www.fao.org/fishery/introsp/search/en | https://doi.org/10.1111/j.1365-2427.2010.02396.x | https://doi.org/10.3391/ai.2010.5.2.04
146042316,cbd_2014_pathway:natural_dispersal,pathway,en,http://www.europe-aliens.org | https://secure.fera.defra.gov.uk/nonnativespecies/home/index.cfm | http://ias.biodiversity.be | http://www.nobanis.org | https://doi.org/10.1111/j.1523-1739.2009.01249.x | http://www.fao.org/fishery/introsp/search/en | https://doi.org/10.1111/j.1365-2427.2010.02396.x | https://doi.org/10.3391/ai.2010.5.2.04
146042316,cbd_2014_pathway:release,pathway,en,http://www.europe-aliens.org | https://secure.fera.defra.gov.uk/nonnativespecies/home/index.cfm | http://ias.biodiversity.be | http://www.nobanis.org | https://doi.org/10.1111/j.1523-1739.2009.01249.x | http://www.fao.org/fishery/introsp/search/en | https://doi.org/10.1111/j.1365-2427.2010.02396.x | https://doi.org/10.3391/ai.2010.5.2.04
146042316,cbd_2014_pathway:stowaway,pathway,en,http://www.europe-aliens.org | https://secure.fera.defra.gov.uk/nonnativespecies/home/index.cfm | http://ias.biodiversity.be | http://www.nobanis.org | https://doi.org/10.1111/j.1523-1739.2009.01249.x | http://www.fao.org/fishery/introsp/search/en | https://doi.org/10.1111/j.1365-2427.2010.02396.x | https://doi.org/10.3391/ai.2010.5.2.04
146042317,Asia,native range,en,http://www.europe-aliens.org | http://www.fao.org/fishery/introsp/search/en | http://en.wikipedia.org/wiki/Main_Page
146042317,Europe (WGSRPD:1),native range,en,http://www.europe-aliens.org | http://www.fao.org/fishery/introsp/search/en | http://en.wikipedia.org/wiki/Main_Page
146042317,cbd_2014_pathway:escape,pathway,en,http://www.europe-aliens.org | http://www.fao.org/fishery/introsp/search/en | http://en.wikipedia.org/wiki/Main_Page
146042318,Africa (WGSRPD:2),native range,en,http://www.fao.org/fishery/introsp/search/en
146042319,Asia,native range,en,http://www.nederlandsesoorten.nl | http://en.wikipedia.org/wiki/Main_Page
146042319,Europe (WGSRPD:1),native range,en,http://www.nederlandsesoorten.nl | http://en.wikipedia.org/wiki/Main_Page
146042320,Northern America (WGSRPD:7),native range,en,http://www.europe-aliens.org | http://www.issg.org/database | https://secure.fera.defra.gov.uk/nonnativespecies/home/index.cfm | http://www.fao.org/fishery/introsp/search/en | https://doi.org/10.1111/j.1365-2427.2010.02396.x
146042320,cbd_2014_pathway:release,pathway,en,http://www.europe-aliens.org | http://www.issg.org/database | https://secure.fera.defra.gov.uk/nonnativespecies/home/index.cfm | http://www.fao.org/fishery/introsp/search/en | https://doi.org/10.1111/j.1365-2427.2010.02396.x
146042321,Europe (WGSRPD:1),native range,en,http://www.europe-aliens.org | https://secure.fera.defra.gov.uk/nonnativespecies/home/index.cfm | https://doi.org/10.1111/j.1365-2427.2010.02396.x
146042321,cbd_2014_pathway:escape,pathway,en,http://www.europe-aliens.org | https://secure.fera.defra.gov.uk/nonnativespecies/home/index.cfm | https://doi.org/10.1111/j.1365-2427.2010.02396.x
146042321,cbd_2014_pathway:release,pathway,en,http://www.europe-aliens.org | https://secure.fera.defra.gov.uk/nonnativespecies/home/index.cfm | https://doi.org/10.1111/j.1365-2427.2010.02396.x
146042322,Asia,native range,en,http://www.nobanis.org | http://en.wikipedia.org/wiki/Main_Page
146042322,Europe (WGSRPD:1),native range,en,http://www.nobanis.org | http://en.wikipedia.org/wiki/Main_Page
146042323,Europe (WGSRPD:1),native range,en,http://www.fao.org/fishery/introsp/search/en
146042323,cbd_2014_pathway:escape,pathway,en,http://www.fao.org/fishery/introsp/search/en
146042324,Asia,native range,en,http://www.issg.org/database | https://secure.fera.defra.gov.uk/nonnativespecies/home/index.cfm | http://www.fao.org/fishery/introsp/search/en
146042324,Europe (WGSRPD:1),native range,en,http://www.issg.org/database | https://secure.fera.defra.gov.uk/nonnativespecies/home/index.cfm | http://www.fao.org/fishery/introsp/search/en
146042324,cbd_2014_pathway:contaminant,pathway,en,http://www.issg.org/database | https://secure.fera.defra.gov.uk/nonnativespecies/home/index.cfm | http://www.fao.org/fishery/introsp/search/en
146042324,cbd_2014_pathway:escape_food_bait,pathway,en,http://www.issg.org/database | https://secure.fera.defra.gov.uk/nonnativespecies/home/index.cfm | http://www.fao.org/fishery/introsp/search/en
146042324,cbd_2014_pathway:release,pathway,en,http://www.issg.org/database | https://secure.fera.defra.gov.uk/nonnativespecies/home/index.cfm | http://www.fao.org/fishery/introsp/search/en
146042324,cbd_2014_pathway:stowaway,pathway,en,http://www.issg.org/database | https://secure.fera.defra.gov.uk/nonnativespecies/home/index.cfm | http://www.fao.org/fishery/introsp/search/en
146042325,Northern America (WGSRPD:7),native range,en,http://www.europe-aliens.org | https://secure.fera.defra.gov.uk/nonnativespecies/home/index.cfm | http://www.fao.org/fishery/introsp/search/en | https://doi.org/10.1111/j.1365-2427.2010.02396.x
146042325,cbd_2014_pathway:release,pathway,en,http://www.europe-aliens.org | https://secure.fera.defra.gov.uk/nonnativespecies/home/index.cfm | http://www.fao.org/fishery/introsp/search/en | https://doi.org/10.1111/j.1365-2427.2010.02396.x
146042326,Asia,native range,en,http://www.europe-aliens.org | http://www.nobanis.org | http://www.nederlandsesoorten.nl | http://www.fao.org/fishery/introsp/search/en | http://en.wikipedia.org/wiki/Main_Page
146042326,Europe (WGSRPD:1),native range,en,http://www.europe-aliens.org | http://www.nobanis.org | http://www.nederlandsesoorten.nl | http://www.fao.org/fishery/introsp/search/en | http://en.wikipedia.org/wiki/Main_Page
146042326,cbd_2014_pathway:contaminant,pathway,en,http://www.europe-aliens.org | http://www.nobanis.org | http://www.nederlandsesoorten.nl | http://www.fao.org/fishery/introsp/search/en | http://en.wikipedia.org/wiki/Main_Page
146042326,cbd_2014_pathway:corridor,pathway,en,http://www.europe-aliens.org | http://www.nobanis.org | http://www.nederlandsesoorten.nl | http://www.fao.org/fishery/introsp/search/en | http://en.wikipedia.org/wiki/Main_Page
146042326,cbd_2014_pathway:natural_dispersal,pathway,en,http://www.europe-aliens.org | http://www.nobanis.org | http://www.nederlandsesoorten.nl | http://www.fao.org/fishery/introsp/search/en | http://en.wikipedia.org/wiki/Main_Page
146042326,cbd_2014_pathway:stowaway,pathway,en,http://www.europe-aliens.org | http://www.nobanis.org | http://www.nederlandsesoorten.nl | http://www.fao.org/fishery/introsp/search/en | http://en.wikipedia.org/wiki/Main_Page
146042328,Northern America (WGSRPD:7),native range,en,http://www.issg.org/database | http://www.fao.org/fishery/introsp/search/en
146042328,cbd_2014_pathway:escape,pathway,en,http://www.issg.org/database | http://www.fao.org/fishery/introsp/search/en
146042328,cbd_2014_pathway:release,pathway,en,http://www.issg.org/database | http://www.fao.org/fishery/introsp/search/en
146042329,Europe (WGSRPD:1),native range,en,http://www.fao.org/fishery/introsp/search/en | http://en.wikipedia.org/wiki/Main_Page
146042330,Europe (WGSRPD:1),native range,en,http://www.europe-aliens.org | http://www.nederlandsesoorten.nl | http://www.fao.org/fishery/introsp/search/en | http://en.wikipedia.org/wiki/Main_Page
146042331,Europe (WGSRPD:1),native range,en,http://www.fao.org/fishery/introsp/search/en | http://en.wikipedia.org/wiki/Main_Page
146042332,Asia,native range,en,http://www.europe-aliens.org | http://www.nederlandsesoorten.nl | http://www.fao.org/fishery/introsp/search/en | http://en.wikipedia.org/wiki/Main_Page
146042332,Northern America (WGSRPD:7),native range,en,http://www.europe-aliens.org | http://www.nederlandsesoorten.nl | http://www.fao.org/fishery/introsp/search/en | http://en.wikipedia.org/wiki/Main_Page
146042332,cbd_2014_pathway:contaminant,pathway,en,http://www.europe-aliens.org | http://www.nederlandsesoorten.nl | http://www.fao.org/fishery/introsp/search/en | http://en.wikipedia.org/wiki/Main_Page
146042332,cbd_2014_pathway:escape,pathway,en,http://www.europe-aliens.org | http://www.nederlandsesoorten.nl | http://www.fao.org/fishery/introsp/search/en | http://en.wikipedia.org/wiki/Main_Page
146042332,cbd_2014_pathway:release,pathway,en,http://www.europe-aliens.org | http://www.nederlandsesoorten.nl | http://www.fao.org/fishery/introsp/search/en | http://en.wikipedia.org/wiki/Main_Page
146042332,cbd_2014_pathway:stowaway,pathway,en,http://www.europe-aliens.org | http://www.nederlandsesoorten.nl | http://www.fao.org/fishery/introsp/search/en | http://en.wikipedia.org/wiki/Main_Page
146042333,Asia,native range,en,http://www.europe-aliens.org | http://ias.biodiversity.be | http://www.nobanis.org | http://www.nederlandsesoorten.nl | http://www.fao.org/fishery/introsp/search/en | http://en.wikipedia.org/wiki/Main_Page
146042333,Europe (WGSRPD:1),native range,en,http://www.europe-aliens.org | http://ias.biodiversity.be | http://www.nobanis.org | http://www.nederlandsesoorten.nl | http://www.fao.org/fishery/introsp/search/en | http://en.wikipedia.org/wiki/Main_Page
146042333,cbd_2014_pathway:release,pathway,en,http://www.europe-aliens.org | http://ias.biodiversity.be | http://www.nobanis.org | http://www.nederlandsesoorten.nl | http://www.fao.org/fishery/introsp/search/en | http://en.wikipedia.org/wiki/Main_Page
146042334,Asia,native range,en,http://www.nobanis.org | http://www.nederlandsesoorten.nl | http://en.wikipedia.org/wiki/Main_Page
146042334,Europe (WGSRPD:1),native range,en,http://www.nobanis.org | http://www.nederlandsesoorten.nl | http://en.wikipedia.org/wiki/Main_Page
146042335,Asia,native range,en,http://www.europe-aliens.org | https://secure.fera.defra.gov.uk/nonnativespecies/home/index.cfm | http://www.nobanis.org | http://www.nederlandsesoorten.nl | https://doi.org/10.1111/j.1523-1739.2009.01249.x | http://www.fao.org/fishery/introsp/search/en | https://doi.org/10.1111/j.1365-2427.2010.02396.x | https://doi.org/10.3391/ai.2006.1.2.3
146042335,Europe (WGSRPD:1),native range,en,http://www.europe-aliens.org | https://secure.fera.defra.gov.uk/nonnativespecies/home/index.cfm | http://www.nobanis.org | http://www.nederlandsesoorten.nl | https://doi.org/10.1111/j.1523-1739.2009.01249.x | http://www.fao.org/fishery/introsp/search/en | https://doi.org/10.1111/j.1365-2427.2010.02396.x | https://doi.org/10.3391/ai.2006.1.2.3
146042335,cbd_2014_pathway:corridor,pathway,en,http://www.europe-aliens.org | https://secure.fera.defra.gov.uk/nonnativespecies/home/index.cfm | http://www.nobanis.org | http://www.nederlandsesoorten.nl | https://doi.org/10.1111/j.1523-1739.2009.01249.x | http://www.fao.org/fishery/introsp/search/en | https://doi.org/10.1111/j.1365-2427.2010.02396.x | https://doi.org/10.3391/ai.2006.1.2.3
146042335,cbd_2014_pathway:natural_dispersal,pathway,en,http://www.europe-aliens.org | https://secure.fera.defra.gov.uk/nonnativespecies/home/index.cfm | http://www.nobanis.org | http://www.nederlandsesoorten.nl | https://doi.org/10.1111/j.1523-1739.2009.01249.x | http://www.fao.org/fishery/introsp/search/en | https://doi.org/10.1111/j.1365-2427.2010.02396.x | https://doi.org/10.3391/ai.2006.1.2.3
146042335,cbd_2014_pathway:release,pathway,en,http://www.europe-aliens.org | https://secure.fera.defra.gov.uk/nonnativespecies/home/index.cfm | http://www.nobanis.org | http://www.nederlandsesoorten.nl | https://doi.org/10.1111/j.1523-1739.2009.01249.x | http://www.fao.org/fishery/introsp/search/en | https://doi.org/10.1111/j.1365-2427.2010.02396.x | https://doi.org/10.3391/ai.2006.1.2.3
146042336,Northern America (WGSRPD:7),native range,en,http://www.europe-aliens.org | https://secure.fera.defra.gov.uk/nonnativespecies/home/index.cfm | http://ias.biodiversity.be | http://www.nobanis.org | http://www.nederlandsesoorten.nl | http://www.fao.org/fishery/introsp/search/en | https://doi.org/10.1111/j.1365-2427.2010.02396.x | https://doi.org/10.3391/ai.2010.5.2.04
146042336,cbd_2014_pathway:contaminant,pathway,en,http://www.europe-aliens.org | https://secure.fera.defra.gov.uk/nonnativespecies/home/index.cfm | http://ias.biodiversity.be | http://www.nobanis.org | http://www.nederlandsesoorten.nl | http://www.fao.org/fishery/introsp/search/en | https://doi.org/10.1111/j.1365-2427.2010.02396.x | https://doi.org/10.3391/ai.2010.5.2.04
146042336,cbd_2014_pathway:escape,pathway,en,http://www.europe-aliens.org | https://secure.fera.defra.gov.uk/nonnativespecies/home/index.cfm | http://ias.biodiversity.be | http://www.nobanis.org | http://www.nederlandsesoorten.nl | http://www.fao.org/fishery/introsp/search/en | https://doi.org/10.1111/j.1365-2427.2010.02396.x | https://doi.org/10.3391/ai.2010.5.2.04
146042336,cbd_2014_pathway:release,pathway,en,http://www.europe-aliens.org | https://secure.fera.defra.gov.uk/nonnativespecies/home/index.cfm | http://ias.biodiversity.be | http://www.nobanis.org | http://www.nederlandsesoorten.nl | http://www.fao.org/fishery/introsp/search/en | https://doi.org/10.1111/j.1365-2427.2010.02396.x | https://doi.org/10.3391/ai.2010.5.2.04
146042336,cbd_2014_pathway:stowaway,pathway,en,http://www.europe-aliens.org | https://secure.fera.defra.gov.uk/nonnativespecies/home/index.cfm | http://ias.biodiversity.be | http://www.nobanis.org | http://www.nederlandsesoorten.nl | http://www.fao.org/fishery/introsp/search/en | https://doi.org/10.1111/j.1365-2427.2010.02396.x | https://doi.org/10.3391/ai.2010.5.2.04
146042337,Asia,native range,en,http://www.europe-aliens.org | https://secure.fera.defra.gov.uk/nonnativespecies/home/index.cfm
146042337,cbd_2014_pathway:release,pathway,en,http://www.europe-aliens.org | https://secure.fera.defra.gov.uk/nonnativespecies/home/index.cfm
146042338,Asia,native range,en,http://www.fao.org/fishery/introsp/search/en | http://en.wikipedia.org/wiki/Main_Page
146042338,cbd_2014_pathway:release,pathway,en,http://www.fao.org/fishery/introsp/search/en | http://en.wikipedia.org/wiki/Main_Page
146042339,Asia,native range,en,http://www.nobanis.org | http://www.nederlandsesoorten.nl | http://en.wikipedia.org/wiki/Main_Page
146042339,Europe (WGSRPD:1),native range,en,http://www.nobanis.org | http://www.nederlandsesoorten.nl | http://en.wikipedia.org/wiki/Main_Page
146042340,Northern America (WGSRPD:7),native range,en,http://www.europe-aliens.org | https://secure.fera.defra.gov.uk/nonnativespecies/home/index.cfm | http://www.nederlandsesoorten.nl | http://www.fao.org/fishery/introsp/search/en | https://doi.org/10.1007/978-3-540-79236-9_29 | http://www.repository.naturalis.nl/document/41874 | https://doi.org/10.3391/ai.2013.8.1.02
146042340,cbd_2014_pathway:corridor,pathway,en,http://www.europe-aliens.org | https://secure.fera.defra.gov.uk/nonnativespecies/home/index.cfm | http://www.nederlandsesoorten.nl | http://www.fao.org/fishery/introsp/search/en | https://doi.org/10.1007/978-3-540-79236-9_29 | http://www.repository.naturalis.nl/document/41874 | https://doi.org/10.3391/ai.2013.8.1.02
146042340,cbd_2014_pathway:escape,pathway,en,http://www.europe-aliens.org | https://secure.fera.defra.gov.uk/nonnativespecies/home/index.cfm | http://www.nederlandsesoorten.nl | http://www.fao.org/fishery/introsp/search/en | https://doi.org/10.1007/978-3-540-79236-9_29 | http://www.repository.naturalis.nl/document/41874 | https://doi.org/10.3391/ai.2013.8.1.02
146042340,cbd_2014_pathway:natural_dispersal,pathway,en,http://www.europe-aliens.org | https://secure.fera.defra.gov.uk/nonnativespecies/home/index.cfm | http://www.nederlandsesoorten.nl | http://www.fao.org/fishery/introsp/search/en | https://doi.org/10.1007/978-3-540-79236-9_29 | http://www.repository.naturalis.nl/document/41874 | https://doi.org/10.3391/ai.2013.8.1.02
146042340,cbd_2014_pathway:release,pathway,en,http://www.europe-aliens.org | https://secure.fera.defra.gov.uk/nonnativespecies/home/index.cfm | http://www.nederlandsesoorten.nl | http://www.fao.org/fishery/introsp/search/en | https://doi.org/10.1007/978-3-540-79236-9_29 | http://www.repository.naturalis.nl/document/41874 | https://doi.org/10.3391/ai.2013.8.1.02
146042341,Northern America (WGSRPD:7),native range,en,http://www.europe-aliens.org | https://secure.fera.defra.gov.uk/nonnativespecies/home/index.cfm | http://ias.biodiversity.be | http://www.nobanis.org | http://www.nederlandsesoorten.nl | https://doi.org/10.1111/j.1523-1739.2009.01249.x | http://www.fao.org/fishery/introsp/search/en | https://doi.org/10.1111/j.1365-2427.2010.02396.x | https://doi.org/10.3391/ai.2006.1.2.3
146042341,cbd_2014_pathway:contaminant,pathway,en,http://www.europe-aliens.org | https://secure.fera.defra.gov.uk/nonnativespecies/home/index.cfm | http://ias.biodiversity.be | http://www.nobanis.org | http://www.nederlandsesoorten.nl | https://doi.org/10.1111/j.1523-1739.2009.01249.x | http://www.fao.org/fishery/introsp/search/en | https://doi.org/10.1111/j.1365-2427.2010.02396.x | https://doi.org/10.3391/ai.2006.1.2.3
146042341,cbd_2014_pathway:escape,pathway,en,http://www.europe-aliens.org | https://secure.fera.defra.gov.uk/nonnativespecies/home/index.cfm | http://ias.biodiversity.be | http://www.nobanis.org | http://www.nederlandsesoorten.nl | https://doi.org/10.1111/j.1523-1739.2009.01249.x | http://www.fao.org/fishery/introsp/search/en | https://doi.org/10.1111/j.1365-2427.2010.02396.x | https://doi.org/10.3391/ai.2006.1.2.3
146042341,cbd_2014_pathway:release,pathway,en,http://www.europe-aliens.org | https://secure.fera.defra.gov.uk/nonnativespecies/home/index.cfm | http://ias.biodiversity.be | http://www.nobanis.org | http://www.nederlandsesoorten.nl | https://doi.org/10.1111/j.1523-1739.2009.01249.x | http://www.fao.org/fishery/introsp/search/en | https://doi.org/10.1111/j.1365-2427.2010.02396.x | https://doi.org/10.3391/ai.2006.1.2.3
146042341,cbd_2014_pathway:stowaway,pathway,en,http://www.europe-aliens.org | https://secure.fera.defra.gov.uk/nonnativespecies/home/index.cfm | http://ias.biodiversity.be | http://www.nobanis.org | http://www.nederlandsesoorten.nl | https://doi.org/10.1111/j.1523-1739.2009.01249.x | http://www.fao.org/fishery/introsp/search/en | https://doi.org/10.1111/j.1365-2427.2010.02396.x | https://doi.org/10.3391/ai.2006.1.2.3
146042342,Europe (WGSRPD:1),native range,en,http://www.nobanis.org | http://www.nederlandsesoorten.nl | http://en.wikipedia.org/wiki/Main_Page
146042343,Africa (WGSRPD:2),native range,en,https://secure.fera.defra.gov.uk/nonnativespecies/home/index.cfm | http://www.repository.naturalis.nl/document/41874
146042343,Europe (WGSRPD:1),native range,en,https://secure.fera.defra.gov.uk/nonnativespecies/home/index.cfm | http://www.repository.naturalis.nl/document/41874
146042343,cbd_2014_pathway:contaminant,pathway,en,https://secure.fera.defra.gov.uk/nonnativespecies/home/index.cfm | http://www.repository.naturalis.nl/document/41874
146042343,cbd_2014_pathway:stowaway,pathway,en,https://secure.fera.defra.gov.uk/nonnativespecies/home/index.cfm | http://www.repository.naturalis.nl/document/41874
146042344,Asia,native range,en,http://www.europe-aliens.org | https://secure.fera.defra.gov.uk/nonnativespecies/home/index.cfm | http://www.nobanis.org | http://www.nederlandsesoorten.nl | http://www.fao.org/fishery/introsp/search/en | https://doi.org/10.1007/978-3-540-79236-9_29
146042344,Europe (WGSRPD:1),native range,en,http://www.europe-aliens.org | https://secure.fera.defra.gov.uk/nonnativespecies/home/index.cfm | http://www.nobanis.org | http://www.nederlandsesoorten.nl | http://www.fao.org/fishery/introsp/search/en | https://doi.org/10.1007/978-3-540-79236-9_29
146042344,cbd_2014_pathway:contaminant,pathway,en,http://www.europe-aliens.org | https://secure.fera.defra.gov.uk/nonnativespecies/home/index.cfm | http://www.nobanis.org | http://www.nederlandsesoorten.nl | http://www.fao.org/fishery/introsp/search/en | https://doi.org/10.1007/978-3-540-79236-9_29
146042344,cbd_2014_pathway:corridor,pathway,en,http://www.europe-aliens.org | https://secure.fera.defra.gov.uk/nonnativespecies/home/index.cfm | http://www.nobanis.org | http://www.nederlandsesoorten.nl | http://www.fao.org/fishery/introsp/search/en | https://doi.org/10.1007/978-3-540-79236-9_29
146042344,cbd_2014_pathway:natural_dispersal,pathway,en,http://www.europe-aliens.org | https://secure.fera.defra.gov.uk/nonnativespecies/home/index.cfm | http://www.nobanis.org | http://www.nederlandsesoorten.nl | http://www.fao.org/fishery/introsp/search/en | https://doi.org/10.1007/978-3-540-79236-9_29
146042344,cbd_2014_pathway:stowaway,pathway,en,http://www.europe-aliens.org | https://secure.fera.defra.gov.uk/nonnativespecies/home/index.cfm | http://www.nobanis.org | http://www.nederlandsesoorten.nl | http://www.fao.org/fishery/introsp/search/en | https://doi.org/10.1007/978-3-540-79236-9_29
146042345,Europe (WGSRPD:1),native range,en,http://www.fao.org/fishery/introsp/search/en
146042345,cbd_2014_pathway:escape_food_bait,pathway,en,http://www.fao.org/fishery/introsp/search/en
146042346,Northern America (WGSRPD:7),native range,en,http://www.fao.org/fishery/introsp/search/en | http://en.wikipedia.org/wiki/Main_Page
146042347,Europe (WGSRPD:1),native range,en,http://www.europe-aliens.org | https://secure.fera.defra.gov.uk/nonnativespecies/home/index.cfm | https://doi.org/10.1111/j.1365-2427.2010.02396.x
146042347,Northern America (WGSRPD:7),native range,en,http://www.europe-aliens.org | https://secure.fera.defra.gov.uk/nonnativespecies/home/index.cfm | https://doi.org/10.1111/j.1365-2427.2010.02396.x
146042347,cbd_2014_pathway:release,pathway,en,http://www.europe-aliens.org | https://secure.fera.defra.gov.uk/nonnativespecies/home/index.cfm | https://doi.org/10.1111/j.1365-2427.2010.02396.x
146042348,Asia,native range,en,http://www.nobanis.org | http://www.nederlandsesoorten.nl | http://www.fao.org/fishery/introsp/search/en | http://en.wikipedia.org/wiki/Main_Page
146042348,Europe (WGSRPD:1),native range,en,http://www.nobanis.org | http://www.nederlandsesoorten.nl | http://www.fao.org/fishery/introsp/search/en | http://en.wikipedia.org/wiki/Main_Page
146042348,cbd_2014_pathway:corridor,pathway,en,http://www.nobanis.org | http://www.nederlandsesoorten.nl | http://www.fao.org/fishery/introsp/search/en | http://en.wikipedia.org/wiki/Main_Page
146042348,cbd_2014_pathway:natural_dispersal,pathway,en,http://www.nobanis.org | http://www.nederlandsesoorten.nl | http://www.fao.org/fishery/introsp/search/en | http://en.wikipedia.org/wiki/Main_Page
146042349,Asia,native range,en,http://www.fao.org/fishery/introsp/search/en | http://en.wikipedia.org/wiki/Main_Page
146042349,cbd_2014_pathway:escape,pathway,en,http://www.fao.org/fishery/introsp/search/en | http://en.wikipedia.org/wiki/Main_Page
146042350,cbd_2014_pathway:escape,pathway,en,http://www.fao.org/fishery/introsp/search/en
146042351,Asia,native range,en,http://www.europe-aliens.org | https://secure.fera.defra.gov.uk/nonnativespecies/home/index.cfm | https://doi.org/10.1111/j.1523-1739.2009.01249.x | http://www.fao.org/fishery/introsp/search/en | https://doi.org/10.1111/j.1365-2427.2010.02396.x
146042351,Europe (WGSRPD:1),native range,en,http://www.europe-aliens.org | https://secure.fera.defra.gov.uk/nonnativespecies/home/index.cfm | https://doi.org/10.1111/j.1523-1739.2009.01249.x | http://www.fao.org/fishery/introsp/search/en | https://doi.org/10.1111/j.1365-2427.2010.02396.x
146042351,cbd_2014_pathway:release,pathway,en,http://www.europe-aliens.org | https://secure.fera.defra.gov.uk/nonnativespecies/home/index.cfm | https://doi.org/10.1111/j.1523-1739.2009.01249.x | http://www.fao.org/fishery/introsp/search/en | https://doi.org/10.1111/j.1365-2427.2010.02396.x
146042353,Asia,native range,en,http://www.europe-aliens.org | http://www.issg.org/database | https://secure.fera.defra.gov.uk/nonnativespecies/home/index.cfm | http://www.fao.org/fishery/introsp/search/en | https://doi.org/10.1111/j.1365-2427.2010.02396.x
146042353,cbd_2014_pathway:escape,pathway,en,http://www.europe-aliens.org | http://www.issg.org/database | https://secure.fera.defra.gov.uk/nonnativespecies/home/index.cfm | http://www.fao.org/fishery/introsp/search/en | https://doi.org/10.1111/j.1365-2427.2010.02396.x
146042353,cbd_2014_pathway:release,pathway,en,http://www.europe-aliens.org | http://www.issg.org/database | https://secure.fera.defra.gov.uk/nonnativespecies/home/index.cfm | http://www.fao.org/fishery/introsp/search/en | https://doi.org/10.1111/j.1365-2427.2010.02396.x
146042354,Southern America (WGSRPD:8),native range,en,http://www.europe-aliens.org | http://www.issg.org/database | https://secure.fera.defra.gov.uk/nonnativespecies/home/index.cfm | http://www.nederlandsesoorten.nl | https://doi.org/10.1111/j.1523-1739.2009.01249.x | http://www.fao.org/fishery/introsp/search/en | https://doi.org/10.1007/978-3-540-79236-9_29 | http://www.repository.naturalis.nl/document/41874 | https://doi.org/10.1111/j.1365-2427.2010.02396.x
146042354,cbd_2014_pathway:release,pathway,en,http://www.europe-aliens.org | http://www.issg.org/database | https://secure.fera.defra.gov.uk/nonnativespecies/home/index.cfm | http://www.nederlandsesoorten.nl | https://doi.org/10.1111/j.1523-1739.2009.01249.x | http://www.fao.org/fishery/introsp/search/en | https://doi.org/10.1007/978-3-540-79236-9_29 | http://www.repository.naturalis.nl/document/41874 | https://doi.org/10.1111/j.1365-2427.2010.02396.x
146042355,Asia,native range,en,http://www.fao.org/fishery/introsp/search/en
146042356,Asia,native range,en,http://www.europe-aliens.org | https://secure.fera.defra.gov.uk/nonnativespecies/home/index.cfm | https://doi.org/10.1111/j.1523-1739.2009.01249.x | http://www.fao.org/fishery/introsp/search/en | https://doi.org/10.1111/j.1365-2427.2010.02396.x
146042356,Europe (WGSRPD:1),native range,en,http://www.europe-aliens.org | https://secure.fera.defra.gov.uk/nonnativespecies/home/index.cfm | https://doi.org/10.1111/j.1523-1739.2009.01249.x | http://www.fao.org/fishery/introsp/search/en | https://doi.org/10.1111/j.1365-2427.2010.02396.x
146042356,cbd_2014_pathway:contaminant,pathway,en,http://www.europe-aliens.org | https://secure.fera.defra.gov.uk/nonnativespecies/home/index.cfm | https://doi.org/10.1111/j.1523-1739.2009.01249.x | http://www.fao.org/fishery/introsp/search/en | https://doi.org/10.1111/j.1365-2427.2010.02396.x
146042356,cbd_2014_pathway:corridor,pathway,en,http://www.europe-aliens.org | https://secure.fera.defra.gov.uk/nonnativespecies/home/index.cfm | https://doi.org/10.1111/j.1523-1739.2009.01249.x | http://www.fao.org/fishery/introsp/search/en | https://doi.org/10.1111/j.1365-2427.2010.02396.x
146042356,cbd_2014_pathway:escape,pathway,en,http://www.europe-aliens.org | https://secure.fera.defra.gov.uk/nonnativespecies/home/index.cfm | https://doi.org/10.1111/j.1523-1739.2009.01249.x | http://www.fao.org/fishery/introsp/search/en | https://doi.org/10.1111/j.1365-2427.2010.02396.x
146042356,cbd_2014_pathway:natural_dispersal,pathway,en,http://www.europe-aliens.org | https://secure.fera.defra.gov.uk/nonnativespecies/home/index.cfm | https://doi.org/10.1111/j.1523-1739.2009.01249.x | http://www.fao.org/fishery/introsp/search/en | https://doi.org/10.1111/j.1365-2427.2010.02396.x
146042356,cbd_2014_pathway:stowaway,pathway,en,http://www.europe-aliens.org | https://secure.fera.defra.gov.uk/nonnativespecies/home/index.cfm | https://doi.org/10.1111/j.1523-1739.2009.01249.x | http://www.fao.org/fishery/introsp/search/en | https://doi.org/10.1111/j.1365-2427.2010.02396.x
146042357,Asia,native range,en,http://www.nederlandsesoorten.nl | https://doi.org/10.3391/bir.2013.2.2.14
146042357,cbd_2014_pathway:escape,pathway,en,http://www.nederlandsesoorten.nl | https://doi.org/10.3391/bir.2013.2.2.14
146042357,cbd_2014_pathway:release,pathway,en,http://www.nederlandsesoorten.nl | https://doi.org/10.3391/bir.2013.2.2.14
146042358,Northern America (WGSRPD:7),native range,en,http://www.europe-aliens.org | https://secure.fera.defra.gov.uk/nonnativespecies/home/index.cfm | https://doi.org/10.1111/j.1523-1739.2009.01249.x | http://www.fao.org/fishery/introsp/search/en | https://doi.org/10.1111/j.1365-2427.2010.02396.x
146042358,cbd_2014_pathway:release,pathway,en,http://www.europe-aliens.org | https://secure.fera.defra.gov.uk/nonnativespecies/home/index.cfm | https://doi.org/10.1111/j.1523-1739.2009.01249.x | http://www.fao.org/fishery/introsp/search/en | https://doi.org/10.1111/j.1365-2427.2010.02396.x
146042359,Asia,native range,en,http://www.europe-aliens.org | https://secure.fera.defra.gov.uk/nonnativespecies/home/index.cfm | http://www.fao.org/fishery/introsp/search/en | https://doi.org/10.3391/ai.2013.8.1.02 | https://doi.org/10.1111/j.1365-2427.2010.02396.x
146042359,Northern America (WGSRPD:7),native range,en,http://www.europe-aliens.org | https://secure.fera.defra.gov.uk/nonnativespecies/home/index.cfm | http://www.fao.org/fishery/introsp/search/en | https://doi.org/10.3391/ai.2013.8.1.02 | https://doi.org/10.1111/j.1365-2427.2010.02396.x
146042359,cbd_2014_pathway:corridor,pathway,en,http://www.europe-aliens.org | https://secure.fera.defra.gov.uk/nonnativespecies/home/index.cfm | http://www.fao.org/fishery/introsp/search/en | https://doi.org/10.3391/ai.2013.8.1.02 | https://doi.org/10.1111/j.1365-2427.2010.02396.x
146042359,cbd_2014_pathway:escape,pathway,en,http://www.europe-aliens.org | https://secure.fera.defra.gov.uk/nonnativespecies/home/index.cfm | http://www.fao.org/fishery/introsp/search/en | https://doi.org/10.3391/ai.2013.8.1.02 | https://doi.org/10.1111/j.1365-2427.2010.02396.x
146042359,cbd_2014_pathway:natural_dispersal,pathway,en,http://www.europe-aliens.org | https://secure.fera.defra.gov.uk/nonnativespecies/home/index.cfm | http://www.fao.org/fishery/introsp/search/en | https://doi.org/10.3391/ai.2013.8.1.02 | https://doi.org/10.1111/j.1365-2427.2010.02396.x
146042359,cbd_2014_pathway:release,pathway,en,http://www.europe-aliens.org | https://secure.fera.defra.gov.uk/nonnativespecies/home/index.cfm | http://www.fao.org/fishery/introsp/search/en | https://doi.org/10.3391/ai.2013.8.1.02 | https://doi.org/10.1111/j.1365-2427.2010.02396.x
146042360,Northern America (WGSRPD:7),native range,en,http://www.issg.org/database | http://ias.biodiversity.be | http://www.nobanis.org | http://www.nederlandsesoorten.nl | http://www.fao.org/fishery/introsp/search/en | http://en.wikipedia.org/wiki/Main_Page
146042360,cbd_2014_pathway:corridor,pathway,en,http://www.issg.org/database | http://ias.biodiversity.be | http://www.nobanis.org | http://www.nederlandsesoorten.nl | http://www.fao.org/fishery/introsp/search/en | http://en.wikipedia.org/wiki/Main_Page
146042360,cbd_2014_pathway:natural_dispersal,pathway,en,http://www.issg.org/database | http://ias.biodiversity.be | http://www.nobanis.org | http://www.nederlandsesoorten.nl | http://www.fao.org/fishery/introsp/search/en | http://en.wikipedia.org/wiki/Main_Page
146042361,Asia,native range,en,http://www.europe-aliens.org | http://www.issg.org/database | https://secure.fera.defra.gov.uk/nonnativespecies/home/index.cfm | http://www.nederlandsesoorten.nl | http://www.fao.org/fishery/introsp/search/en | https://doi.org/10.1111/j.1365-2427.2010.02396.x
146042361,Europe (WGSRPD:1),native range,en,http://www.europe-aliens.org | http://www.issg.org/database | https://secure.fera.defra.gov.uk/nonnativespecies/home/index.cfm | http://www.nederlandsesoorten.nl | http://www.fao.org/fishery/introsp/search/en | https://doi.org/10.1111/j.1365-2427.2010.02396.x
146042361,cbd_2014_pathway:corridor,pathway,en,http://www.europe-aliens.org | http://www.issg.org/database | https://secure.fera.defra.gov.uk/nonnativespecies/home/index.cfm | http://www.nederlandsesoorten.nl | http://www.fao.org/fishery/introsp/search/en | https://doi.org/10.1111/j.1365-2427.2010.02396.x
146042361,cbd_2014_pathway:natural_dispersal,pathway,en,http://www.europe-aliens.org | http://www.issg.org/database | https://secure.fera.defra.gov.uk/nonnativespecies/home/index.cfm | http://www.nederlandsesoorten.nl | http://www.fao.org/fishery/introsp/search/en | https://doi.org/10.1111/j.1365-2427.2010.02396.x
146042361,cbd_2014_pathway:release,pathway,en,http://www.europe-aliens.org | http://www.issg.org/database | https://secure.fera.defra.gov.uk/nonnativespecies/home/index.cfm | http://www.nederlandsesoorten.nl | http://www.fao.org/fishery/introsp/search/en | https://doi.org/10.1111/j.1365-2427.2010.02396.x
146042362,Northern America (WGSRPD:7),native range,en,http://www.issg.org/database | http://www.fao.org/fishery/introsp/search/en
146042362,cbd_2014_pathway:release_biocontrol,pathway,en,http://www.issg.org/database | http://www.fao.org/fishery/introsp/search/en
146042363,Europe (WGSRPD:1),native range,en,http://www.fao.org/fishery/introsp/search/en | http://en.wikipedia.org/wiki/Main_Page
146042364,Europe (WGSRPD:1),native range,en,http://www.cabi.org/isc | https://secure.fera.defra.gov.uk/nonnativespecies/home/index.cfm | http://www.fao.org/fishery/introsp/search/en | https://doi.org/10.1111/j.1365-2427.2010.02396.x
146042364,cbd_2014_pathway:escape,pathway,en,http://www.cabi.org/isc | https://secure.fera.defra.gov.uk/nonnativespecies/home/index.cfm | http://www.fao.org/fishery/introsp/search/en | https://doi.org/10.1111/j.1365-2427.2010.02396.x
146042364,cbd_2014_pathway:release,pathway,en,http://www.cabi.org/isc | https://secure.fera.defra.gov.uk/nonnativespecies/home/index.cfm | http://www.fao.org/fishery/introsp/search/en | https://doi.org/10.1111/j.1365-2427.2010.02396.x
146042365,Asia,native range,en,http://www.fao.org/fishery/introsp/search/en | http://en.wikipedia.org/wiki/Main_Page
146042365,Europe (WGSRPD:1),native range,en,http://www.fao.org/fishery/introsp/search/en | http://en.wikipedia.org/wiki/Main_Page
146042366,Europe (WGSRPD:1),native range,en,http://www.nobanis.org | http://www.nederlandsesoorten.nl
146042367,Northern America (WGSRPD:7),native range,en,https://secure.fera.defra.gov.uk/nonnativespecies/home/index.cfm | https://doi.org/10.1111/j.1365-2427.2010.02396.x
146042368,Northern America (WGSRPD:7),native range,en,http://www.europe-aliens.org | https://doi.org/10.1007/978-3-540-79236-9_29 | http://www.repository.naturalis.nl/document/41874
146042368,cbd_2014_pathway:contaminant,pathway,en,http://www.europe-aliens.org | https://doi.org/10.1007/978-3-540-79236-9_29 | http://www.repository.naturalis.nl/document/41874
146042368,cbd_2014_pathway:escape,pathway,en,http://www.europe-aliens.org | https://doi.org/10.1007/978-3-540-79236-9_29 | http://www.repository.naturalis.nl/document/41874
146042368,cbd_2014_pathway:release,pathway,en,http://www.europe-aliens.org | https://doi.org/10.1007/978-3-540-79236-9_29 | http://www.repository.naturalis.nl/document/41874
146042368,cbd_2014_pathway:stowaway,pathway,en,http://www.europe-aliens.org | https://doi.org/10.1007/978-3-540-79236-9_29 | http://www.repository.naturalis.nl/document/41874
146042369,Africa (WGSRPD:2),native range,en,http://www.issg.org/database | http://www.fao.org/fishery/introsp/search/en
146042369,cbd_2014_pathway:escape_research,pathway,en,http://www.issg.org/database | http://www.fao.org/fishery/introsp/search/en
146042370,Asia,native range,en,http://www.europe-aliens.org | http://www.issg.org/database | https://secure.fera.defra.gov.uk/nonnativespecies/home/index.cfm | http://www.nederlandsesoorten.nl | http://www.fao.org/fishery/introsp/search/en | https://doi.org/10.1111/j.1365-2427.2010.02396.x
146042370,cbd_2014_pathway:corridor,pathway,en,http://www.europe-aliens.org | http://www.issg.org/database | https://secure.fera.defra.gov.uk/nonnativespecies/home/index.cfm | http://www.nederlandsesoorten.nl | http://www.fao.org/fishery/introsp/search/en | https://doi.org/10.1111/j.1365-2427.2010.02396.x
146042370,cbd_2014_pathway:escape,pathway,en,http://www.europe-aliens.org | http://www.issg.org/database | https://secure.fera.defra.gov.uk/nonnativespecies/home/index.cfm | http://www.nederlandsesoorten.nl | http://www.fao.org/fishery/introsp/search/en | https://doi.org/10.1111/j.1365-2427.2010.02396.x
146042370,cbd_2014_pathway:natural_dispersal,pathway,en,http://www.europe-aliens.org | http://www.issg.org/database | https://secure.fera.defra.gov.uk/nonnativespecies/home/index.cfm | http://www.nederlandsesoorten.nl | http://www.fao.org/fishery/introsp/search/en | https://doi.org/10.1111/j.1365-2427.2010.02396.x
146042370,cbd_2014_pathway:release,pathway,en,http://www.europe-aliens.org | http://www.issg.org/database | https://secure.fera.defra.gov.uk/nonnativespecies/home/index.cfm | http://www.nederlandsesoorten.nl | http://www.fao.org/fishery/introsp/search/en | https://doi.org/10.1111/j.1365-2427.2010.02396.x
146042371,Asia,native range,en,http://www.issg.org/database | https://secure.fera.defra.gov.uk/nonnativespecies/home/index.cfm | http://www.nobanis.org | http://www.nederlandsesoorten.nl | https://doi.org/10.1111/j.1523-1739.2009.01249.x | http://www.fao.org/fishery/introsp/search/en | http://www.repository.naturalis.nl/document/41874 | https://doi.org/10.3391/ai.2013.8.1.02 | https://doi.org/10.1111/j.1365-2427.2010.02396.x | https://doi.org/10.3391/ai.2006.1.2.3
146042371,Northern America (WGSRPD:7),native range,en,http://www.issg.org/database | https://secure.fera.defra.gov.uk/nonnativespecies/home/index.cfm | http://www.nobanis.org | http://www.nederlandsesoorten.nl | https://doi.org/10.1111/j.1523-1739.2009.01249.x | http://www.fao.org/fishery/introsp/search/en | http://www.repository.naturalis.nl/document/41874 | https://doi.org/10.3391/ai.2013.8.1.02 | https://doi.org/10.1111/j.1365-2427.2010.02396.x | https://doi.org/10.3391/ai.2006.1.2.3
146042371,cbd_2014_pathway:release,pathway,en,http://www.issg.org/database | https://secure.fera.defra.gov.uk/nonnativespecies/home/index.cfm | http://www.nobanis.org | http://www.nederlandsesoorten.nl | https://doi.org/10.1111/j.1523-1739.2009.01249.x | http://www.fao.org/fishery/introsp/search/en | http://www.repository.naturalis.nl/document/41874 | https://doi.org/10.3391/ai.2013.8.1.02 | https://doi.org/10.1111/j.1365-2427.2010.02396.x | https://doi.org/10.3391/ai.2006.1.2.3
146042372,Arctic,native range,en,http://www.nederlandsesoorten.nl | http://www.fao.org/fishery/introsp/search/en | http://en.wikipedia.org/wiki/Main_Page
146042372,Europe (WGSRPD:1),native range,en,http://www.nederlandsesoorten.nl | http://www.fao.org/fishery/introsp/search/en | http://en.wikipedia.org/wiki/Main_Page
146042372,cbd_2014_pathway:escape,pathway,en,http://www.nederlandsesoorten.nl | http://www.fao.org/fishery/introsp/search/en | http://en.wikipedia.org/wiki/Main_Page
146042372,cbd_2014_pathway:release,pathway,en,http://www.nederlandsesoorten.nl | http://www.fao.org/fishery/introsp/search/en | http://en.wikipedia.org/wiki/Main_Page
146042373,Asia,native range,en,http://www.europe-aliens.org | http://www.issg.org/database | https://secure.fera.defra.gov.uk/nonnativespecies/home/index.cfm | https://doi.org/10.1111/j.1523-1739.2009.01249.x | http://www.fao.org/fishery/introsp/search/en | https://doi.org/10.1111/j.1365-2427.2010.02396.x
146042373,Europe (WGSRPD:1),native range,en,http://www.europe-aliens.org | http://www.issg.org/database | https://secure.fera.defra.gov.uk/nonnativespecies/home/index.cfm | https://doi.org/10.1111/j.1523-1739.2009.01249.x | http://www.fao.org/fishery/introsp/search/en | https://doi.org/10.1111/j.1365-2427.2010.02396.x
146042373,cbd_2014_pathway:escape,pathway,en,http://www.europe-aliens.org | http://www.issg.org/database | https://secure.fera.defra.gov.uk/nonnativespecies/home/index.cfm | https://doi.org/10.1111/j.1523-1739.2009.01249.x | http://www.fao.org/fishery/introsp/search/en | https://doi.org/10.1111/j.1365-2427.2010.02396.x
146042373,cbd_2014_pathway:release,pathway,en,http://www.europe-aliens.org | http://www.issg.org/database | https://secure.fera.defra.gov.uk/nonnativespecies/home/index.cfm | https://doi.org/10.1111/j.1523-1739.2009.01249.x | http://www.fao.org/fishery/introsp/search/en | https://doi.org/10.1111/j.1365-2427.2010.02396.x
146042374,Asia,native range,en,http://www.europe-aliens.org | https://secure.fera.defra.gov.uk/nonnativespecies/home/index.cfm | https://doi.org/10.1111/j.1523-1739.2009.01249.x | https://doi.org/10.1111/j.1365-2427.2010.02396.x | https://doi.org/10.3391/ai.2010.5.2.04
146042374,cbd_2014_pathway:escape,pathway,en,http://www.europe-aliens.org | https://secure.fera.defra.gov.uk/nonnativespecies/home/index.cfm | https://doi.org/10.1111/j.1523-1739.2009.01249.x | https://doi.org/10.1111/j.1365-2427.2010.02396.x | https://doi.org/10.3391/ai.2010.5.2.04
146042374,cbd_2014_pathway:release,pathway,en,http://www.europe-aliens.org | https://secure.fera.defra.gov.uk/nonnativespecies/home/index.cfm | https://doi.org/10.1111/j.1523-1739.2009.01249.x | https://doi.org/10.1111/j.1365-2427.2010.02396.x | https://doi.org/10.3391/ai.2010.5.2.04
146042375,Northern America (WGSRPD:7),native range,en,http://www.europe-aliens.org | https://secure.fera.defra.gov.uk/nonnativespecies/home/index.cfm | http://www.fao.org/fishery/introsp/search/en | https://doi.org/10.1111/j.1365-2427.2010.02396.x
146042375,cbd_2014_pathway:escape,pathway,en,http://www.europe-aliens.org | https://secure.fera.defra.gov.uk/nonnativespecies/home/index.cfm | http://www.fao.org/fishery/introsp/search/en | https://doi.org/10.1111/j.1365-2427.2010.02396.x
146042375,cbd_2014_pathway:release,pathway,en,http://www.europe-aliens.org | https://secure.fera.defra.gov.uk/nonnativespecies/home/index.cfm | http://www.fao.org/fishery/introsp/search/en | https://doi.org/10.1111/j.1365-2427.2010.02396.x
146042376,Northern America (WGSRPD:7),native range,en,https://secure.fera.defra.gov.uk/nonnativespecies/home/index.cfm | http://www.nobanis.org | http://www.nederlandsesoorten.nl | https://doi.org/10.1111/j.1523-1739.2009.01249.x | http://www.fao.org/fishery/introsp/search/en | https://doi.org/10.1111/j.1365-2427.2010.02396.x
146042376,cbd_2014_pathway:escape,pathway,en,https://secure.fera.defra.gov.uk/nonnativespecies/home/index.cfm | http://www.nobanis.org | http://www.nederlandsesoorten.nl | https://doi.org/10.1111/j.1523-1739.2009.01249.x | http://www.fao.org/fishery/introsp/search/en | https://doi.org/10.1111/j.1365-2427.2010.02396.x
146042376,cbd_2014_pathway:release,pathway,en,https://secure.fera.defra.gov.uk/nonnativespecies/home/index.cfm | http://www.nobanis.org | http://www.nederlandsesoorten.nl | https://doi.org/10.1111/j.1523-1739.2009.01249.x | http://www.fao.org/fishery/introsp/search/en | https://doi.org/10.1111/j.1365-2427.2010.02396.x
146042377,Europe (WGSRPD:1),native range,en,http://www.europe-aliens.org | https://secure.fera.defra.gov.uk/nonnativespecies/home/index.cfm | http://www.fao.org/fishery/introsp/search/en
146042377,cbd_2014_pathway:release,pathway,en,http://www.europe-aliens.org | https://secure.fera.defra.gov.uk/nonnativespecies/home/index.cfm | http://www.fao.org/fishery/introsp/search/en
146042378,Northern America (WGSRPD:7),native range,en,http://www.europe-aliens.org | https://secure.fera.defra.gov.uk/nonnativespecies/home/index.cfm | http://www.fao.org/fishery/introsp/search/en
146042378,cbd_2014_pathway:release,pathway,en,http://www.europe-aliens.org | https://secure.fera.defra.gov.uk/nonnativespecies/home/index.cfm | http://www.fao.org/fishery/introsp/search/en
146042379,Asia,native range,en,http://www.europe-aliens.org | http://www.issg.org/database | https://secure.fera.defra.gov.uk/nonnativespecies/home/index.cfm | http://www.nobanis.org | http://www.nederlandsesoorten.nl | http://www.fao.org/fishery/introsp/search/en
146042379,cbd_2014_pathway:corridor,pathway,en,http://www.europe-aliens.org | http://www.issg.org/database | https://secure.fera.defra.gov.uk/nonnativespecies/home/index.cfm | http://www.nobanis.org | http://www.nederlandsesoorten.nl | http://www.fao.org/fishery/introsp/search/en
146042379,cbd_2014_pathway:escape,pathway,en,http://www.europe-aliens.org | http://www.issg.org/database | https://secure.fera.defra.gov.uk/nonnativespecies/home/index.cfm | http://www.nobanis.org | http://www.nederlandsesoorten.nl | http://www.fao.org/fishery/introsp/search/en
146042379,cbd_2014_pathway:natural_dispersal,pathway,en,http://www.europe-aliens.org | http://www.issg.org/database | https://secure.fera.defra.gov.uk/nonnativespecies/home/index.cfm | http://www.nobanis.org | http://www.nederlandsesoorten.nl | http://www.fao.org/fishery/introsp/search/en
146042379,cbd_2014_pathway:release,pathway,en,http://www.europe-aliens.org | http://www.issg.org/database | https://secure.fera.defra.gov.uk/nonnativespecies/home/index.cfm | http://www.nobanis.org | http://www.nederlandsesoorten.nl | http://www.fao.org/fishery/introsp/search/en
146042380,Northern America (WGSRPD:7),native range,en,http://www.europe-aliens.org | http://ias.biodiversity.be | http://www.nobanis.org | http://www.nederlandsesoorten.nl | http://www.fao.org/fishery/introsp/search/en | http://en.wikipedia.org/wiki/Main_Page
146042380,cbd_2014_pathway:corridor,pathway,en,http://www.europe-aliens.org | http://ias.biodiversity.be | http://www.nobanis.org | http://www.nederlandsesoorten.nl | http://www.fao.org/fishery/introsp/search/en | http://en.wikipedia.org/wiki/Main_Page
146042380,cbd_2014_pathway:natural_dispersal,pathway,en,http://www.europe-aliens.org | http://ias.biodiversity.be | http://www.nobanis.org | http://www.nederlandsesoorten.nl | http://www.fao.org/fishery/introsp/search/en | http://en.wikipedia.org/wiki/Main_Page
146042380,cbd_2014_pathway:release,pathway,en,http://www.europe-aliens.org | http://ias.biodiversity.be | http://www.nobanis.org | http://www.nederlandsesoorten.nl | http://www.fao.org/fishery/introsp/search/en | http://en.wikipedia.org/wiki/Main_Page
146042381,Northern America (WGSRPD:7),native range,en,http://www.europe-aliens.org | https://secure.fera.defra.gov.uk/nonnativespecies/home/index.cfm | http://www.fao.org/fishery/introsp/search/en | https://doi.org/10.1111/j.1365-2427.2010.02396.x | https://doi.org/10.3391/ai.2006.1.2.3 | https://doi.org/10.3391/ai.2010.5.2.04
146042381,cbd_2014_pathway:escape,pathway,en,http://www.europe-aliens.org | https://secure.fera.defra.gov.uk/nonnativespecies/home/index.cfm | http://www.fao.org/fishery/introsp/search/en | https://doi.org/10.1111/j.1365-2427.2010.02396.x | https://doi.org/10.3391/ai.2006.1.2.3 | https://doi.org/10.3391/ai.2010.5.2.04
146042381,cbd_2014_pathway:release,pathway,en,http://www.europe-aliens.org | https://secure.fera.defra.gov.uk/nonnativespecies/home/index.cfm | http://www.fao.org/fishery/introsp/search/en | https://doi.org/10.1111/j.1365-2427.2010.02396.x | https://doi.org/10.3391/ai.2006.1.2.3 | https://doi.org/10.3391/ai.2010.5.2.04
146042382,Europe (WGSRPD:1),native range,en,http://www.europe-aliens.org | https://secure.fera.defra.gov.uk/nonnativespecies/home/index.cfm | https://doi.org/10.1111/j.1523-1739.2009.01249.x | https://doi.org/10.1111/j.1365-2427.2010.02396.x | https://doi.org/10.3391/ai.2006.1.2.3
146042382,cbd_2014_pathway:contaminant,pathway,en,http://www.europe-aliens.org | https://secure.fera.defra.gov.uk/nonnativespecies/home/index.cfm | https://doi.org/10.1111/j.1523-1739.2009.01249.x | https://doi.org/10.1111/j.1365-2427.2010.02396.x | https://doi.org/10.3391/ai.2006.1.2.3
146042382,cbd_2014_pathway:corridor,pathway,en,http://www.europe-aliens.org | https://secure.fera.defra.gov.uk/nonnativespecies/home/index.cfm | https://doi.org/10.1111/j.1523-1739.2009.01249.x | https://doi.org/10.1111/j.1365-2427.2010.02396.x | https://doi.org/10.3391/ai.2006.1.2.3
146042382,cbd_2014_pathway:natural_dispersal,pathway,en,http://www.europe-aliens.org | https://secure.fera.defra.gov.uk/nonnativespecies/home/index.cfm | https://doi.org/10.1111/j.1523-1739.2009.01249.x | https://doi.org/10.1111/j.1365-2427.2010.02396.x | https://doi.org/10.3391/ai.2006.1.2.3
146042382,cbd_2014_pathway:release,pathway,en,http://www.europe-aliens.org | https://secure.fera.defra.gov.uk/nonnativespecies/home/index.cfm | https://doi.org/10.1111/j.1523-1739.2009.01249.x | https://doi.org/10.1111/j.1365-2427.2010.02396.x | https://doi.org/10.3391/ai.2006.1.2.3
146042382,cbd_2014_pathway:stowaway,pathway,en,http://www.europe-aliens.org | https://secure.fera.defra.gov.uk/nonnativespecies/home/index.cfm | https://doi.org/10.1111/j.1523-1739.2009.01249.x | https://doi.org/10.1111/j.1365-2427.2010.02396.x | https://doi.org/10.3391/ai.2006.1.2.3
146042383,Southern America (WGSRPD:8),native range,en,https://doi.org/10.1111/j.1365-2427.2010.02396.x | https://doi.org/10.3391/ai.2010.5.2.04 | http://en.wikipedia.org/wiki/Main_Page
146042383,cbd_2014_pathway:release,pathway,en,https://doi.org/10.1111/j.1365-2427.2010.02396.x | https://doi.org/10.3391/ai.2010.5.2.04 | http://en.wikipedia.org/wiki/Main_Page
146042384,Arctic,native range,en,http://www.europe-aliens.org | http://www.fao.org/fishery/introsp/search/en | http://en.wikipedia.org/wiki/Main_Page
146042384,Europe (WGSRPD:1),native range,en,http://www.europe-aliens.org | http://www.fao.org/fishery/introsp/search/en | http://en.wikipedia.org/wiki/Main_Page
146042384,Northern America (WGSRPD:7),native range,en,http://www.europe-aliens.org | http://www.fao.org/fishery/introsp/search/en | http://en.wikipedia.org/wiki/Main_Page
146042384,cbd_2014_pathway:escape,pathway,en,http://www.europe-aliens.org | http://www.fao.org/fishery/introsp/search/en | http://en.wikipedia.org/wiki/Main_Page
146042385,Europe (WGSRPD:1),native range,en,http://www.europe-aliens.org | http://www.nobanis.org | http://www.nederlandsesoorten.nl | http://www.fao.org/fishery/introsp/search/en | http://en.wikipedia.org/wiki/Main_Page
146042385,cbd_2014_pathway:corridor,pathway,en,http://www.europe-aliens.org | http://www.nobanis.org | http://www.nederlandsesoorten.nl | http://www.fao.org/fishery/introsp/search/en | http://en.wikipedia.org/wiki/Main_Page
146042385,cbd_2014_pathway:natural_dispersal,pathway,en,http://www.europe-aliens.org | http://www.nobanis.org | http://www.nederlandsesoorten.nl | http://www.fao.org/fishery/introsp/search/en | http://en.wikipedia.org/wiki/Main_Page
146042385,cbd_2014_pathway:release,pathway,en,http://www.europe-aliens.org | http://www.nobanis.org | http://www.nederlandsesoorten.nl | http://www.fao.org/fishery/introsp/search/en | http://en.wikipedia.org/wiki/Main_Page
146042386,Northern America (WGSRPD:7),native range,en,https://doi.org/10.1111/j.1365-2427.2010.02396.x | https://doi.org/10.3391/ai.2010.5.2.04
146042386,cbd_2014_pathway:release,pathway,en,https://doi.org/10.1111/j.1365-2427.2010.02396.x | https://doi.org/10.3391/ai.2010.5.2.04
146042387,Europe (WGSRPD:1),native range,en,http://www.fao.org/fishery/introsp/search/en | http://en.wikipedia.org/wiki/Main_Page
146042387,cbd_2014_pathway:escape,pathway,en,http://www.fao.org/fishery/introsp/search/en | http://en.wikipedia.org/wiki/Main_Page
146042389,Asia,native range,en,http://www.europe-aliens.org
146042389,cbd_2014_pathway:escape,pathway,en,http://www.europe-aliens.org
146042389,cbd_2014_pathway:release,pathway,en,http://www.europe-aliens.org
146042390,Europe (WGSRPD:1),native range,en,http://www.europe-aliens.org | https://secure.fera.defra.gov.uk/nonnativespecies/home/index.cfm | www.animalbase.uni-goettingen.de
146042390,cbd_2014_pathway:contaminant,pathway,en,http://www.europe-aliens.org | https://secure.fera.defra.gov.uk/nonnativespecies/home/index.cfm | www.animalbase.uni-goettingen.de
146042390,cbd_2014_pathway:stowaway,pathway,en,http://www.europe-aliens.org | https://secure.fera.defra.gov.uk/nonnativespecies/home/index.cfm | www.animalbase.uni-goettingen.de
146042391,Europe (WGSRPD:1),native range,en,https://secure.fera.defra.gov.uk/nonnativespecies/home/index.cfm | http://www.nederlandsesoorten.nl | www.animalbase.uni-goettingen.de
146042391,cbd_2014_pathway:contaminant,pathway,en,https://secure.fera.defra.gov.uk/nonnativespecies/home/index.cfm | http://www.nederlandsesoorten.nl | www.animalbase.uni-goettingen.de
146042391,cbd_2014_pathway:stowaway,pathway,en,https://secure.fera.defra.gov.uk/nonnativespecies/home/index.cfm | http://www.nederlandsesoorten.nl | www.animalbase.uni-goettingen.de
146042392,Northern America (WGSRPD:7),native range,en,http://www.europe-aliens.org | https://secure.fera.defra.gov.uk/nonnativespecies/home/index.cfm | http://www.fao.org/fishery/introsp/search/en | https://doi.org/10.1007/978-3-540-79236-9_29 | http://www.repository.naturalis.nl/document/41874 | https://doi.org/10.3391/ai.2013.8.1.02 | https://doi.org/10.3391/ai.2007.2.3.9 | http://www.marinespecies.org/aphia.php?p=taxdetails&id=140732
146042392,cbd_2014_pathway:contaminant,pathway,en,http://www.europe-aliens.org | https://secure.fera.defra.gov.uk/nonnativespecies/home/index.cfm | http://www.fao.org/fishery/introsp/search/en | https://doi.org/10.1007/978-3-540-79236-9_29 | http://www.repository.naturalis.nl/document/41874 | https://doi.org/10.3391/ai.2013.8.1.02 | https://doi.org/10.3391/ai.2007.2.3.9 | http://www.marinespecies.org/aphia.php?p=taxdetails&id=140732
146042392,cbd_2014_pathway:corridor,pathway,en,http://www.europe-aliens.org | https://secure.fera.defra.gov.uk/nonnativespecies/home/index.cfm | http://www.fao.org/fishery/introsp/search/en | https://doi.org/10.1007/978-3-540-79236-9_29 | http://www.repository.naturalis.nl/document/41874 | https://doi.org/10.3391/ai.2013.8.1.02 | https://doi.org/10.3391/ai.2007.2.3.9 | http://www.marinespecies.org/aphia.php?p=taxdetails&id=140732
146042392,cbd_2014_pathway:natural_dispersal,pathway,en,http://www.europe-aliens.org | https://secure.fera.defra.gov.uk/nonnativespecies/home/index.cfm | http://www.fao.org/fishery/introsp/search/en | https://doi.org/10.1007/978-3-540-79236-9_29 | http://www.repository.naturalis.nl/document/41874 | https://doi.org/10.3391/ai.2013.8.1.02 | https://doi.org/10.3391/ai.2007.2.3.9 | http://www.marinespecies.org/aphia.php?p=taxdetails&id=140732
146042392,cbd_2014_pathway:stowaway,pathway,en,http://www.europe-aliens.org | https://secure.fera.defra.gov.uk/nonnativespecies/home/index.cfm | http://www.fao.org/fishery/introsp/search/en | https://doi.org/10.1007/978-3-540-79236-9_29 | http://www.repository.naturalis.nl/document/41874 | https://doi.org/10.3391/ai.2013.8.1.02 | https://doi.org/10.3391/ai.2007.2.3.9 | http://www.marinespecies.org/aphia.php?p=taxdetails&id=140732
146042393,Europe (WGSRPD:1),native range,en,https://secure.fera.defra.gov.uk/nonnativespecies/home/index.cfm | www.animalbase.uni-goettingen.de
146042394,Asia,native range,en,http://www.europe-aliens.org | http://www.issg.org/database | http://www.fao.org/fishery/introsp/search/en
146042394,cbd_2014_pathway:contaminant,pathway,en,http://www.europe-aliens.org | http://www.issg.org/database | http://www.fao.org/fishery/introsp/search/en
146042394,cbd_2014_pathway:stowaway,pathway,en,http://www.europe-aliens.org | http://www.issg.org/database | http://www.fao.org/fishery/introsp/search/en
146042395,Northern America (WGSRPD:7),native range,en,http://www.europe-aliens.org | http://www.issg.org/database | https://secure.fera.defra.gov.uk/nonnativespecies/home/index.cfm | http://www.nobanis.org | http://www.nederlandsesoorten.nl | http://www.fao.org/fishery/introsp/search/en | https://doi.org/10.1007/978-3-540-79236-9_29 | http://www.repository.naturalis.nl/document/41874 | https://doi.org/10.3391/ai.2007.2.3.9
146042395,cbd_2014_pathway:contaminant,pathway,en,http://www.europe-aliens.org | http://www.issg.org/database | https://secure.fera.defra.gov.uk/nonnativespecies/home/index.cfm | http://www.nobanis.org | http://www.nederlandsesoorten.nl | http://www.fao.org/fishery/introsp/search/en | https://doi.org/10.1007/978-3-540-79236-9_29 | http://www.repository.naturalis.nl/document/41874 | https://doi.org/10.3391/ai.2007.2.3.9
146042395,cbd_2014_pathway:corridor,pathway,en,http://www.europe-aliens.org | http://www.issg.org/database | https://secure.fera.defra.gov.uk/nonnativespecies/home/index.cfm | http://www.nobanis.org | http://www.nederlandsesoorten.nl | http://www.fao.org/fishery/introsp/search/en | https://doi.org/10.1007/978-3-540-79236-9_29 | http://www.repository.naturalis.nl/document/41874 | https://doi.org/10.3391/ai.2007.2.3.9
146042395,cbd_2014_pathway:natural_dispersal,pathway,en,http://www.europe-aliens.org | http://www.issg.org/database | https://secure.fera.defra.gov.uk/nonnativespecies/home/index.cfm | http://www.nobanis.org | http://www.nederlandsesoorten.nl | http://www.fao.org/fishery/introsp/search/en | https://doi.org/10.1007/978-3-540-79236-9_29 | http://www.repository.naturalis.nl/document/41874 | https://doi.org/10.3391/ai.2007.2.3.9
146042395,cbd_2014_pathway:release,pathway,en,http://www.europe-aliens.org | http://www.issg.org/database | https://secure.fera.defra.gov.uk/nonnativespecies/home/index.cfm | http://www.nobanis.org | http://www.nederlandsesoorten.nl | http://www.fao.org/fishery/introsp/search/en | https://doi.org/10.1007/978-3-540-79236-9_29 | http://www.repository.naturalis.nl/document/41874 | https://doi.org/10.3391/ai.2007.2.3.9
146042395,cbd_2014_pathway:stowaway,pathway,en,http://www.europe-aliens.org | http://www.issg.org/database | https://secure.fera.defra.gov.uk/nonnativespecies/home/index.cfm | http://www.nobanis.org | http://www.nederlandsesoorten.nl | http://www.fao.org/fishery/introsp/search/en | https://doi.org/10.1007/978-3-540-79236-9_29 | http://www.repository.naturalis.nl/document/41874 | https://doi.org/10.3391/ai.2007.2.3.9
146042396,Asia,native range,en,http://www.europe-aliens.org | http://www.nobanis.org | http://www.nederlandsesoorten.nl | http://www.fao.org/fishery/introsp/search/en | www.animalbase.uni-goettingen.de | http://www.repository.naturalis.nl/document/41874
146042396,cbd_2014_pathway:contaminant,pathway,en,http://www.europe-aliens.org | http://www.nobanis.org | http://www.nederlandsesoorten.nl | http://www.fao.org/fishery/introsp/search/en | www.animalbase.uni-goettingen.de | http://www.repository.naturalis.nl/document/41874
146042396,cbd_2014_pathway:stowaway,pathway,en,http://www.europe-aliens.org | http://www.nobanis.org | http://www.nederlandsesoorten.nl | http://www.fao.org/fishery/introsp/search/en | www.animalbase.uni-goettingen.de | http://www.repository.naturalis.nl/document/41874
146042397,Southern America (WGSRPD:8),native range,en,http://www.europe-aliens.org | https://doi.org/10.3391/ai.2013.8.1.02
146042397,cbd_2014_pathway:escape,pathway,en,http://www.europe-aliens.org | https://doi.org/10.3391/ai.2013.8.1.02
146042397,cbd_2014_pathway:release,pathway,en,http://www.europe-aliens.org | https://doi.org/10.3391/ai.2013.8.1.02
146042398,Europe (WGSRPD:1),native range,en,https://secure.fera.defra.gov.uk/nonnativespecies/home/index.cfm | www.animalbase.uni-goettingen.de
146042399,Northern America (WGSRPD:7),native range,en,http://www.europe-aliens.org | https://secure.fera.defra.gov.uk/nonnativespecies/home/index.cfm | http://www.nobanis.org | http://www.nederlandsesoorten.nl | https://doi.org/10.1111/j.1523-1739.2009.01249.x | www.animalbase.uni-goettingen.de
146042399,cbd_2014_pathway:contaminant,pathway,en,http://www.europe-aliens.org | https://secure.fera.defra.gov.uk/nonnativespecies/home/index.cfm | http://www.nobanis.org | http://www.nederlandsesoorten.nl | https://doi.org/10.1111/j.1523-1739.2009.01249.x | www.animalbase.uni-goettingen.de
146042399,cbd_2014_pathway:stowaway,pathway,en,http://www.europe-aliens.org | https://secure.fera.defra.gov.uk/nonnativespecies/home/index.cfm | http://www.nobanis.org | http://www.nederlandsesoorten.nl | https://doi.org/10.1111/j.1523-1739.2009.01249.x | www.animalbase.uni-goettingen.de
146042401,Asia,native range,en,http://www.europe-aliens.org | http://www.fao.org/fishery/introsp/search/en
146042401,cbd_2014_pathway:release,pathway,en,http://www.europe-aliens.org | http://www.fao.org/fishery/introsp/search/en
146042402,Europe (WGSRPD:1),native range,en,https://secure.fera.defra.gov.uk/nonnativespecies/home/index.cfm | http://www.nederlandsesoorten.nl | http://biostor.org/reference/133023
146042403,Europe (WGSRPD:1),native range,en,http://www.europe-aliens.org | www.animalbase.uni-goettingen.de
146042404,Northern America (WGSRPD:7),native range,en,http://www.issg.org/database | https://secure.fera.defra.gov.uk/nonnativespecies/home/index.cfm | http://www.nobanis.org | http://www.nederlandsesoorten.nl | https://doi.org/10.1111/j.1523-1739.2009.01249.x | http://www.fao.org/fishery/introsp/search/en | https://doi.org/10.1007/978-3-540-79236-9_29 | http://www.repository.naturalis.nl/document/41874 | https://doi.org/10.3391/ai.2013.8.1.02 | https://doi.org/10.3391/ai.2007.2.3.9
146042404,cbd_2014_pathway:contaminant,pathway,en,http://www.issg.org/database | https://secure.fera.defra.gov.uk/nonnativespecies/home/index.cfm | http://www.nobanis.org | http://www.nederlandsesoorten.nl | https://doi.org/10.1111/j.1523-1739.2009.01249.x | http://www.fao.org/fishery/introsp/search/en | https://doi.org/10.1007/978-3-540-79236-9_29 | http://www.repository.naturalis.nl/document/41874 | https://doi.org/10.3391/ai.2013.8.1.02 | https://doi.org/10.3391/ai.2007.2.3.9
146042404,cbd_2014_pathway:corridor,pathway,en,http://www.issg.org/database | https://secure.fera.defra.gov.uk/nonnativespecies/home/index.cfm | http://www.nobanis.org | http://www.nederlandsesoorten.nl | https://doi.org/10.1111/j.1523-1739.2009.01249.x | http://www.fao.org/fishery/introsp/search/en | https://doi.org/10.1007/978-3-540-79236-9_29 | http://www.repository.naturalis.nl/document/41874 | https://doi.org/10.3391/ai.2013.8.1.02 | https://doi.org/10.3391/ai.2007.2.3.9
146042404,cbd_2014_pathway:natural_dispersal,pathway,en,http://www.issg.org/database | https://secure.fera.defra.gov.uk/nonnativespecies/home/index.cfm | http://www.nobanis.org | http://www.nederlandsesoorten.nl | https://doi.org/10.1111/j.1523-1739.2009.01249.x | http://www.fao.org/fishery/introsp/search/en | https://doi.org/10.1007/978-3-540-79236-9_29 | http://www.repository.naturalis.nl/document/41874 | https://doi.org/10.3391/ai.2013.8.1.02 | https://doi.org/10.3391/ai.2007.2.3.9
146042404,cbd_2014_pathway:stowaway,pathway,en,http://www.issg.org/database | https://secure.fera.defra.gov.uk/nonnativespecies/home/index.cfm | http://www.nobanis.org | http://www.nederlandsesoorten.nl | https://doi.org/10.1111/j.1523-1739.2009.01249.x | http://www.fao.org/fishery/introsp/search/en | https://doi.org/10.1007/978-3-540-79236-9_29 | http://www.repository.naturalis.nl/document/41874 | https://doi.org/10.3391/ai.2013.8.1.02 | https://doi.org/10.3391/ai.2007.2.3.9
146042405,Northern America (WGSRPD:7),native range,en,https://secure.fera.defra.gov.uk/nonnativespecies/home/index.cfm | www.animalbase.uni-goettingen.de
146042406,Europe (WGSRPD:1),native range,en,http://www.europe-aliens.org | https://secure.fera.defra.gov.uk/nonnativespecies/home/index.cfm | www.animalbase.uni-goettingen.de
146042406,cbd_2014_pathway:release,pathway,en,http://www.europe-aliens.org | https://secure.fera.defra.gov.uk/nonnativespecies/home/index.cfm | www.animalbase.uni-goettingen.de
146042407,Africa (WGSRPD:2),native range,en,https://secure.fera.defra.gov.uk/nonnativespecies/home/index.cfm | http://www.nederlandsesoorten.nl | http://www.repository.naturalis.nl/document/41874 | https://doi.org/10.3391/ai.2013.8.1.02
146042407,Europe (WGSRPD:1),native range,en,https://secure.fera.defra.gov.uk/nonnativespecies/home/index.cfm | http://www.nederlandsesoorten.nl | http://www.repository.naturalis.nl/document/41874 | https://doi.org/10.3391/ai.2013.8.1.02
146042407,cbd_2014_pathway:contaminant,pathway,en,https://secure.fera.defra.gov.uk/nonnativespecies/home/index.cfm | http://www.nederlandsesoorten.nl | http://www.repository.naturalis.nl/document/41874 | https://doi.org/10.3391/ai.2013.8.1.02
146042407,cbd_2014_pathway:stowaway,pathway,en,https://secure.fera.defra.gov.uk/nonnativespecies/home/index.cfm | http://www.nederlandsesoorten.nl | http://www.repository.naturalis.nl/document/41874 | https://doi.org/10.3391/ai.2013.8.1.02
146042408,Europe (WGSRPD:1),native range,en,https://doi.org/10.3391/ai.2009.4.2.12
146042408,cbd_2014_pathway:escape,pathway,en,https://doi.org/10.3391/ai.2009.4.2.12
146042408,cbd_2014_pathway:release,pathway,en,https://doi.org/10.3391/ai.2009.4.2.12
146042409,Northern America (WGSRPD:7),native range,en,http://www.europe-aliens.org | http://www.issg.org/database | https://secure.fera.defra.gov.uk/nonnativespecies/home/index.cfm | http://www.nobanis.org | http://www.nederlandsesoorten.nl | http://www.fao.org/fishery/introsp/search/en | https://doi.org/10.1007/978-3-540-79236-9_29 | http://www.repository.naturalis.nl/document/41874 | https://doi.org/10.3391/ai.2013.8.1.02 | https://doi.org/10.3391/ai.2007.2.3.9
146042409,cbd_2014_pathway:contaminant,pathway,en,http://www.europe-aliens.org | http://www.issg.org/database | https://secure.fera.defra.gov.uk/nonnativespecies/home/index.cfm | http://www.nobanis.org | http://www.nederlandsesoorten.nl | http://www.fao.org/fishery/introsp/search/en | https://doi.org/10.1007/978-3-540-79236-9_29 | http://www.repository.naturalis.nl/document/41874 | https://doi.org/10.3391/ai.2013.8.1.02 | https://doi.org/10.3391/ai.2007.2.3.9
146042409,cbd_2014_pathway:corridor,pathway,en,http://www.europe-aliens.org | http://www.issg.org/database | https://secure.fera.defra.gov.uk/nonnativespecies/home/index.cfm | http://www.nobanis.org | http://www.nederlandsesoorten.nl | http://www.fao.org/fishery/introsp/search/en | https://doi.org/10.1007/978-3-540-79236-9_29 | http://www.repository.naturalis.nl/document/41874 | https://doi.org/10.3391/ai.2013.8.1.02 | https://doi.org/10.3391/ai.2007.2.3.9
146042409,cbd_2014_pathway:escape,pathway,en,http://www.europe-aliens.org | http://www.issg.org/database | https://secure.fera.defra.gov.uk/nonnativespecies/home/index.cfm | http://www.nobanis.org | http://www.nederlandsesoorten.nl | http://www.fao.org/fishery/introsp/search/en | https://doi.org/10.1007/978-3-540-79236-9_29 | http://www.repository.naturalis.nl/document/41874 | https://doi.org/10.3391/ai.2013.8.1.02 | https://doi.org/10.3391/ai.2007.2.3.9
146042409,cbd_2014_pathway:natural_dispersal,pathway,en,http://www.europe-aliens.org | http://www.issg.org/database | https://secure.fera.defra.gov.uk/nonnativespecies/home/index.cfm | http://www.nobanis.org | http://www.nederlandsesoorten.nl | http://www.fao.org/fishery/introsp/search/en | https://doi.org/10.1007/978-3-540-79236-9_29 | http://www.repository.naturalis.nl/document/41874 | https://doi.org/10.3391/ai.2013.8.1.02 | https://doi.org/10.3391/ai.2007.2.3.9
146042409,cbd_2014_pathway:stowaway,pathway,en,http://www.europe-aliens.org | http://www.issg.org/database | https://secure.fera.defra.gov.uk/nonnativespecies/home/index.cfm | http://www.nobanis.org | http://www.nederlandsesoorten.nl | http://www.fao.org/fishery/introsp/search/en | https://doi.org/10.1007/978-3-540-79236-9_29 | http://www.repository.naturalis.nl/document/41874 | https://doi.org/10.3391/ai.2013.8.1.02 | https://doi.org/10.3391/ai.2007.2.3.9
146042410,Southern America (WGSRPD:8),native range,en,https://doi.org/10.3391/ai.2013.8.1.02
146042411,Asia,native range,en,http://www.cabi.org/isc | http://www.issg.org/database | https://secure.fera.defra.gov.uk/nonnativespecies/home/index.cfm | http://www.nobanis.org | www.animalbase.uni-goettingen.de | https://doi.org/10.3391/bir.2012.1.4.05 | https://doi.org/10.3391/ai.2011.6.S1.016
146042411,Europe (WGSRPD:1),native range,en,http://www.cabi.org/isc | http://www.issg.org/database | https://secure.fera.defra.gov.uk/nonnativespecies/home/index.cfm | http://www.nobanis.org | www.animalbase.uni-goettingen.de | https://doi.org/10.3391/bir.2012.1.4.05 | https://doi.org/10.3391/ai.2011.6.S1.016
146042411,cbd_2014_pathway:contaminant,pathway,en,http://www.cabi.org/isc | http://www.issg.org/database | https://secure.fera.defra.gov.uk/nonnativespecies/home/index.cfm | http://www.nobanis.org | www.animalbase.uni-goettingen.de | https://doi.org/10.3391/bir.2012.1.4.05 | https://doi.org/10.3391/ai.2011.6.S1.016
146042411,cbd_2014_pathway:corridor,pathway,en,http://www.cabi.org/isc | http://www.issg.org/database | https://secure.fera.defra.gov.uk/nonnativespecies/home/index.cfm | http://www.nobanis.org | www.animalbase.uni-goettingen.de | https://doi.org/10.3391/bir.2012.1.4.05 | https://doi.org/10.3391/ai.2011.6.S1.016
146042411,cbd_2014_pathway:natural_dispersal,pathway,en,http://www.cabi.org/isc | http://www.issg.org/database | https://secure.fera.defra.gov.uk/nonnativespecies/home/index.cfm | http://www.nobanis.org | www.animalbase.uni-goettingen.de | https://doi.org/10.3391/bir.2012.1.4.05 | https://doi.org/10.3391/ai.2011.6.S1.016
146042411,cbd_2014_pathway:stowaway,pathway,en,http://www.cabi.org/isc | http://www.issg.org/database | https://secure.fera.defra.gov.uk/nonnativespecies/home/index.cfm | http://www.nobanis.org | www.animalbase.uni-goettingen.de | https://doi.org/10.3391/bir.2012.1.4.05 | https://doi.org/10.3391/ai.2011.6.S1.016
146042412,Asia,native range,en,https://secure.fera.defra.gov.uk/nonnativespecies/home/index.cfm | http://www.nobanis.org | http://www.fao.org/fishery/introsp/search/en | https://doi.org/10.1007/978-3-540-79236-9_29 | https://doi.org/10.3391/ai.2013.8.1.02
146042412,cbd_2014_pathway:corridor,pathway,en,https://secure.fera.defra.gov.uk/nonnativespecies/home/index.cfm | http://www.nobanis.org | http://www.fao.org/fishery/introsp/search/en | https://doi.org/10.1007/978-3-540-79236-9_29 | https://doi.org/10.3391/ai.2013.8.1.02
146042412,cbd_2014_pathway:natural_dispersal,pathway,en,https://secure.fera.defra.gov.uk/nonnativespecies/home/index.cfm | http://www.nobanis.org | http://www.fao.org/fishery/introsp/search/en | https://doi.org/10.1007/978-3-540-79236-9_29 | https://doi.org/10.3391/ai.2013.8.1.02
146042412,cbd_2014_pathway:release,pathway,en,https://secure.fera.defra.gov.uk/nonnativespecies/home/index.cfm | http://www.nobanis.org | http://www.fao.org/fishery/introsp/search/en | https://doi.org/10.1007/978-3-540-79236-9_29 | https://doi.org/10.3391/ai.2013.8.1.02
146042413,Europe (WGSRPD:1),native range,en,https://secure.fera.defra.gov.uk/nonnativespecies/home/index.cfm | www.animalbase.uni-goettingen.de
146042414,Africa (WGSRPD:2),native range,en,http://www.nobanis.org | http://www.nederlandsesoorten.nl
146042414,Asia,native range,en,http://www.nobanis.org | http://www.nederlandsesoorten.nl
146042415,Northern America (WGSRPD:7),native range,en,http://www.issg.org/database | http://www.fao.org/fishery/introsp/search/en | https://doi.org/10.3391/ai.2007.2.3.9
146042415,cbd_2014_pathway:contaminant,pathway,en,http://www.issg.org/database | http://www.fao.org/fishery/introsp/search/en | https://doi.org/10.3391/ai.2007.2.3.9
146042415,cbd_2014_pathway:stowaway,pathway,en,http://www.issg.org/database | http://www.fao.org/fishery/introsp/search/en | https://doi.org/10.3391/ai.2007.2.3.9
146042416,Northern America (WGSRPD:7),native range,en,http://www.europe-aliens.org | https://secure.fera.defra.gov.uk/nonnativespecies/home/index.cfm | http://www.nederlandsesoorten.nl | http://www.fao.org/fishery/introsp/search/en | https://doi.org/10.1007/978-3-540-79236-9_29 | http://www.repository.naturalis.nl/document/41874 | https://doi.org/10.3391/ai.2013.8.1.02
146042416,cbd_2014_pathway:contaminant,pathway,en,http://www.europe-aliens.org | https://secure.fera.defra.gov.uk/nonnativespecies/home/index.cfm | http://www.nederlandsesoorten.nl | http://www.fao.org/fishery/introsp/search/en | https://doi.org/10.1007/978-3-540-79236-9_29 | http://www.repository.naturalis.nl/document/41874 | https://doi.org/10.3391/ai.2013.8.1.02
146042416,cbd_2014_pathway:corridor,pathway,en,http://www.europe-aliens.org | https://secure.fera.defra.gov.uk/nonnativespecies/home/index.cfm | http://www.nederlandsesoorten.nl | http://www.fao.org/fishery/introsp/search/en | https://doi.org/10.1007/978-3-540-79236-9_29 | http://www.repository.naturalis.nl/document/41874 | https://doi.org/10.3391/ai.2013.8.1.02
146042416,cbd_2014_pathway:escape,pathway,en,http://www.europe-aliens.org | https://secure.fera.defra.gov.uk/nonnativespecies/home/index.cfm | http://www.nederlandsesoorten.nl | http://www.fao.org/fishery/introsp/search/en | https://doi.org/10.1007/978-3-540-79236-9_29 | http://www.repository.naturalis.nl/document/41874 | https://doi.org/10.3391/ai.2013.8.1.02
146042416,cbd_2014_pathway:natural_dispersal,pathway,en,http://www.europe-aliens.org | https://secure.fera.defra.gov.uk/nonnativespecies/home/index.cfm | http://www.nederlandsesoorten.nl | http://www.fao.org/fishery/introsp/search/en | https://doi.org/10.1007/978-3-540-79236-9_29 | http://www.repository.naturalis.nl/document/41874 | https://doi.org/10.3391/ai.2013.8.1.02
146042416,cbd_2014_pathway:release,pathway,en,http://www.europe-aliens.org | https://secure.fera.defra.gov.uk/nonnativespecies/home/index.cfm | http://www.nederlandsesoorten.nl | http://www.fao.org/fishery/introsp/search/en | https://doi.org/10.1007/978-3-540-79236-9_29 | http://www.repository.naturalis.nl/document/41874 | https://doi.org/10.3391/ai.2013.8.1.02
146042416,cbd_2014_pathway:stowaway,pathway,en,http://www.europe-aliens.org | https://secure.fera.defra.gov.uk/nonnativespecies/home/index.cfm | http://www.nederlandsesoorten.nl | http://www.fao.org/fishery/introsp/search/en | https://doi.org/10.1007/978-3-540-79236-9_29 | http://www.repository.naturalis.nl/document/41874 | https://doi.org/10.3391/ai.2013.8.1.02
146042417,Southern America (WGSRPD:8),native range,en,http://www.europe-aliens.org
146042417,cbd_2014_pathway:release,pathway,en,http://www.europe-aliens.org
146042418,Northern America (WGSRPD:7),native range,en,http://www.europe-aliens.org | https://doi.org/10.1007/978-3-540-79236-9_29 | http://www.repository.naturalis.nl/document/41874
146042418,cbd_2014_pathway:contaminant,pathway,en,http://www.europe-aliens.org | https://doi.org/10.1007/978-3-540-79236-9_29 | http://www.repository.naturalis.nl/document/41874
146042418,cbd_2014_pathway:stowaway,pathway,en,http://www.europe-aliens.org | https://doi.org/10.1007/978-3-540-79236-9_29 | http://www.repository.naturalis.nl/document/41874
146042419,Southern America (WGSRPD:8),native range,en,http://www.europe-aliens.org | https://secure.fera.defra.gov.uk/nonnativespecies/home/index.cfm | http://www.fao.org/fishery/introsp/search/en | https://doi.org/10.1007/978-3-540-79236-9_29 | https://doi.org/10.3391/ai.2013.8.1.02
146042419,cbd_2014_pathway:contaminant,pathway,en,http://www.europe-aliens.org | https://secure.fera.defra.gov.uk/nonnativespecies/home/index.cfm | http://www.fao.org/fishery/introsp/search/en | https://doi.org/10.1007/978-3-540-79236-9_29 | https://doi.org/10.3391/ai.2013.8.1.02
146042419,cbd_2014_pathway:stowaway,pathway,en,http://www.europe-aliens.org | https://secure.fera.defra.gov.uk/nonnativespecies/home/index.cfm | http://www.fao.org/fishery/introsp/search/en | https://doi.org/10.1007/978-3-540-79236-9_29 | https://doi.org/10.3391/ai.2013.8.1.02
146042420,Northern America (WGSRPD:7),native range,en,http://www.europe-aliens.org | https://secure.fera.defra.gov.uk/nonnativespecies/home/index.cfm | http://www.nederlandsesoorten.nl | https://doi.org/10.1111/j.1523-1739.2009.01249.x
146042420,cbd_2014_pathway:contaminant,pathway,en,http://www.europe-aliens.org | https://secure.fera.defra.gov.uk/nonnativespecies/home/index.cfm | http://www.nederlandsesoorten.nl | https://doi.org/10.1111/j.1523-1739.2009.01249.x
146042420,cbd_2014_pathway:stowaway,pathway,en,http://www.europe-aliens.org | https://secure.fera.defra.gov.uk/nonnativespecies/home/index.cfm | http://www.nederlandsesoorten.nl | https://doi.org/10.1111/j.1523-1739.2009.01249.x
146042421,Southern America (WGSRPD:8),native range,en,http://www.europe-aliens.org
146042421,cbd_2014_pathway:release,pathway,en,http://www.europe-aliens.org
146042422,Australia (WGSRPD:50),native range,en,http://www.europe-aliens.org | http://www.issg.org/database | https://secure.fera.defra.gov.uk/nonnativespecies/home/index.cfm | http://www.nobanis.org | http://www.nederlandsesoorten.nl | http://www.fao.org/fishery/introsp/search/en | http://www.repository.naturalis.nl/document/41874 | https://doi.org/10.3391/ai.2013.8.1.02 | https://doi.org/10.3391/ai.2007.2.3.9
146042422,cbd_2014_pathway:contaminant,pathway,en,http://www.europe-aliens.org | http://www.issg.org/database | https://secure.fera.defra.gov.uk/nonnativespecies/home/index.cfm | http://www.nobanis.org | http://www.nederlandsesoorten.nl | http://www.fao.org/fishery/introsp/search/en | http://www.repository.naturalis.nl/document/41874 | https://doi.org/10.3391/ai.2013.8.1.02 | https://doi.org/10.3391/ai.2007.2.3.9
146042422,cbd_2014_pathway:stowaway,pathway,en,http://www.europe-aliens.org | http://www.issg.org/database | https://secure.fera.defra.gov.uk/nonnativespecies/home/index.cfm | http://www.nobanis.org | http://www.nederlandsesoorten.nl | http://www.fao.org/fishery/introsp/search/en | http://www.repository.naturalis.nl/document/41874 | https://doi.org/10.3391/ai.2013.8.1.02 | https://doi.org/10.3391/ai.2007.2.3.9
146042423,Europe (WGSRPD:1),native range,en,http://www.europe-aliens.org | https://secure.fera.defra.gov.uk/nonnativespecies/home/index.cfm | www.animalbase.uni-goettingen.de
146042423,cbd_2014_pathway:contaminant,pathway,en,http://www.europe-aliens.org | https://secure.fera.defra.gov.uk/nonnativespecies/home/index.cfm | www.animalbase.uni-goettingen.de
146042423,cbd_2014_pathway:stowaway,pathway,en,http://www.europe-aliens.org | https://secure.fera.defra.gov.uk/nonnativespecies/home/index.cfm | www.animalbase.uni-goettingen.de
146042424,Europe (WGSRPD:1),native range,en,http://www.nederlandsesoorten.nl
146042425,Europe (WGSRPD:1),native range,en,https://secure.fera.defra.gov.uk/nonnativespecies/home/index.cfm | http://www.nederlandsesoorten.nl | www.animalbase.uni-goettingen.de
146042426,Europe (WGSRPD:1),native range,en,https://secure.fera.defra.gov.uk/nonnativespecies/home/index.cfm | http://www.nederlandsesoorten.nl | www.animalbase.uni-goettingen.de
146042427,Northern America (WGSRPD:7),native range,en,https://doi.org/10.3391/ai.2013.8.1.02
146042427,cbd_2014_pathway:contaminant,pathway,en,https://doi.org/10.3391/ai.2013.8.1.02
146042427,cbd_2014_pathway:stowaway,pathway,en,https://doi.org/10.3391/ai.2013.8.1.02
146042428,Northern America (WGSRPD:7),native range,en,https://doi.org/10.3391/ai.2013.8.1.02
146042428,cbd_2014_pathway:contaminant,pathway,en,https://doi.org/10.3391/ai.2013.8.1.02
146042428,cbd_2014_pathway:stowaway,pathway,en,https://doi.org/10.3391/ai.2013.8.1.02
146042429,Northern America (WGSRPD:7),native range,en,http://www.europe-aliens.org | https://secure.fera.defra.gov.uk/nonnativespecies/home/index.cfm | http://www.nobanis.org | http://www.nederlandsesoorten.nl | https://doi.org/10.1111/j.1523-1739.2009.01249.x
146042429,cbd_2014_pathway:contaminant,pathway,en,http://www.europe-aliens.org | https://secure.fera.defra.gov.uk/nonnativespecies/home/index.cfm | http://www.nobanis.org | http://www.nederlandsesoorten.nl | https://doi.org/10.1111/j.1523-1739.2009.01249.x
146042429,cbd_2014_pathway:stowaway,pathway,en,http://www.europe-aliens.org | https://secure.fera.defra.gov.uk/nonnativespecies/home/index.cfm | http://www.nobanis.org | http://www.nederlandsesoorten.nl | https://doi.org/10.1111/j.1523-1739.2009.01249.x
146042430,Southern America (WGSRPD:8),native range,en,http://www.europe-aliens.org | https://secure.fera.defra.gov.uk/nonnativespecies/home/index.cfm | http://www.fao.org/fishery/introsp/search/en | https://doi.org/10.3391/ai.2013.8.1.02
146042430,cbd_2014_pathway:escape,pathway,en,http://www.europe-aliens.org | https://secure.fera.defra.gov.uk/nonnativespecies/home/index.cfm | http://www.fao.org/fishery/introsp/search/en | https://doi.org/10.3391/ai.2013.8.1.02
146042430,cbd_2014_pathway:release,pathway,en,http://www.europe-aliens.org | https://secure.fera.defra.gov.uk/nonnativespecies/home/index.cfm | http://www.fao.org/fishery/introsp/search/en | https://doi.org/10.3391/ai.2013.8.1.02
146042431,Europe (WGSRPD:1),native range,en,https://secure.fera.defra.gov.uk/nonnativespecies/home/index.cfm | http://www.nederlandsesoorten.nl | www.animalbase.uni-goettingen.de
146042432,Europe (WGSRPD:1),native range,en,http://www.nederlandsesoorten.nl | http://www.repository.naturalis.nl/document/41874
146042432,cbd_2014_pathway:contaminant,pathway,en,http://www.nederlandsesoorten.nl | http://www.repository.naturalis.nl/document/41874
146042432,cbd_2014_pathway:stowaway,pathway,en,http://www.nederlandsesoorten.nl | http://www.repository.naturalis.nl/document/41874
146042433,Asia,native range,en,http://www.europe-aliens.org | http://www.issg.org/database | https://secure.fera.defra.gov.uk/nonnativespecies/home/index.cfm | http://www.nobanis.org | http://www.nederlandsesoorten.nl | http://www.fao.org/fishery/introsp/search/en | https://doi.org/10.1007/978-3-540-79236-9_29 | http://www.repository.naturalis.nl/document/41874 | https://doi.org/10.3391/ai.2013.8.1.02 | https://doi.org/10.3391/ai.2007.2.3.9
146042433,cbd_2014_pathway:contaminant,pathway,en,http://www.europe-aliens.org | http://www.issg.org/database | https://secure.fera.defra.gov.uk/nonnativespecies/home/index.cfm | http://www.nobanis.org | http://www.nederlandsesoorten.nl | http://www.fao.org/fishery/introsp/search/en | https://doi.org/10.1007/978-3-540-79236-9_29 | http://www.repository.naturalis.nl/document/41874 | https://doi.org/10.3391/ai.2013.8.1.02 | https://doi.org/10.3391/ai.2007.2.3.9
146042433,cbd_2014_pathway:corridor,pathway,en,http://www.europe-aliens.org | http://www.issg.org/database | https://secure.fera.defra.gov.uk/nonnativespecies/home/index.cfm | http://www.nobanis.org | http://www.nederlandsesoorten.nl | http://www.fao.org/fishery/introsp/search/en | https://doi.org/10.1007/978-3-540-79236-9_29 | http://www.repository.naturalis.nl/document/41874 | https://doi.org/10.3391/ai.2013.8.1.02 | https://doi.org/10.3391/ai.2007.2.3.9
146042433,cbd_2014_pathway:escape,pathway,en,http://www.europe-aliens.org | http://www.issg.org/database | https://secure.fera.defra.gov.uk/nonnativespecies/home/index.cfm | http://www.nobanis.org | http://www.nederlandsesoorten.nl | http://www.fao.org/fishery/introsp/search/en | https://doi.org/10.1007/978-3-540-79236-9_29 | http://www.repository.naturalis.nl/document/41874 | https://doi.org/10.3391/ai.2013.8.1.02 | https://doi.org/10.3391/ai.2007.2.3.9
146042433,cbd_2014_pathway:natural_dispersal,pathway,en,http://www.europe-aliens.org | http://www.issg.org/database | https://secure.fera.defra.gov.uk/nonnativespecies/home/index.cfm | http://www.nobanis.org | http://www.nederlandsesoorten.nl | http://www.fao.org/fishery/introsp/search/en | https://doi.org/10.1007/978-3-540-79236-9_29 | http://www.repository.naturalis.nl/document/41874 | https://doi.org/10.3391/ai.2013.8.1.02 | https://doi.org/10.3391/ai.2007.2.3.9
146042433,cbd_2014_pathway:stowaway,pathway,en,http://www.europe-aliens.org | http://www.issg.org/database | https://secure.fera.defra.gov.uk/nonnativespecies/home/index.cfm | http://www.nobanis.org | http://www.nederlandsesoorten.nl | http://www.fao.org/fishery/introsp/search/en | https://doi.org/10.1007/978-3-540-79236-9_29 | http://www.repository.naturalis.nl/document/41874 | https://doi.org/10.3391/ai.2013.8.1.02 | https://doi.org/10.3391/ai.2007.2.3.9
146042434,Europe (WGSRPD:1),native range,en,http://www.nobanis.org | http://www.nederlandsesoorten.nl | http://www.repository.naturalis.nl/document/41874
146042434,cbd_2014_pathway:contaminant,pathway,en,http://www.nobanis.org | http://www.nederlandsesoorten.nl | http://www.repository.naturalis.nl/document/41874
146042434,cbd_2014_pathway:stowaway,pathway,en,http://www.nobanis.org | http://www.nederlandsesoorten.nl | http://www.repository.naturalis.nl/document/41874
146042435,Africa (WGSRPD:2),native range,en,http://www.europe-aliens.org
146042435,Europe (WGSRPD:1),native range,en,http://www.europe-aliens.org
146042435,cbd_2014_pathway:contaminant,pathway,en,http://www.europe-aliens.org
146042435,cbd_2014_pathway:stowaway,pathway,en,http://www.europe-aliens.org
146042436,Europe (WGSRPD:1),native range,en,http://www.europe-aliens.org | http://www.nederlandsesoorten.nl
146042437,Africa (WGSRPD:2),native range,en,http://www.europe-aliens.org | https://secure.fera.defra.gov.uk/nonnativespecies/home/index.cfm | https://doi.org/10.1111/j.1523-1739.2009.01249.x | www.animalbase.uni-goettingen.de
146042437,Europe (WGSRPD:1),native range,en,http://www.europe-aliens.org | https://secure.fera.defra.gov.uk/nonnativespecies/home/index.cfm | https://doi.org/10.1111/j.1523-1739.2009.01249.x | www.animalbase.uni-goettingen.de
146042437,cbd_2014_pathway:contaminant,pathway,en,http://www.europe-aliens.org | https://secure.fera.defra.gov.uk/nonnativespecies/home/index.cfm | https://doi.org/10.1111/j.1523-1739.2009.01249.x | www.animalbase.uni-goettingen.de
146042437,cbd_2014_pathway:stowaway,pathway,en,http://www.europe-aliens.org | https://secure.fera.defra.gov.uk/nonnativespecies/home/index.cfm | https://doi.org/10.1111/j.1523-1739.2009.01249.x | www.animalbase.uni-goettingen.de
146042438,Europe (WGSRPD:1),native range,en,https://secure.fera.defra.gov.uk/nonnativespecies/home/index.cfm | http://www.nederlandsesoorten.nl | www.animalbase.uni-goettingen.de
146042439,Europe (WGSRPD:1),native range,en,http://www.europe-aliens.org | https://secure.fera.defra.gov.uk/nonnativespecies/home/index.cfm | http://www.nederlandsesoorten.nl
146042439,cbd_2014_pathway:contaminant,pathway,en,http://www.europe-aliens.org | https://secure.fera.defra.gov.uk/nonnativespecies/home/index.cfm | http://www.nederlandsesoorten.nl
146042439,cbd_2014_pathway:stowaway,pathway,en,http://www.europe-aliens.org | https://secure.fera.defra.gov.uk/nonnativespecies/home/index.cfm | http://www.nederlandsesoorten.nl
146042440,Asia,native range,en,http://www.europe-aliens.org | http://www.issg.org/database | http://www.nobanis.org | http://www.nederlandsesoorten.nl | https://doi.org/10.1111/j.1523-1739.2009.01249.x | http://www.fao.org/fishery/introsp/search/en | http://www.repository.naturalis.nl/document/41874 | https://doi.org/10.3391/ai.2013.8.1.02 | https://doi.org/10.3391/ai.2007.2.3.9
146042440,Europe (WGSRPD:1),native range,en,http://www.europe-aliens.org | http://www.issg.org/database | http://www.nobanis.org | http://www.nederlandsesoorten.nl | https://doi.org/10.1111/j.1523-1739.2009.01249.x | http://www.fao.org/fishery/introsp/search/en | http://www.repository.naturalis.nl/document/41874 | https://doi.org/10.3391/ai.2013.8.1.02 | https://doi.org/10.3391/ai.2007.2.3.9
146042440,cbd_2014_pathway:contaminant,pathway,en,http://www.europe-aliens.org | http://www.issg.org/database | http://www.nobanis.org | http://www.nederlandsesoorten.nl | https://doi.org/10.1111/j.1523-1739.2009.01249.x | http://www.fao.org/fishery/introsp/search/en | http://www.repository.naturalis.nl/document/41874 | https://doi.org/10.3391/ai.2013.8.1.02 | https://doi.org/10.3391/ai.2007.2.3.9
146042440,cbd_2014_pathway:corridor,pathway,en,http://www.europe-aliens.org | http://www.issg.org/database | http://www.nobanis.org | http://www.nederlandsesoorten.nl | https://doi.org/10.1111/j.1523-1739.2009.01249.x | http://www.fao.org/fishery/introsp/search/en | http://www.repository.naturalis.nl/document/41874 | https://doi.org/10.3391/ai.2013.8.1.02 | https://doi.org/10.3391/ai.2007.2.3.9
146042440,cbd_2014_pathway:natural_dispersal,pathway,en,http://www.europe-aliens.org | http://www.issg.org/database | http://www.nobanis.org | http://www.nederlandsesoorten.nl | https://doi.org/10.1111/j.1523-1739.2009.01249.x | http://www.fao.org/fishery/introsp/search/en | http://www.repository.naturalis.nl/document/41874 | https://doi.org/10.3391/ai.2013.8.1.02 | https://doi.org/10.3391/ai.2007.2.3.9
146042440,cbd_2014_pathway:stowaway,pathway,en,http://www.europe-aliens.org | http://www.issg.org/database | http://www.nobanis.org | http://www.nederlandsesoorten.nl | https://doi.org/10.1111/j.1523-1739.2009.01249.x | http://www.fao.org/fishery/introsp/search/en | http://www.repository.naturalis.nl/document/41874 | https://doi.org/10.3391/ai.2013.8.1.02 | https://doi.org/10.3391/ai.2007.2.3.9
146042441,Asia,native range,en,http://www.europe-aliens.org | http://www.issg.org/database | https://secure.fera.defra.gov.uk/nonnativespecies/home/index.cfm | http://www.nobanis.org | https://doi.org/10.1007/978-3-540-79236-9_29 | https://doi.org/10.3391/ai.2013.8.1.02
146042441,cbd_2014_pathway:contaminant,pathway,en,http://www.europe-aliens.org | http://www.issg.org/database | https://secure.fera.defra.gov.uk/nonnativespecies/home/index.cfm | http://www.nobanis.org | https://doi.org/10.1007/978-3-540-79236-9_29 | https://doi.org/10.3391/ai.2013.8.1.02
146042441,cbd_2014_pathway:corridor,pathway,en,http://www.europe-aliens.org | http://www.issg.org/database | https://secure.fera.defra.gov.uk/nonnativespecies/home/index.cfm | http://www.nobanis.org | https://doi.org/10.1007/978-3-540-79236-9_29 | https://doi.org/10.3391/ai.2013.8.1.02
146042441,cbd_2014_pathway:escape,pathway,en,http://www.europe-aliens.org | http://www.issg.org/database | https://secure.fera.defra.gov.uk/nonnativespecies/home/index.cfm | http://www.nobanis.org | https://doi.org/10.1007/978-3-540-79236-9_29 | https://doi.org/10.3391/ai.2013.8.1.02
146042441,cbd_2014_pathway:natural_dispersal,pathway,en,http://www.europe-aliens.org | http://www.issg.org/database | https://secure.fera.defra.gov.uk/nonnativespecies/home/index.cfm | http://www.nobanis.org | https://doi.org/10.1007/978-3-540-79236-9_29 | https://doi.org/10.3391/ai.2013.8.1.02
146042441,cbd_2014_pathway:release,pathway,en,http://www.europe-aliens.org | http://www.issg.org/database | https://secure.fera.defra.gov.uk/nonnativespecies/home/index.cfm | http://www.nobanis.org | https://doi.org/10.1007/978-3-540-79236-9_29 | https://doi.org/10.3391/ai.2013.8.1.02
146042441,cbd_2014_pathway:stowaway,pathway,en,http://www.europe-aliens.org | http://www.issg.org/database | https://secure.fera.defra.gov.uk/nonnativespecies/home/index.cfm | http://www.nobanis.org | https://doi.org/10.1007/978-3-540-79236-9_29 | https://doi.org/10.3391/ai.2013.8.1.02
146042442,Asia,native range,en,http://www.europe-aliens.org
146042442,cbd_2014_pathway:release,pathway,en,http://www.europe-aliens.org
146042443,Southern America (WGSRPD:8),native range,en,http://www.europe-aliens.org | https://secure.fera.defra.gov.uk/nonnativespecies/home/index.cfm
146042443,cbd_2014_pathway:contaminant,pathway,en,http://www.europe-aliens.org | https://secure.fera.defra.gov.uk/nonnativespecies/home/index.cfm
146042443,cbd_2014_pathway:stowaway,pathway,en,http://www.europe-aliens.org | https://secure.fera.defra.gov.uk/nonnativespecies/home/index.cfm
146042444,Asia,native range,en,http://www.europe-aliens.org
146042444,cbd_2014_pathway:contaminant,pathway,en,http://www.europe-aliens.org
146042444,cbd_2014_pathway:corridor,pathway,en,http://www.europe-aliens.org
146042444,cbd_2014_pathway:natural_dispersal,pathway,en,http://www.europe-aliens.org
146042444,cbd_2014_pathway:stowaway,pathway,en,http://www.europe-aliens.org
146042445,Northern America (WGSRPD:7),native range,en,www.animalbase.uni-goettingen.de
146042446,Asia,native range,en,http://www.europe-aliens.org
146042446,cbd_2014_pathway:escape,pathway,en,http://www.europe-aliens.org
146042446,cbd_2014_pathway:release,pathway,en,http://www.europe-aliens.org
146042447,Northern America (WGSRPD:7),native range,en,https://secure.fera.defra.gov.uk/nonnativespecies/home/index.cfm | https://doi.org/10.1111/j.1523-1739.2009.01249.x
146042447,cbd_2014_pathway:contaminant,pathway,en,https://secure.fera.defra.gov.uk/nonnativespecies/home/index.cfm | https://doi.org/10.1111/j.1523-1739.2009.01249.x
146042447,cbd_2014_pathway:stowaway,pathway,en,https://secure.fera.defra.gov.uk/nonnativespecies/home/index.cfm | https://doi.org/10.1111/j.1523-1739.2009.01249.x
146042448,Europe (WGSRPD:1),native range,en,http://www.nobanis.org | http://www.nederlandsesoorten.nl | http://www.repository.naturalis.nl/document/41874
146042448,cbd_2014_pathway:contaminant,pathway,en,http://www.nobanis.org | http://www.nederlandsesoorten.nl | http://www.repository.naturalis.nl/document/41874
146042448,cbd_2014_pathway:stowaway,pathway,en,http://www.nobanis.org | http://www.nederlandsesoorten.nl | http://www.repository.naturalis.nl/document/41874
146042449,Europe (WGSRPD:1),native range,en,www.animalbase.uni-goettingen.de
146042449,cbd_2014_pathway:release,pathway,en,www.animalbase.uni-goettingen.de
146042450,Asia,native range,en,https://secure.fera.defra.gov.uk/nonnativespecies/home/index.cfm
146042450,Europe (WGSRPD:1),native range,en,https://secure.fera.defra.gov.uk/nonnativespecies/home/index.cfm
146042451,Europe (WGSRPD:1),native range,en,http://www.nobanis.org | http://www.nederlandsesoorten.nl | http://www.repository.naturalis.nl/document/41874 | https://doi.org/10.3391/ai.2007.2.3.9
146042451,Northern America (WGSRPD:7),native range,en,http://www.nobanis.org | http://www.nederlandsesoorten.nl | http://www.repository.naturalis.nl/document/41874 | https://doi.org/10.3391/ai.2007.2.3.9
146042451,cbd_2014_pathway:contaminant,pathway,en,http://www.nobanis.org | http://www.nederlandsesoorten.nl | http://www.repository.naturalis.nl/document/41874 | https://doi.org/10.3391/ai.2007.2.3.9
146042451,cbd_2014_pathway:stowaway,pathway,en,http://www.nobanis.org | http://www.nederlandsesoorten.nl | http://www.repository.naturalis.nl/document/41874 | https://doi.org/10.3391/ai.2007.2.3.9
146042452,Africa (WGSRPD:2),native range,en,http://www.fao.org/fishery/introsp/search/en | https://doi.org/10.3391/ai.2013.8.1.02
146042452,Asia,native range,en,http://www.fao.org/fishery/introsp/search/en | https://doi.org/10.3391/ai.2013.8.1.02
146042452,Northern America (WGSRPD:7),native range,en,http://www.fao.org/fishery/introsp/search/en | https://doi.org/10.3391/ai.2013.8.1.02
146042452,cbd_2014_pathway:contaminant,pathway,en,http://www.fao.org/fishery/introsp/search/en | https://doi.org/10.3391/ai.2013.8.1.02
146042452,cbd_2014_pathway:corridor,pathway,en,http://www.fao.org/fishery/introsp/search/en | https://doi.org/10.3391/ai.2013.8.1.02
146042452,cbd_2014_pathway:natural_dispersal,pathway,en,http://www.fao.org/fishery/introsp/search/en | https://doi.org/10.3391/ai.2013.8.1.02
146042452,cbd_2014_pathway:stowaway,pathway,en,http://www.fao.org/fishery/introsp/search/en | https://doi.org/10.3391/ai.2013.8.1.02
146042453,Asia,native range,en,http://www.europe-aliens.org | http://www.fao.org/fishery/introsp/search/en | www.animalbase.uni-goettingen.de
146042453,cbd_2014_pathway:contaminant,pathway,en,http://www.europe-aliens.org | http://www.fao.org/fishery/introsp/search/en | www.animalbase.uni-goettingen.de
146042453,cbd_2014_pathway:stowaway,pathway,en,http://www.europe-aliens.org | http://www.fao.org/fishery/introsp/search/en | www.animalbase.uni-goettingen.de
146042454,Europe (WGSRPD:1),native range,en,http://www.nederlandsesoorten.nl | http://www.repository.naturalis.nl/document/41874
146042454,cbd_2014_pathway:contaminant,pathway,en,http://www.nederlandsesoorten.nl | http://www.repository.naturalis.nl/document/41874
146042454,cbd_2014_pathway:stowaway,pathway,en,http://www.nederlandsesoorten.nl | http://www.repository.naturalis.nl/document/41874
146042455,Europe (WGSRPD:1),native range,en,https://secure.fera.defra.gov.uk/nonnativespecies/home/index.cfm | www.animalbase.uni-goettingen.de
146042456,Australia (WGSRPD:50),native range,en,http://www.europe-aliens.org
146042456,cbd_2014_pathway:release,pathway,en,http://www.europe-aliens.org
146042457,Europe (WGSRPD:1),native range,en,https://secure.fera.defra.gov.uk/nonnativespecies/home/index.cfm | www.animalbase.uni-goettingen.de
146042458,Asia,native range,en,http://www.nobanis.org | http://www.nederlandsesoorten.nl | www.animalbase.uni-goettingen.de
146042458,cbd_2014_pathway:contaminant,pathway,en,http://www.nobanis.org | http://www.nederlandsesoorten.nl | www.animalbase.uni-goettingen.de
146042458,cbd_2014_pathway:stowaway,pathway,en,http://www.nobanis.org | http://www.nederlandsesoorten.nl | www.animalbase.uni-goettingen.de
146042459,Asia,native range,en,http://www.europe-aliens.org
146042459,cbd_2014_pathway:release,pathway,en,http://www.europe-aliens.org
146042460,Europe (WGSRPD:1),native range,en,http://www.nederlandsesoorten.nl
146042461,Northern America (WGSRPD:7),native range,en,https://doi.org/10.3391/ai.2013.8.1.02
146042461,cbd_2014_pathway:contaminant,pathway,en,https://doi.org/10.3391/ai.2013.8.1.02
146042461,cbd_2014_pathway:stowaway,pathway,en,https://doi.org/10.3391/ai.2013.8.1.02
146042462,Europe (WGSRPD:1),native range,en,http://www.europe-aliens.org | www.animalbase.uni-goettingen.de
146042462,cbd_2014_pathway:contaminant,pathway,en,http://www.europe-aliens.org | www.animalbase.uni-goettingen.de
146042462,cbd_2014_pathway:stowaway,pathway,en,http://www.europe-aliens.org | www.animalbase.uni-goettingen.de
146042463,Northern America (WGSRPD:7),native range,en,https://doi.org/10.3391/ai.2013.8.1.02
146042463,cbd_2014_pathway:contaminant,pathway,en,https://doi.org/10.3391/ai.2013.8.1.02
146042463,cbd_2014_pathway:stowaway,pathway,en,https://doi.org/10.3391/ai.2013.8.1.02
146042464,Europe (WGSRPD:1),native range,en,http://www.fao.org/fishery/introsp/search/en
146042464,cbd_2014_pathway:release,pathway,en,http://www.fao.org/fishery/introsp/search/en
146042465,Australia (WGSRPD:50),native range,en,http://www.europe-aliens.org | https://secure.fera.defra.gov.uk/nonnativespecies/home/index.cfm | http://www.fao.org/fishery/introsp/search/en
146042465,cbd_2014_pathway:escape,pathway,en,http://www.europe-aliens.org | https://secure.fera.defra.gov.uk/nonnativespecies/home/index.cfm | http://www.fao.org/fishery/introsp/search/en
146042466,Southern America (WGSRPD:8),native range,en,http://www.europe-aliens.org
146042467,Northern America (WGSRPD:7),native range,en,https://secure.fera.defra.gov.uk/nonnativespecies/home/index.cfm | https://doi.org/10.1111/j.1523-1739.2009.01249.x | www.animalbase.uni-goettingen.de
146042467,cbd_2014_pathway:contaminant,pathway,en,https://secure.fera.defra.gov.uk/nonnativespecies/home/index.cfm | https://doi.org/10.1111/j.1523-1739.2009.01249.x | www.animalbase.uni-goettingen.de
146042467,cbd_2014_pathway:escape,pathway,en,https://secure.fera.defra.gov.uk/nonnativespecies/home/index.cfm | https://doi.org/10.1111/j.1523-1739.2009.01249.x | www.animalbase.uni-goettingen.de
146042467,cbd_2014_pathway:stowaway,pathway,en,https://secure.fera.defra.gov.uk/nonnativespecies/home/index.cfm | https://doi.org/10.1111/j.1523-1739.2009.01249.x | www.animalbase.uni-goettingen.de
146042468,Northern America (WGSRPD:7),native range,en,http://www.europe-aliens.org | https://secure.fera.defra.gov.uk/nonnativespecies/home/index.cfm | http://www.nederlandsesoorten.nl | http://www.fao.org/fishery/introsp/search/en | https://doi.org/10.1007/978-3-540-79236-9_29 | http://www.repository.naturalis.nl/document/41874 | https://doi.org/10.3391/ai.2013.8.1.02
146042468,Southern America (WGSRPD:8),native range,en,http://www.europe-aliens.org | https://secure.fera.defra.gov.uk/nonnativespecies/home/index.cfm | http://www.nederlandsesoorten.nl | http://www.fao.org/fishery/introsp/search/en | https://doi.org/10.1007/978-3-540-79236-9_29 | http://www.repository.naturalis.nl/document/41874 | https://doi.org/10.3391/ai.2013.8.1.02
146042468,cbd_2014_pathway:escape,pathway,en,http://www.europe-aliens.org | https://secure.fera.defra.gov.uk/nonnativespecies/home/index.cfm | http://www.nederlandsesoorten.nl | http://www.fao.org/fishery/introsp/search/en | https://doi.org/10.1007/978-3-540-79236-9_29 | http://www.repository.naturalis.nl/document/41874 | https://doi.org/10.3391/ai.2013.8.1.02
146042468,cbd_2014_pathway:release,pathway,en,http://www.europe-aliens.org | https://secure.fera.defra.gov.uk/nonnativespecies/home/index.cfm | http://www.nederlandsesoorten.nl | http://www.fao.org/fishery/introsp/search/en | https://doi.org/10.1007/978-3-540-79236-9_29 | http://www.repository.naturalis.nl/document/41874 | https://doi.org/10.3391/ai.2013.8.1.02
146042469,Australia (WGSRPD:50),native range,en,https://secure.fera.defra.gov.uk/nonnativespecies/home/index.cfm | http://www.nederlandsesoorten.nl | www.animalbase.uni-goettingen.de
146042470,Asia,native range,en,http://www.europe-aliens.org | http://www.issg.org/database | https://secure.fera.defra.gov.uk/nonnativespecies/home/index.cfm | http://www.nederlandsesoorten.nl | https://doi.org/10.1111/j.1523-1739.2009.01249.x | http://www.fao.org/fishery/introsp/search/en | www.animalbase.uni-goettingen.de | http://www.repository.naturalis.nl/document/41874 | https://doi.org/10.3391/ai.2013.8.1.02
146042470,cbd_2014_pathway:contaminant,pathway,en,http://www.europe-aliens.org | http://www.issg.org/database | https://secure.fera.defra.gov.uk/nonnativespecies/home/index.cfm | http://www.nederlandsesoorten.nl | https://doi.org/10.1111/j.1523-1739.2009.01249.x | http://www.fao.org/fishery/introsp/search/en | www.animalbase.uni-goettingen.de | http://www.repository.naturalis.nl/document/41874 | https://doi.org/10.3391/ai.2013.8.1.02
146042470,cbd_2014_pathway:stowaway,pathway,en,http://www.europe-aliens.org | http://www.issg.org/database | https://secure.fera.defra.gov.uk/nonnativespecies/home/index.cfm | http://www.nederlandsesoorten.nl | https://doi.org/10.1111/j.1523-1739.2009.01249.x | http://www.fao.org/fishery/introsp/search/en | www.animalbase.uni-goettingen.de | http://www.repository.naturalis.nl/document/41874 | https://doi.org/10.3391/ai.2013.8.1.02
146042471,Asia,native range,en,http://www.europe-aliens.org | https://secure.fera.defra.gov.uk/nonnativespecies/home/index.cfm | http://www.nobanis.org | http://www.nederlandsesoorten.nl | http://www.fao.org/fishery/introsp/search/en | https://doi.org/10.1007/978-3-540-79236-9_29 | http://www.repository.naturalis.nl/document/41874 | https://doi.org/10.3391/ai.2013.8.1.02 | https://doi.org/10.3391/ai.2007.2.3.9
146042471,Northern America (WGSRPD:7),native range,en,http://www.europe-aliens.org | https://secure.fera.defra.gov.uk/nonnativespecies/home/index.cfm | http://www.nobanis.org | http://www.nederlandsesoorten.nl | http://www.fao.org/fishery/introsp/search/en | https://doi.org/10.1007/978-3-540-79236-9_29 | http://www.repository.naturalis.nl/document/41874 | https://doi.org/10.3391/ai.2013.8.1.02 | https://doi.org/10.3391/ai.2007.2.3.9
146042471,cbd_2014_pathway:contaminant,pathway,en,http://www.europe-aliens.org | https://secure.fera.defra.gov.uk/nonnativespecies/home/index.cfm | http://www.nobanis.org | http://www.nederlandsesoorten.nl | http://www.fao.org/fishery/introsp/search/en | https://doi.org/10.1007/978-3-540-79236-9_29 | http://www.repository.naturalis.nl/document/41874 | https://doi.org/10.3391/ai.2013.8.1.02 | https://doi.org/10.3391/ai.2007.2.3.9
146042471,cbd_2014_pathway:corridor,pathway,en,http://www.europe-aliens.org | https://secure.fera.defra.gov.uk/nonnativespecies/home/index.cfm | http://www.nobanis.org | http://www.nederlandsesoorten.nl | http://www.fao.org/fishery/introsp/search/en | https://doi.org/10.1007/978-3-540-79236-9_29 | http://www.repository.naturalis.nl/document/41874 | https://doi.org/10.3391/ai.2013.8.1.02 | https://doi.org/10.3391/ai.2007.2.3.9
146042471,cbd_2014_pathway:escape,pathway,en,http://www.europe-aliens.org | https://secure.fera.defra.gov.uk/nonnativespecies/home/index.cfm | http://www.nobanis.org | http://www.nederlandsesoorten.nl | http://www.fao.org/fishery/introsp/search/en | https://doi.org/10.1007/978-3-540-79236-9_29 | http://www.repository.naturalis.nl/document/41874 | https://doi.org/10.3391/ai.2013.8.1.02 | https://doi.org/10.3391/ai.2007.2.3.9
146042471,cbd_2014_pathway:natural_dispersal,pathway,en,http://www.europe-aliens.org | https://secure.fera.defra.gov.uk/nonnativespecies/home/index.cfm | http://www.nobanis.org | http://www.nederlandsesoorten.nl | http://www.fao.org/fishery/introsp/search/en | https://doi.org/10.1007/978-3-540-79236-9_29 | http://www.repository.naturalis.nl/document/41874 | https://doi.org/10.3391/ai.2013.8.1.02 | https://doi.org/10.3391/ai.2007.2.3.9
146042471,cbd_2014_pathway:release,pathway,en,http://www.europe-aliens.org | https://secure.fera.defra.gov.uk/nonnativespecies/home/index.cfm | http://www.nobanis.org | http://www.nederlandsesoorten.nl | http://www.fao.org/fishery/introsp/search/en | https://doi.org/10.1007/978-3-540-79236-9_29 | http://www.repository.naturalis.nl/document/41874 | https://doi.org/10.3391/ai.2013.8.1.02 | https://doi.org/10.3391/ai.2007.2.3.9
146042471,cbd_2014_pathway:stowaway,pathway,en,http://www.europe-aliens.org | https://secure.fera.defra.gov.uk/nonnativespecies/home/index.cfm | http://www.nobanis.org | http://www.nederlandsesoorten.nl | http://www.fao.org/fishery/introsp/search/en | https://doi.org/10.1007/978-3-540-79236-9_29 | http://www.repository.naturalis.nl/document/41874 | https://doi.org/10.3391/ai.2013.8.1.02 | https://doi.org/10.3391/ai.2007.2.3.9
146042472,Asia,native range,en,https://secure.fera.defra.gov.uk/nonnativespecies/home/index.cfm | www.animalbase.uni-goettingen.de
146042472,Europe (WGSRPD:1),native range,en,https://secure.fera.defra.gov.uk/nonnativespecies/home/index.cfm | www.animalbase.uni-goettingen.de
146042472,cbd_2014_pathway:contaminant,pathway,en,https://secure.fera.defra.gov.uk/nonnativespecies/home/index.cfm | www.animalbase.uni-goettingen.de
146042472,cbd_2014_pathway:stowaway,pathway,en,https://secure.fera.defra.gov.uk/nonnativespecies/home/index.cfm | www.animalbase.uni-goettingen.de
146042473,Europe (WGSRPD:1),native range,en,http://www.europe-aliens.org
146042473,cbd_2014_pathway:release,pathway,en,http://www.europe-aliens.org
146042475,Asia,native range,en,http://www.europe-aliens.org | http://www.nobanis.org | http://www.nederlandsesoorten.nl | https://doi.org/10.3391/ai.2012.7.2.004
146042475,cbd_2014_pathway:contaminant,pathway,en,http://www.europe-aliens.org | http://www.nobanis.org | http://www.nederlandsesoorten.nl | https://doi.org/10.3391/ai.2012.7.2.004
146042475,cbd_2014_pathway:release,pathway,en,http://www.europe-aliens.org | http://www.nobanis.org | http://www.nederlandsesoorten.nl | https://doi.org/10.3391/ai.2012.7.2.004
146042475,cbd_2014_pathway:stowaway,pathway,en,http://www.europe-aliens.org | http://www.nobanis.org | http://www.nederlandsesoorten.nl | https://doi.org/10.3391/ai.2012.7.2.004
146042476,Northern America (WGSRPD:7),native range,en,http://www.nobanis.org | http://www.nederlandsesoorten.nl
146042477,Africa (WGSRPD:2),native range,en,https://doi.org/10.1111/j.1365-294X.2006.02881.x
146042477,Europe (WGSRPD:1),native range,en,https://doi.org/10.1111/j.1365-294X.2006.02881.x
146042477,cbd_2014_pathway:contaminant,pathway,en,https://doi.org/10.1111/j.1365-294X.2006.02881.x
146042477,cbd_2014_pathway:stowaway,pathway,en,https://doi.org/10.1111/j.1365-294X.2006.02881.x
146042478,Europe (WGSRPD:1),native range,en,https://secure.fera.defra.gov.uk/nonnativespecies/home/index.cfm | www.animalbase.uni-goettingen.de
146042479,Asia,native range,en,http://www.europe-aliens.org | https://secure.fera.defra.gov.uk/nonnativespecies/home/index.cfm | http://www.nobanis.org | http://www.nederlandsesoorten.nl | https://doi.org/10.1007/978-3-540-79236-9_29 | http://www.repository.naturalis.nl/document/41874 | https://doi.org/10.3391/ai.2007.2.3.9
146042479,cbd_2014_pathway:contaminant,pathway,en,http://www.europe-aliens.org | https://secure.fera.defra.gov.uk/nonnativespecies/home/index.cfm | http://www.nobanis.org | http://www.nederlandsesoorten.nl | https://doi.org/10.1007/978-3-540-79236-9_29 | http://www.repository.naturalis.nl/document/41874 | https://doi.org/10.3391/ai.2007.2.3.9
146042479,cbd_2014_pathway:corridor,pathway,en,http://www.europe-aliens.org | https://secure.fera.defra.gov.uk/nonnativespecies/home/index.cfm | http://www.nobanis.org | http://www.nederlandsesoorten.nl | https://doi.org/10.1007/978-3-540-79236-9_29 | http://www.repository.naturalis.nl/document/41874 | https://doi.org/10.3391/ai.2007.2.3.9
146042479,cbd_2014_pathway:natural_dispersal,pathway,en,http://www.europe-aliens.org | https://secure.fera.defra.gov.uk/nonnativespecies/home/index.cfm | http://www.nobanis.org | http://www.nederlandsesoorten.nl | https://doi.org/10.1007/978-3-540-79236-9_29 | http://www.repository.naturalis.nl/document/41874 | https://doi.org/10.3391/ai.2007.2.3.9
146042479,cbd_2014_pathway:stowaway,pathway,en,http://www.europe-aliens.org | https://secure.fera.defra.gov.uk/nonnativespecies/home/index.cfm | http://www.nobanis.org | http://www.nederlandsesoorten.nl | https://doi.org/10.1007/978-3-540-79236-9_29 | http://www.repository.naturalis.nl/document/41874 | https://doi.org/10.3391/ai.2007.2.3.9
146042480,Europe (WGSRPD:1),native range,en,http://www.europe-aliens.org | https://secure.fera.defra.gov.uk/nonnativespecies/home/index.cfm | http://www.nobanis.org | http://www.nederlandsesoorten.nl | www.animalbase.uni-goettingen.de
146042480,cbd_2014_pathway:contaminant,pathway,en,http://www.europe-aliens.org | https://secure.fera.defra.gov.uk/nonnativespecies/home/index.cfm | http://www.nobanis.org | http://www.nederlandsesoorten.nl | www.animalbase.uni-goettingen.de
146042480,cbd_2014_pathway:corridor,pathway,en,http://www.europe-aliens.org | https://secure.fera.defra.gov.uk/nonnativespecies/home/index.cfm | http://www.nobanis.org | http://www.nederlandsesoorten.nl | www.animalbase.uni-goettingen.de
146042480,cbd_2014_pathway:natural_dispersal,pathway,en,http://www.europe-aliens.org | https://secure.fera.defra.gov.uk/nonnativespecies/home/index.cfm | http://www.nobanis.org | http://www.nederlandsesoorten.nl | www.animalbase.uni-goettingen.de
146042480,cbd_2014_pathway:stowaway,pathway,en,http://www.europe-aliens.org | https://secure.fera.defra.gov.uk/nonnativespecies/home/index.cfm | http://www.nobanis.org | http://www.nederlandsesoorten.nl | www.animalbase.uni-goettingen.de
146042481,Northern America (WGSRPD:7),native range,en,http://www.repository.naturalis.nl/document/41874
146042482,Asia,native range,en,http://www.issg.org/database | http://www.nederlandsesoorten.nl | https://doi.org/10.3391/ai.2011.6.1.12
146042482,cbd_2014_pathway:contaminant,pathway,en,http://www.issg.org/database | http://www.nederlandsesoorten.nl | https://doi.org/10.3391/ai.2011.6.1.12
146042482,cbd_2014_pathway:escape,pathway,en,http://www.issg.org/database | http://www.nederlandsesoorten.nl | https://doi.org/10.3391/ai.2011.6.1.12
146042482,cbd_2014_pathway:stowaway,pathway,en,http://www.issg.org/database | http://www.nederlandsesoorten.nl | https://doi.org/10.3391/ai.2011.6.1.12
146042483,Northern America (WGSRPD:7),native range,en,http://www.europe-aliens.org | http://www.issg.org/database | https://secure.fera.defra.gov.uk/nonnativespecies/home/index.cfm | http://www.nobanis.org | http://www.nederlandsesoorten.nl | http://www.fao.org/fishery/introsp/search/en | https://doi.org/10.1007/978-3-540-79236-9_29 | https://doi.org/10.3391/ai.2013.8.1.02
146042483,cbd_2014_pathway:contaminant,pathway,en,http://www.europe-aliens.org | http://www.issg.org/database | https://secure.fera.defra.gov.uk/nonnativespecies/home/index.cfm | http://www.nobanis.org | http://www.nederlandsesoorten.nl | http://www.fao.org/fishery/introsp/search/en | https://doi.org/10.1007/978-3-540-79236-9_29 | https://doi.org/10.3391/ai.2013.8.1.02
146042483,cbd_2014_pathway:stowaway,pathway,en,http://www.europe-aliens.org | http://www.issg.org/database | https://secure.fera.defra.gov.uk/nonnativespecies/home/index.cfm | http://www.nobanis.org | http://www.nederlandsesoorten.nl | http://www.fao.org/fishery/introsp/search/en | https://doi.org/10.1007/978-3-540-79236-9_29 | https://doi.org/10.3391/ai.2013.8.1.02
146042484,Europe (WGSRPD:1),native range,en,http://www.europe-aliens.org | https://secure.fera.defra.gov.uk/nonnativespecies/home/index.cfm | www.animalbase.uni-goettingen.de
146042484,cbd_2014_pathway:contaminant,pathway,en,http://www.europe-aliens.org | https://secure.fera.defra.gov.uk/nonnativespecies/home/index.cfm | www.animalbase.uni-goettingen.de
146042484,cbd_2014_pathway:stowaway,pathway,en,http://www.europe-aliens.org | https://secure.fera.defra.gov.uk/nonnativespecies/home/index.cfm | www.animalbase.uni-goettingen.de
181974246,Northern America (WGSRPD:7),native range,en,http://www.cabi.org/isc | http://www.europe-aliens.org | https://secure.fera.defra.gov.uk/nonnativespecies/home/index.cfm | http://ias.biodiversity.be | http://alienplantsbelgium.be/sites/alienplantsbelgium.be/files/tabel_2.pdf | http://www.nobanis.org | http://www.nederlandsesoorten.nl
181974246,cbd_2014_pathway:release,pathway,en,http://www.cabi.org/isc | http://www.europe-aliens.org | https://secure.fera.defra.gov.uk/nonnativespecies/home/index.cfm | http://ias.biodiversity.be | http://alienplantsbelgium.be/sites/alienplantsbelgium.be/files/tabel_2.pdf | http://www.nobanis.org | http://www.nederlandsesoorten.nl
181974248,Northern America (WGSRPD:7),native range,en,http://www.europe-aliens.org | http://www.nederlandsesoorten.nl | http://www.fao.org/fishery/introsp/search/en | https://doi.org/10.1007/978-3-540-79236-9_29 | https://doi.org/10.3391/ai.2007.2.3.9 | http://en.wikipedia.org/wiki/Main_Page
181974248,Southern America (WGSRPD:8),native range,en,http://www.europe-aliens.org | http://www.nederlandsesoorten.nl | http://www.fao.org/fishery/introsp/search/en | https://doi.org/10.1007/978-3-540-79236-9_29 | https://doi.org/10.3391/ai.2007.2.3.9 | http://en.wikipedia.org/wiki/Main_Page
181974248,cbd_2014_pathway:contaminant,pathway,en,http://www.europe-aliens.org | http://www.nederlandsesoorten.nl | http://www.fao.org/fishery/introsp/search/en | https://doi.org/10.1007/978-3-540-79236-9_29 | https://doi.org/10.3391/ai.2007.2.3.9 | http://en.wikipedia.org/wiki/Main_Page
181974248,cbd_2014_pathway:corridor,pathway,en,http://www.europe-aliens.org | http://www.nederlandsesoorten.nl | http://www.fao.org/fishery/introsp/search/en | https://doi.org/10.1007/978-3-540-79236-9_29 | https://doi.org/10.3391/ai.2007.2.3.9 | http://en.wikipedia.org/wiki/Main_Page
181974248,cbd_2014_pathway:natural_dispersal,pathway,en,http://www.europe-aliens.org | http://www.nederlandsesoorten.nl | http://www.fao.org/fishery/introsp/search/en | https://doi.org/10.1007/978-3-540-79236-9_29 | https://doi.org/10.3391/ai.2007.2.3.9 | http://en.wikipedia.org/wiki/Main_Page
181974248,cbd_2014_pathway:release,pathway,en,http://www.europe-aliens.org | http://www.nederlandsesoorten.nl | http://www.fao.org/fishery/introsp/search/en | https://doi.org/10.1007/978-3-540-79236-9_29 | https://doi.org/10.3391/ai.2007.2.3.9 | http://en.wikipedia.org/wiki/Main_Page
181974248,cbd_2014_pathway:stowaway,pathway,en,http://www.europe-aliens.org | http://www.nederlandsesoorten.nl | http://www.fao.org/fishery/introsp/search/en | https://doi.org/10.1007/978-3-540-79236-9_29 | https://doi.org/10.3391/ai.2007.2.3.9 | http://en.wikipedia.org/wiki/Main_Page
181974250,Europe (WGSRPD:1),native range,en,http://www.nederlandsesoorten.nl | www.animalbase.uni-goettingen.de
